policy,minutes,stage,cash,net_income_per_min,sustained_income_per_min,customers_served,upgrades,employees
greedy-cheapest,0.00,1,0.00,0.000,0.000,0,0,0
greedy-cheapest,0.50,1,0.00,0.000,0.000,0,0,0
greedy-cheapest,1.00,1,3.72,3.723,0.000,1,0,0
greedy-cheapest,1.50,1,1.62,15.615,0.000,4,2,0
greedy-cheapest,2.00,1,18.42,22.520,0.000,9,2,0
greedy-cheapest,2.50,1,22.15,18.074,0.000,10,2,0
greedy-cheapest,3.00,1,37.76,19.338,0.000,14,2,0
greedy-cheapest,3.50,1,47.20,22.591,0.000,16,2,0
greedy-cheapest,4.00,1,59.09,21.327,0.000,19,2,0
greedy-cheapest,4.50,1,65.27,14.351,0.000,21,2,0
greedy-cheapest,5.00,1,74.71,15.615,0.000,23,2,0
greedy-cheapest,5.50,1,91.04,25.773,0.000,27,2,0
greedy-cheapest,6.00,1,106.66,31.955,0.000,31,2,0
greedy-cheapest,6.50,1,114.04,22.996,0.000,32,2,0
greedy-cheapest,7.00,1,116.50,9.839,0.000,33,2,0
greedy-cheapest,7.50,1,120.22,6.181,0.000,34,2,0
greedy-cheapest,8.00,1,122.68,6.181,0.000,35,2,0
greedy-cheapest,8.50,1,122.68,2.458,0.000,35,2,0
greedy-cheapest,9.00,1,122.68,0.000,0.000,35,2,0
greedy-cheapest,9.50,1,122.68,0.000,0.000,35,2,0
greedy-cheapest,10.00,1,122.68,0.000,0.000,35,2,0
greedy-cheapest,10.50,1,122.68,0.000,0.000,35,2,0
greedy-cheapest,11.00,1,122.68,0.000,0.000,35,2,0
greedy-cheapest,11.50,1,126.40,3.723,10.928,36,2,0
greedy-cheapest,12.00,1,128.86,6.181,11.185,37,2,0
greedy-cheapest,12.50,1,145.20,18.798,11.968,41,2,0
greedy-cheapest,13.00,1,148.92,20.062,12.649,42,2,0
greedy-cheapest,13.50,1,157.09,11.892,12.494,44,2,0
greedy-cheapest,14.00,1,157.09,8.170,11.896,44,2,0
greedy-cheapest,14.50,1,162.80,5.711,11.381,45,2,0
greedy-cheapest,15.00,1,182.87,25.773,11.649,50,2,0
greedy-cheapest,15.50,1,192.77,21.797,11.616,53,2,0
greedy-cheapest,16.00,1,205.93,19.338,11.533,56,2,0
greedy-cheapest,16.50,1,210.84,14.351,11.533,58,2,0
greedy-cheapest,17.00,1,85.20,19.268,11.685,62,2,0
greedy-cheapest,17.50,2,38.44,31.875,11.940,64,4,2
greedy-cheapest,18.00,2,23.34,48.144,12.614,66,6,2
greedy-cheapest,18.50,2,39.22,42.897,13.443,68,6,2
greedy-cheapest,19.00,2,26.55,34.697,14.479,71,8,2
greedy-cheapest,19.50,2,29.56,24.284,15.233,72,8,2
greedy-cheapest,20.00,2,28.84,2.412,15.076,72,8,2
greedy-cheapest,20.50,2,28.13,-1.311,14.919,72,8,2
greedy-cheapest,21.00,2,27.41,-1.311,14.865,72,8,2
greedy-cheapest,21.50,2,26.70,-1.311,14.810,72,8,2
greedy-cheapest,22.00,2,25.98,-1.311,14.755,72,8,2
greedy-cheapest,22.50,2,25.27,-1.311,14.701,72,8,2
greedy-cheapest,23.00,2,24.55,-1.311,14.646,72,8,2
greedy-cheapest,23.50,2,23.84,-1.311,14.436,72,8,2
greedy-cheapest,24.00,2,42.83,44.403,16.029,76,9,2
greedy-cheapest,24.50,2,55.76,49.377,17.303,78,9,2
greedy-cheapest,25.00,2,53.39,39.968,18.133,82,10,2
greedy-cheapest,25.50,2,23.06,42.416,19.404,84,11,2
greedy-cheapest,26.00,2,45.35,32.077,20.400,87,11,2
greedy-cheapest,26.50,2,53.54,30.605,21.438,88,11,2
greedy-cheapest,27.00,2,42.07,53.928,22.611,92,13,2
greedy-cheapest,27.50,2,23.84,65.144,24.417,96,14,2
greedy-cheapest,28.00,2,35.51,37.564,25.176,97,14,2
greedy-cheapest,28.50,2,53.10,29.386,25.803,100,14,2
greedy-cheapest,29.00,2,22.65,55.260,27.302,104,16,2
greedy-cheapest,29.50,2,40.28,41.076,27.686,106,16,2
greedy-cheapest,30.00,2,54.94,32.408,27.030,109,16,2
greedy-cheapest,30.50,2,30.99,34.831,26.694,112,17,2
greedy-cheapest,31.00,2,65.50,54.683,27.527,115,17,2
greedy-cheapest,31.50,2,70.95,40.083,28.185,116,17,2
greedy-cheapest,32.00,2,70.24,4.855,28.287,116,17,2
greedy-cheapest,32.50,2,80.62,9.780,28.749,117,17,2
greedy-cheapest,33.00,2,79.90,9.780,29.211,117,17,2
greedy-cheapest,33.50,2,79.19,-1.311,29.211,117,17,2
greedy-cheapest,34.00,2,78.47,-1.311,29.211,117,17,2
greedy-cheapest,34.50,2,77.76,-1.311,29.211,117,17,2
greedy-cheapest,35.00,2,81.99,3.639,29.417,118,17,2
greedy-cheapest,35.50,2,91.65,14.014,30.056,119,17,2
greedy-cheapest,36.00,2,99.82,17.947,28.954,121,17,2
greedy-cheapest,36.50,2,129.22,37.687,28.467,124,17,2
greedy-cheapest,37.00,2,160.37,60.668,29.329,127,17,2
greedy-cheapest,37.50,2,193.08,55.076,29.857,130,17,2
greedy-cheapest,38.00,2,210.55,40.896,30.224,132,17,2
greedy-cheapest,38.50,2,249.83,56.863,31.318,136,17,2
greedy-cheapest,39.00,2,269.65,59.220,31.539,139,17,2
greedy-cheapest,39.50,2,281.54,28.113,29.996,142,17,2
greedy-cheapest,40.00,2,298.02,28.492,29.618,145,17,2
greedy-cheapest,40.50,2,320.72,39.295,30.030,147,17,2
greedy-cheapest,41.00,2,353.14,45.829,29.638,151,17,2
greedy-cheapest,41.50,2,370.73,50.133,30.015,154,17,2
greedy-cheapest,42.00,2,391.71,38.687,30.277,157,17,2
greedy-cheapest,42.50,2,404.81,30.475,30.095,159,17,2
greedy-cheapest,43.00,2,417.17,25.586,28.883,161,17,2
greedy-cheapest,43.50,2,416.46,-1.311,27.158,161,17,2
greedy-cheapest,44.00,2,421.46,4.400,27.139,162,17,2
greedy-cheapest,44.50,2,433.35,17.011,27.440,163,17,2
greedy-cheapest,45.00,2,442.04,20.707,27.896,164,17,2
greedy-cheapest,45.50,2,441.33,8.096,28.287,164,17,2
greedy-cheapest,46.00,2,450.51,8.590,28.700,165,17,2
greedy-cheapest,46.50,2,454.75,13.540,29.319,166,17,2
greedy-cheapest,47.00,2,454.03,3.639,29.319,166,17,2
greedy-cheapest,47.50,2,460.69,6.057,28.987,167,17,2
greedy-cheapest,48.00,2,482.19,28.280,29.418,171,17,2
greedy-cheapest,48.50,2,504.37,40.075,29.517,173,17,2
greedy-cheapest,49.00,2,529.63,38.888,28.610,177,17,2
greedy-cheapest,49.50,2,538.81,28.146,27.488,179,17,2
greedy-cheapest,50.00,2,574.30,44.782,27.650,183,17,2
greedy-cheapest,50.50,2,600.32,52.963,27.487,186,17,2
greedy-cheapest,51.00,2,624.11,49.931,27.100,189,17,2
greedy-cheapest,51.50,2,646.89,32.331,27.276,193,17,2
greedy-cheapest,52.00,2,657.83,31.380,27.396,195,17,2
greedy-cheapest,52.50,2,691.83,45.061,27.637,198,17,2
greedy-cheapest,53.00,2,727.67,69.958,28.642,202,17,2
greedy-cheapest,53.50,2,729.41,37.699,28.124,203,17,2
greedy-cheapest,54.00,2,728.69,1.148,26.560,203,17,2
greedy-cheapest,54.50,2,762.48,33.186,26.673,207,17,2
greedy-cheapest,55.00,2,772.93,23.724,26.595,209,17,2
greedy-cheapest,55.50,2,772.21,9.858,27.060,209,17,2
greedy-cheapest,56.00,2,771.50,-1.311,26.823,209,17,2
greedy-cheapest,56.50,2,776.95,4.855,26.316,210,17,2
greedy-cheapest,57.00,2,776.24,4.855,25.655,210,17,2
greedy-cheapest,57.50,2,785.42,8.590,25.676,211,17,2
greedy-cheapest,58.00,2,784.71,8.590,25.676,211,17,2
greedy-cheapest,58.50,2,783.99,-1.311,25.057,211,17,2
greedy-cheapest,59.00,2,783.28,-1.311,24.851,211,17,2
greedy-cheapest,59.50,2,801.50,17.633,25.333,212,17,2
greedy-cheapest,60.00,2,817.37,34.209,25.580,214,17,2
greedy-cheapest,60.50,2,847.11,45.721,25.816,218,17,2
greedy-cheapest,61.00,2,857.48,40.235,25.872,220,17,2
greedy-cheapest,61.50,2,877.86,30.869,25.985,223,17,2
greedy-cheapest,62.00,2,886.82,29.454,25.347,225,17,2
greedy-cheapest,62.50,2,917.89,40.151,24.813,229,17,2
greedy-cheapest,63.00,2,126.06,39.357,24.372,231,17,2
greedy-cheapest,63.50,3,43.06,13.293,23.579,232,18,4
greedy-cheapest,64.00,3,52.93,84.990,25.813,236,19,4
greedy-cheapest,64.50,3,62.66,63.313,26.573,237,19,4
greedy-cheapest,65.00,3,75.51,22.802,24.608,239,19,4
greedy-cheapest,65.50,3,106.90,38.153,24.627,241,19,4
greedy-cheapest,66.00,3,80.60,62.394,27.179,244,20,4
greedy-cheapest,66.50,3,88.75,31.220,27.097,245,20,4
greedy-cheapest,67.00,3,54.90,58.517,28.547,248,21,4
greedy-cheapest,67.50,3,73.08,51.426,30.279,249,21,4
greedy-cheapest,68.00,3,131.57,76.885,33.537,252,21,4
greedy-cheapest,68.50,3,130.27,31.963,34.667,252,21,4
greedy-cheapest,69.00,3,128.97,-2.383,34.365,252,21,4
greedy-cheapest,69.50,3,127.67,-2.383,33.908,252,21,4
greedy-cheapest,70.00,3,126.37,-2.383,33.451,252,21,4
greedy-cheapest,70.50,3,128.87,1.421,33.564,253,21,4
greedy-cheapest,71.00,3,127.57,1.421,33.678,253,21,4
greedy-cheapest,71.50,3,126.27,-2.383,32.844,253,21,4
greedy-cheapest,72.00,3,124.97,-2.383,31.320,253,21,4
greedy-cheapest,72.50,3,97.86,69.802,32.323,256,22,4
greedy-cheapest,73.00,3,123.02,81.555,34.045,258,22,4
greedy-cheapest,73.50,3,42.79,36.594,34.283,260,23,4
greedy-cheapest,74.00,3,95.56,66.953,35.846,262,23,4
greedy-cheapest,74.50,3,150.94,108.370,38.688,265,23,4
greedy-cheapest,75.00,3,80.18,50.013,39.132,267,24,4
greedy-cheapest,75.50,3,109.38,70.655,41.522,269,24,4
greedy-cheapest,76.00,3,139.65,29.188,39.197,271,24,4
greedy-cheapest,76.50,3,51.76,50.468,38.662,274,25,4
greedy-cheapest,77.00,3,91.25,55.144,40.009,276,25,4
greedy-cheapest,77.50,3,129.08,77.532,41.650,279,25,4
greedy-cheapest,78.00,3,147.20,56.172,41.391,281,25,4
greedy-cheapest,78.50,3,172.91,44.049,41.926,283,25,4
greedy-cheapest,79.00,3,56.33,63.347,42.127,285,26,4
greedy-cheapest,79.50,3,112.44,93.746,43.890,288,26,4
greedy-cheapest,80.00,3,152.50,96.389,44.703,290,26,4
greedy-cheapest,80.50,3,151.20,38.981,44.995,290,26,4
greedy-cheapest,81.00,3,177.55,25.265,46.147,291,26,4
greedy-cheapest,81.50,3,176.25,25.265,47.299,291,26,4
greedy-cheapest,82.00,3,174.95,-2.383,47.299,291,26,4
greedy-cheapest,82.50,3,173.65,-2.383,47.141,291,26,4
greedy-cheapest,83.00,3,172.35,-2.383,46.982,291,26,4
greedy-cheapest,83.50,3,185.81,12.370,47.597,292,26,4
greedy-cheapest,84.00,3,184.51,12.370,48.212,292,26,4
greedy-cheapest,84.50,3,70.52,38.931,46.925,295,27,4
greedy-cheapest,85.00,3,90.42,60.135,46.033,296,27,4
greedy-cheapest,85.50,3,144.51,52.998,46.716,299,27,4
greedy-cheapest,86.00,3,165.95,75.739,47.082,301,27,4
greedy-cheapest,86.50,3,66.36,91.075,46.362,304,28,4
greedy-cheapest,87.00,3,91.61,94.878,48.231,306,28,4
greedy-cheapest,87.50,3,126.28,60.137,47.793,308,28,4
greedy-cheapest,88.00,3,149.58,36.973,48.117,309,28,4
greedy-cheapest,88.50,3,46.73,65.069,48.726,313,29,4
greedy-cheapest,89.00,3,45.43,2.767,46.543,313,29,4
greedy-cheapest,89.50,3,104.94,58.428,45.747,317,29,4
greedy-cheapest,90.00,3,103.64,47.215,45.374,317,29,4
greedy-cheapest,90.50,3,114.71,9.981,43.954,319,29,4
greedy-cheapest,91.00,3,153.69,50.268,43.410,322,29,4
greedy-cheapest,91.50,3,193.29,74.926,42.625,324,29,4
greedy-cheapest,92.00,3,87.87,103.389,42.917,327,30,4
greedy-cheapest,92.50,3,104.63,73.897,44.372,328,30,4
greedy-cheapest,93.00,3,103.33,15.681,43.973,328,30,4
greedy-cheapest,93.50,3,102.03,-2.383,42.821,328,30,4
greedy-cheapest,94.00,3,100.73,-2.383,42.821,328,30,4
greedy-cheapest,94.50,3,99.43,-2.383,42.821,328,30,4
greedy-cheapest,95.00,3,119.34,18.830,43.704,329,30,4
greedy-cheapest,95.50,3,141.24,42.030,44.940,330,30,4
greedy-cheapest,96.00,3,151.48,32.358,45.773,331,30,4
greedy-cheapest,96.50,3,55.31,83.283,47.621,335,31,4
greedy-cheapest,97.00,3,68.77,86.506,48.720,336,31,4
greedy-cheapest,97.50,3,91.35,36.260,48.022,337,31,4
greedy-cheapest,98.00,3,161.02,92.460,48.719,341,31,4
greedy-cheapest,98.50,3,168.73,66.666,47.702,342,31,4
greedy-cheapest,99.00,3,45.87,70.066,46.668,346,32,4
greedy-cheapest,99.50,3,51.23,67.710,46.984,347,32,4
greedy-cheapest,100.00,3,93.54,47.887,47.439,350,32,4
greedy-cheapest,100.50,3,98.20,47.185,46.693,351,32,4
greedy-cheapest,101.00,3,134.97,41.647,48.313,353,32,4
greedy-cheapest,101.50,3,185.27,49.220,47.930,356,32,4
greedy-cheapest,102.00,3,40.19,90.437,49.731,358,33,4
greedy-cheapest,102.50,3,86.22,86.164,52.905,361,33,4
greedy-cheapest,103.00,3,140.51,100.540,55.000,364,33,4
greedy-cheapest,103.50,3,172.79,58.417,54.312,365,33,4
greedy-cheapest,104.00,3,199.50,59.211,52.471,367,33,4
greedy-cheapest,104.50,3,41.01,84.438,52.910,369,34,4
greedy-cheapest,105.00,3,39.71,30.505,53.528,369,34,4
greedy-cheapest,105.50,3,65.16,24.365,54.642,371,34,4
greedy-cheapest,106.00,3,63.86,24.365,55.757,371,34,4
greedy-cheapest,106.50,3,62.56,-2.383,55.757,371,34,4
greedy-cheapest,107.00,3,90.65,27.007,56.098,373,34,4
greedy-cheapest,107.50,3,89.35,17.399,55.071,373,34,4
greedy-cheapest,108.00,3,122.66,32.225,55.066,376,34,4
greedy-cheapest,108.50,3,140.81,51.675,53.749,377,34,4
greedy-cheapest,109.00,3,186.87,44.978,52.019,380,34,4
greedy-cheapest,109.50,3,245.37,104.774,54.873,383,34,4
greedy-cheapest,110.00,3,254.60,67.941,53.852,384,34,4
greedy-cheapest,110.50,3,55.71,56.556,53.430,388,35,4
greedy-cheapest,111.00,3,82.30,73.919,53.591,390,35,4
greedy-cheapest,111.50,3,128.31,72.817,53.804,393,35,4
greedy-cheapest,112.00,3,135.44,53.356,54.032,394,35,4
greedy-cheapest,112.50,3,163.12,35.026,53.525,396,35,4
greedy-cheapest,113.00,3,249.24,101.747,56.029,400,35,4
greedy-cheapest,113.50,3,281.52,77.914,57.225,401,35,4
greedy-cheapest,114.00,3,93.33,90.307,57.219,405,36,4
greedy-cheapest,114.50,3,92.03,56.725,55.993,405,36,4
greedy-cheapest,115.00,3,149.57,56.458,54.156,408,36,4
greedy-cheapest,115.50,3,186.18,83.151,55.187,410,36,4
greedy-cheapest,116.00,3,206.75,57.397,55.111,412,36,4
greedy-cheapest,116.50,3,219.54,11.706,52.080,413,36,4
greedy-cheapest,117.00,3,234.99,28.457,51.995,414,36,4
greedy-cheapest,117.50,3,245.23,25.908,52.059,415,36,4
greedy-cheapest,118.00,3,255.71,20.939,51.917,416,36,4
greedy-cheapest,118.50,3,254.41,-2.383,51.917,416,36,4
greedy-cheapest,119.00,3,253.11,-2.383,50.692,416,36,4
greedy-cheapest,119.50,3,251.81,-2.383,49.868,416,36,4
greedy-cheapest,120.00,3,288.22,35.320,49.997,418,36,4
greedy-cheapest,120.50,3,321.42,58.041,50.262,421,36,4
greedy-cheapest,121.00,3,320.12,32.121,49.726,421,36,4
greedy-cheapest,121.50,3,86.31,73.105,48.407,425,37,4
greedy-cheapest,122.00,3,85.01,62.577,48.183,425,37,4
greedy-cheapest,122.50,3,114.07,27.973,46.992,427,37,4
greedy-cheapest,123.00,3,144.29,59.493,46.391,429,37,4
greedy-cheapest,123.50,3,184.01,38.642,44.967,432,37,4
greedy-cheapest,124.00,3,240.60,67.775,45.568,435,37,4
greedy-cheapest,124.50,3,276.14,92.345,47.956,437,37,4
greedy-cheapest,125.00,3,312.64,49.728,45.789,439,37,4
greedy-cheapest,125.50,3,41.27,104.351,46.890,442,38,4
greedy-cheapest,126.00,3,82.51,80.767,46.493,444,38,4
greedy-cheapest,126.50,3,141.51,100.454,48.315,448,38,4
greedy-cheapest,127.00,3,177.02,94.726,49.909,449,38,4
greedy-cheapest,127.50,3,216.33,75.032,49.571,452,38,4
greedy-cheapest,128.00,3,244.14,67.337,49.985,454,38,4
greedy-cheapest,128.50,3,258.46,42.353,51.262,455,38,4
greedy-cheapest,129.00,3,275.64,16.097,50.747,456,38,4
greedy-cheapest,129.50,3,274.34,-2.383,49.569,456,38,4
greedy-cheapest,130.00,3,288.67,13.242,49.248,457,38,4
greedy-cheapest,130.50,3,287.37,13.242,49.899,457,38,4
greedy-cheapest,131.00,3,322.08,33.630,51.399,459,38,4
greedy-cheapest,131.50,3,320.78,33.630,52.900,459,38,4
greedy-cheapest,132.00,3,361.67,39.809,53.087,462,38,4
greedy-cheapest,132.50,3,396.90,76.339,53.849,464,38,4
greedy-cheapest,133.00,3,406.87,45.412,54.403,465,38,4
greedy-cheapest,133.50,3,86.55,48.596,53.382,469,39,4
greedy-cheapest,134.00,3,98.91,41.680,52.511,470,39,4
greedy-cheapest,134.50,3,97.61,11.282,51.816,470,39,4
greedy-cheapest,135.00,3,96.31,-2.383,49.238,470,39,4
greedy-cheapest,135.50,3,127.17,29.768,48.868,472,39,4
greedy-cheapest,136.00,3,138.41,42.312,47.807,473,39,4
greedy-cheapest,136.50,3,183.16,43.668,45.779,476,39,4
greedy-cheapest,137.00,3,230.59,92.398,47.557,478,39,4
greedy-cheapest,137.50,3,273.20,90.256,46.969,480,39,4
greedy-cheapest,138.00,3,306.84,76.462,46.790,482,39,4
greedy-cheapest,138.50,3,305.54,32.554,43.961,482,39,4
greedy-cheapest,139.00,3,385.88,79.256,43.316,486,39,4
greedy-cheapest,139.50,3,439.26,121.506,45.253,489,39,4
greedy-cheapest,140.00,3,46.15,67.495,45.259,490,40,4
greedy-cheapest,140.50,3,44.85,12.812,44.028,490,40,4
greedy-cheapest,141.00,3,43.55,-2.383,43.258,490,40,4
greedy-cheapest,141.50,3,54.98,10.342,43.788,491,40,4
greedy-cheapest,142.00,3,66.11,22.775,44.186,492,40,4
greedy-cheapest,142.50,3,98.38,43.617,45.451,493,40,4
greedy-cheapest,143.00,3,97.08,31.184,45.349,493,40,4
greedy-cheapest,143.50,3,95.78,-2.383,43.849,493,40,4
greedy-cheapest,144.00,3,108.99,12.126,42.695,494,40,4
greedy-cheapest,144.50,3,147.54,51.980,41.680,497,40,4
greedy-cheapest,145.00,3,176.55,54.228,42.048,499,40,4
greedy-cheapest,145.50,3,204.55,57.222,42.407,502,40,4
greedy-cheapest,146.00,3,224.64,48.308,42.683,504,40,4
greedy-cheapest,146.50,3,253.99,49.654,44.282,506,40,4
greedy-cheapest,147.00,3,299.50,75.072,47.509,509,40,4
greedy-cheapest,147.50,3,309.46,55.695,48.590,510,40,4
greedy-cheapest,148.00,3,352.82,53.536,49.057,513,40,4
greedy-cheapest,148.50,3,351.52,14.543,47.844,513,40,4
greedy-cheapest,149.00,3,419.22,66.614,46.770,517,40,4
greedy-cheapest,149.50,3,417.92,49.411,45.068,517,40,4
greedy-cheapest,150.00,3,468.39,49.387,43.940,521,40,4
greedy-cheapest,150.50,3,467.09,49.387,44.641,521,40,4
greedy-cheapest,151.00,3,527.44,59.269,43.808,525,40,4
greedy-cheapest,151.50,3,535.23,68.364,41.594,526,40,4
greedy-cheapest,152.00,3,579.67,52.443,40.967,530,40,4
greedy-cheapest,152.50,3,578.37,43.348,42.239,530,40,4
greedy-cheapest,153.00,3,577.07,-2.383,42.239,530,40,4
greedy-cheapest,153.50,3,575.77,-2.383,41.709,530,40,4
greedy-cheapest,154.00,3,574.47,-2.383,40.661,530,40,4
greedy-cheapest,154.50,3,573.17,-2.383,38.744,530,40,4
greedy-cheapest,155.00,3,571.87,-2.383,37.345,530,40,4
greedy-cheapest,155.50,3,54.90,23.954,38.443,532,41,4
greedy-cheapest,156.00,3,81.20,51.549,40.085,534,41,4
greedy-cheapest,156.50,3,133.92,59.734,40.408,537,41,4
greedy-cheapest,157.00,3,132.62,42.542,39.922,537,41,4
greedy-cheapest,157.50,3,192.68,58.980,39.995,541,41,4
greedy-cheapest,158.00,3,191.38,58.980,40.439,541,41,4
greedy-cheapest,158.50,3,256.48,64.011,41.038,544,41,4
greedy-cheapest,159.00,3,296.73,105.569,42.308,546,41,4
greedy-cheapest,159.50,3,305.17,28.855,41.190,547,41,4
greedy-cheapest,160.00,3,377.72,81.203,42.343,551,41,4
greedy-cheapest,160.50,3,376.42,71.467,44.715,551,41,4
greedy-cheapest,161.00,3,436.15,58.646,44.383,555,41,4
greedy-cheapest,161.50,3,464.55,88.343,46.005,556,41,4
greedy-cheapest,162.00,3,530.92,94.988,47.905,560,41,4
greedy-cheapest,162.50,3,545.37,81.044,49.224,561,41,4
greedy-cheapest,163.00,3,600.48,69.771,49.662,563,41,4
greedy-cheapest,163.50,3,671.35,92.627,50.673,567,41,4
greedy-cheapest,164.00,3,695.63,73.863,51.565,568,41,4
greedy-cheapest,164.50,3,742.69,71.556,52.740,570,41,4
greedy-cheapest,165.00,3,760.89,37.368,54.397,571,41,4
greedy-cheapest,165.50,3,759.59,-2.383,54.397,571,41,4
greedy-cheapest,166.00,3,778.63,17.958,55.244,572,41,4
greedy-cheapest,166.50,3,777.33,-2.383,55.244,572,41,4
greedy-cheapest,167.00,3,795.65,17.237,56.062,574,41,4
greedy-cheapest,167.50,3,809.30,21.714,55.968,575,41,4
greedy-cheapest,168.00,3,64.53,82.101,57.241,579,42,4
greedy-cheapest,168.50,3,73.66,60.589,57.277,580,42,4
greedy-cheapest,169.00,3,133.84,69.521,58.401,583,42,4
greedy-cheapest,169.50,3,176.35,102.902,60.231,586,42,4
greedy-cheapest,170.00,3,203.53,69.908,60.687,588,42,4
greedy-cheapest,170.50,3,261.95,85.820,61.595,591,42,4
greedy-cheapest,171.00,3,286.73,83.415,60.672,593,42,4
greedy-cheapest,171.50,3,316.54,54.802,61.753,595,42,4
greedy-cheapest,172.00,3,367.81,81.298,61.757,597,42,4
greedy-cheapest,172.50,3,402.93,86.611,62.388,599,42,4
greedy-cheapest,173.00,3,447.79,65.249,62.663,602,42,4
greedy-cheapest,173.50,3,467.51,64.795,61.682,604,42,4
greedy-cheapest,174.00,3,493.78,46.201,59.649,606,42,4
greedy-cheapest,174.50,3,537.93,70.635,59.216,608,42,4
greedy-cheapest,175.00,3,560.17,50.858,58.428,610,42,4
greedy-cheapest,175.50,3,632.77,92.467,58.421,614,42,4
greedy-cheapest,176.00,3,631.47,71.516,58.323,614,42,4
greedy-cheapest,176.50,3,664.53,31.977,56.674,617,42,4
greedy-cheapest,177.00,3,696.53,50.103,57.205,619,42,4
greedy-cheapest,177.50,3,695.23,16.097,57.975,619,42,4
greedy-cheapest,178.00,3,716.81,20.493,58.080,620,42,4
greedy-cheapest,178.50,3,715.51,20.493,59.033,620,42,4
greedy-cheapest,179.00,3,743.92,27.323,59.454,622,42,4
greedy-cheapest,179.50,3,763.18,34.527,59.988,623,42,4
greedy-cheapest,180.00,3,813.37,69.669,59.470,626,42,4
greedy-cheapest,180.50,3,848.62,85.661,60.514,628,42,4
greedy-cheapest,181.00,3,872.09,58.942,60.074,630,42,4
greedy-cheapest,181.50,3,923.34,59.900,58.282,633,42,4
greedy-cheapest,182.00,3,959.72,87.840,59.029,635,42,4
greedy-cheapest,182.50,3,992.57,69.451,58.347,637,42,4
greedy-cheapest,183.00,3,1022.83,63.326,57.510,639,42,4
greedy-cheapest,183.50,3,1057.70,65.340,57.949,641,42,4
greedy-cheapest,184.00,3,1117.02,94.411,58.495,645,42,4
greedy-cheapest,184.50,3,1144.28,66.628,57.663,646,42,4
greedy-cheapest,185.00,3,1191.27,74.471,58.047,649,42,4
greedy-cheapest,185.50,3,1225.83,81.762,58.754,651,42,4
greedy-cheapest,186.00,3,1253.50,62.439,59.430,653,42,4
greedy-cheapest,186.50,3,1299.76,74.147,59.577,655,42,4
greedy-cheapest,187.00,3,1310.94,57.663,59.860,656,42,4
greedy-cheapest,187.50,3,1359.07,59.532,58.488,658,42,4
greedy-cheapest,188.00,3,1357.77,47.047,57.468,658,42,4
greedy-cheapest,188.50,3,1386.00,27.146,57.267,660,42,4
greedy-cheapest,189.00,3,1384.70,27.146,56.311,660,42,4
greedy-cheapest,189.50,3,1383.40,-2.383,55.541,660,42,4
greedy-cheapest,190.00,3,1382.10,-2.383,54.587,660,42,4
greedy-cheapest,190.50,3,1380.80,-2.383,53.634,660,42,4
greedy-cheapest,191.00,3,1400.81,18.920,53.284,661,42,4
greedy-cheapest,191.50,3,1399.51,18.920,52.634,661,42,4
greedy-cheapest,192.00,3,1441.51,40.918,51.436,663,42,4
greedy-cheapest,192.50,3,1468.84,69.555,50.765,664,42,4
greedy-cheapest,193.00,3,1489.01,19.086,49.104,665,42,4
greedy-cheapest,193.50,3,1530.58,61.950,49.189,667,42,4
greedy-cheapest,194.00,3,1546.03,57.237,47.914,668,42,4
greedy-cheapest,194.50,3,1585.75,55.386,47.328,670,42,4
greedy-cheapest,195.00,3,1609.85,64.033,47.358,671,42,4
greedy-cheapest,195.50,3,1638.03,52.505,46.823,673,42,4
greedy-cheapest,196.00,3,1648.68,39.047,44.516,674,42,4
greedy-cheapest,196.50,3,1666.57,28.748,42.938,675,42,4
greedy-cheapest,197.00,3,1703.68,55.215,42.136,678,42,4
greedy-cheapest,197.50,3,1702.38,15.448,39.372,678,42,4
greedy-cheapest,198.00,3,1740.96,37.493,38.333,680,42,4
greedy-cheapest,198.50,3,1759.91,57.747,37.650,681,42,4
greedy-cheapest,199.00,3,1768.34,7.352,35.553,682,42,4
greedy-cheapest,199.50,3,1799.79,40.102,34.744,684,42,4
greedy-cheapest,200.00,3,1798.49,30.366,34.049,684,42,4
greedy-cheapest,200.50,3,1829.66,30.081,34.171,686,42,4
greedy-cheapest,201.00,3,1828.36,15.792,33.698,686,42,4
greedy-cheapest,201.50,3,1827.06,-2.383,33.698,686,42,4
greedy-cheapest,202.00,3,1825.76,-2.383,33.698,686,42,4
greedy-cheapest,202.50,3,1824.46,-2.383,33.698,686,42,4
greedy-cheapest,203.00,3,1836.69,11.146,33.374,687,42,4
greedy-cheapest,203.50,3,1855.25,31.005,33.878,689,42,4
greedy-cheapest,204.00,3,1865.04,28.569,33.363,690,42,4
greedy-cheapest,204.50,3,1889.33,34.298,31.894,692,42,4
greedy-cheapest,205.00,3,1905.01,40.191,32.773,693,42,4
greedy-cheapest,205.50,3,1923.75,34.636,31.635,694,42,4
greedy-cheapest,206.00,3,1960.47,55.675,31.570,697,42,4
greedy-cheapest,206.50,3,1959.17,35.643,30.748,697,42,4
greedy-cheapest,207.00,3,2011.18,50.921,30.201,700,42,4
greedy-cheapest,207.50,3,2009.88,50.921,30.135,700,42,4
greedy-cheapest,208.00,3,2011.17,0.211,28.517,701,42,4
greedy-cheapest,208.50,3,2043.84,34.181,28.743,703,42,4
greedy-cheapest,209.00,3,2042.54,31.587,27.759,703,42,4
greedy-cheapest,209.50,3,2094.69,51.065,29.243,706,42,4
greedy-cheapest,210.00,3,2093.39,51.065,29.808,706,42,4
greedy-cheapest,210.50,3,2132.44,37.966,28.984,709,42,4
greedy-cheapest,211.00,3,2131.14,37.966,30.260,709,42,4
greedy-cheapest,211.50,3,2208.49,76.265,31.767,712,42,4
greedy-cheapest,212.00,3,2207.19,76.265,33.679,712,42,4
greedy-cheapest,212.50,3,2205.89,-2.383,32.327,712,42,4
greedy-cheapest,213.00,3,2224.76,17.789,32.410,713,42,4
greedy-cheapest,213.50,3,2244.76,18.920,33.297,714,42,4
greedy-cheapest,214.00,3,2243.46,18.920,34.185,714,42,4
greedy-cheapest,214.50,3,2254.60,10.050,34.703,715,42,4
greedy-cheapest,215.00,3,2267.20,23.955,35.237,716,42,4
greedy-cheapest,215.50,3,2265.90,11.521,34.425,716,42,4
greedy-cheapest,216.00,3,2304.40,37.410,34.793,719,42,4
greedy-cheapest,216.50,3,2303.10,37.410,34.923,719,42,4
greedy-cheapest,217.00,3,2301.80,-2.383,33.149,719,42,4
greedy-cheapest,217.50,3,2373.69,70.812,34.656,722,42,4
greedy-cheapest,218.00,3,2372.39,40.155,34.010,722,42,4
greedy-cheapest,218.50,3,2371.09,-2.383,32.425,722,42,4
greedy-cheapest,219.00,3,2427.57,55.394,32.612,725,42,4
greedy-cheapest,219.50,3,2426.27,40.885,32.193,725,42,4
greedy-cheapest,220.00,3,2498.29,70.940,35.141,728,42,4
greedy-cheapest,220.50,3,2496.99,51.755,35.873,728,42,4
greedy-cheapest,221.00,3,2541.42,43.341,36.363,731,42,4
greedy-cheapest,221.50,3,2540.12,22.390,35.168,731,42,4
greedy-cheapest,222.00,3,2567.59,26.391,34.140,732,42,4
greedy-cheapest,222.50,3,2596.01,27.338,33.697,735,42,4
greedy-cheapest,223.00,3,2610.34,42.963,33.905,736,42,4
greedy-cheapest,223.50,3,2609.04,13.242,31.279,736,42,4
greedy-cheapest,224.00,3,2650.34,40.221,29.777,739,42,4
greedy-cheapest,224.50,3,2649.04,28.518,31.065,739,42,4
greedy-cheapest,225.00,3,2647.74,-2.383,30.224,739,42,4
greedy-cheapest,225.50,3,2646.44,-2.383,29.337,739,42,4
greedy-cheapest,226.00,3,2645.14,-2.383,28.449,739,42,4
greedy-cheapest,226.50,3,2643.84,-2.383,27.931,739,42,4
greedy-cheapest,227.00,3,2642.54,-2.383,26.833,739,42,4
greedy-cheapest,227.50,3,2684.76,41.135,28.067,742,42,4
greedy-cheapest,228.00,3,2683.46,41.135,28.223,742,42,4
greedy-cheapest,228.50,3,2721.14,36.603,28.189,744,42,4
greedy-cheapest,229.00,3,2731.20,47.961,30.287,745,42,4
greedy-cheapest,229.50,3,2729.90,8.975,27.710,745,42,4
greedy-cheapest,230.00,3,2787.45,56.460,28.389,747,42,4
greedy-cheapest,230.50,3,2807.61,77.929,31.736,748,42,4
greedy-cheapest,231.00,3,2812.82,4.122,29.599,749,42,4
greedy-cheapest,231.50,3,2847.35,39.953,29.561,751,42,4
greedy-cheapest,232.00,3,2864.68,52.081,28.775,752,42,4
greedy-cheapest,232.50,3,2886.94,39.809,28.277,754,42,4
greedy-cheapest,233.00,3,2913.71,49.241,28.523,755,42,4
greedy-cheapest,233.50,3,2912.41,25.682,28.660,755,42,4
greedy-cheapest,234.00,3,2973.11,59.618,30.044,758,42,4
greedy-cheapest,234.50,3,2971.81,59.618,31.390,758,42,4
greedy-cheapest,235.00,3,2983.82,10.927,30.055,759,42,4
greedy-cheapest,235.50,3,3002.78,31.188,30.802,761,42,4
greedy-cheapest,236.00,3,3001.48,17.877,29.871,761,42,4
greedy-cheapest,236.50,3,3031.15,28.590,29.874,763,42,4
greedy-cheapest,237.00,3,3050.22,48.955,32.014,764,42,4
greedy-cheapest,237.50,3,3048.92,-2.383,32.014,764,42,4
greedy-cheapest,238.00,3,3101.87,51.866,34.274,767,42,4
greedy-cheapest,238.50,3,3100.57,51.866,36.534,767,42,4
greedy-cheapest,239.00,3,3099.27,-2.383,36.534,767,42,4
greedy-cheapest,239.50,3,3097.97,-2.383,34.721,767,42,4
greedy-cheapest,240.00,3,3103.42,4.370,33.189,768,42,4
greedy-cheapest,240.50,3,3156.39,51.881,33.826,771,42,4
greedy-cheapest,241.00,3,3155.09,40.177,33.501,771,42,4
greedy-cheapest,241.50,3,3202.18,46.007,35.044,774,42,4
greedy-cheapest,242.00,3,3200.88,46.007,34.609,774,42,4
greedy-cheapest,242.50,3,3216.56,14.604,31.970,775,42,4
greedy-cheapest,243.00,3,3259.36,41.714,33.537,778,42,4
greedy-cheapest,243.50,3,3258.06,25.366,32.929,778,42,4
greedy-cheapest,244.00,3,3313.92,54.778,33.041,781,42,4
greedy-cheapest,244.50,3,3312.62,42.293,33.145,781,42,4
greedy-cheapest,245.00,3,3356.47,42.769,32.875,784,42,4
greedy-cheapest,245.50,3,3355.17,42.769,33.587,784,42,4
greedy-cheapest,246.00,3,3353.87,-2.383,31.004,784,42,4
greedy-cheapest,246.50,3,3394.93,39.973,30.185,787,42,4
greedy-cheapest,247.00,3,3393.63,39.973,31.395,787,42,4
greedy-cheapest,247.50,3,3407.28,12.569,30.620,788,42,4
greedy-cheapest,248.00,3,3439.98,46.566,31.815,790,42,4
greedy-cheapest,248.50,3,3438.68,26.391,31.723,790,42,4
greedy-cheapest,249.00,3,3441.31,1.544,29.748,791,42,4
greedy-cheapest,249.50,3,3440.01,1.544,29.911,791,42,4
greedy-cheapest,250.00,3,3438.71,-2.383,27.651,791,42,4
greedy-cheapest,250.50,3,3437.41,-2.383,25.391,791,42,4
greedy-cheapest,251.00,3,3436.11,-2.383,25.391,791,42,4
greedy-cheapest,251.50,3,3452.09,14.903,26.111,792,42,4
greedy-cheapest,252.00,3,3450.79,14.903,26.550,792,42,4
greedy-cheapest,252.50,3,3489.20,37.328,25.943,795,42,4
greedy-cheapest,253.00,3,3487.90,12.569,24.793,795,42,4
greedy-cheapest,253.50,3,3544.86,55.870,25.204,798,42,4
greedy-cheapest,254.00,3,3543.56,55.870,25.615,798,42,4
greedy-cheapest,254.50,3,3602.32,57.682,27.410,801,42,4
greedy-cheapest,255.00,3,3601.02,57.682,28.075,801,42,4
greedy-cheapest,255.50,3,3625.13,23.020,27.978,802,42,4
greedy-cheapest,256.00,3,3660.98,60.176,28.203,804,42,4
greedy-cheapest,256.50,3,3667.46,42.549,28.213,805,42,4
greedy-cheapest,257.00,3,3689.72,28.951,27.638,807,42,4
greedy-cheapest,257.50,3,3688.42,21.175,26.738,807,42,4
greedy-cheapest,258.00,3,3737.41,47.914,28.833,810,42,4
greedy-cheapest,258.50,3,3736.11,47.914,29.164,810,42,4
greedy-cheapest,259.00,3,3758.39,21.195,28.382,811,42,4
greedy-cheapest,259.50,3,3780.09,44.195,29.700,813,42,4
greedy-cheapest,260.00,3,3778.79,6.712,28.039,813,42,4
greedy-cheapest,260.50,3,3795.01,15.131,27.570,814,42,4
greedy-cheapest,261.00,3,3812.89,34.316,28.935,815,42,4
greedy-cheapest,261.50,3,3811.59,16.802,29.571,815,42,4
greedy-cheapest,262.00,3,3810.29,-2.383,29.571,815,42,4
greedy-cheapest,262.50,3,3816.85,5.471,29.898,816,42,4
greedy-cheapest,263.00,3,3815.55,5.471,30.226,816,42,4
greedy-cheapest,263.50,3,3835.20,18.567,30.378,817,42,4
greedy-cheapest,264.00,3,3846.97,31.637,31.076,818,42,4
greedy-cheapest,264.50,3,3874.49,39.511,31.167,820,42,4
greedy-cheapest,265.00,3,3879.70,4.122,30.815,821,42,4
greedy-cheapest,265.50,3,3905.63,31.352,29.793,823,42,4
greedy-cheapest,266.00,3,3911.54,27.893,28.627,824,42,4
greedy-cheapest,266.50,3,3967.04,61.629,28.792,827,42,4
greedy-cheapest,267.00,3,3965.74,40.749,28.086,827,42,4
greedy-cheapest,267.50,3,4025.59,58.768,29.576,830,42,4
greedy-cheapest,268.00,3,4024.29,58.768,29.517,830,42,4
greedy-cheapest,268.50,3,4054.01,28.632,28.937,832,42,4
greedy-cheapest,269.00,3,4083.36,59.288,30.201,833,42,4
greedy-cheapest,269.50,3,4104.90,51.108,31.448,834,42,4
greedy-cheapest,270.00,3,4120.35,37.208,31.002,835,42,4
greedy-cheapest,270.50,3,4154.42,49.742,31.079,837,42,4
greedy-cheapest,271.00,3,4153.12,-2.383,30.096,837,42,4
greedy-cheapest,271.50,3,4166.86,12.651,28.782,838,42,4
greedy-cheapest,272.00,3,4195.75,27.813,29.661,840,42,4
greedy-cheapest,272.50,3,4217.00,37.639,30.599,841,42,4
greedy-cheapest,273.00,3,4260.78,65.244,31.887,843,42,4
greedy-cheapest,273.50,3,4265.53,48.745,33.218,844,42,4
greedy-cheapest,274.00,3,4264.23,3.668,33.471,844,42,4
greedy-cheapest,274.50,3,4262.93,-2.383,33.143,844,42,4
greedy-cheapest,275.00,3,4261.63,-2.383,32.816,844,42,4
greedy-cheapest,275.50,3,4273.17,10.455,32.478,845,42,4
greedy-cheapest,276.00,3,4300.65,39.234,32.795,847,42,4
greedy-cheapest,276.50,3,4330.79,57.840,33.558,848,42,4
greedy-cheapest,277.00,3,4350.64,50.210,35.479,850,42,4
greedy-cheapest,277.50,3,4365.50,34.918,35.627,851,42,4
greedy-cheapest,278.00,3,4383.21,32.786,35.831,853,42,4
greedy-cheapest,278.50,3,4395.82,30.538,34.536,854,42,4
greedy-cheapest,279.00,3,4414.29,31.294,34.142,856,42,4
greedy-cheapest,279.50,3,4422.73,27.125,32.823,857,42,4
greedy-cheapest,280.00,3,4421.43,7.352,30.681,857,42,4
greedy-cheapest,280.50,3,4468.60,46.090,31.408,860,42,4
greedy-cheapest,281.00,3,4467.30,20.212,29.780,860,42,4
greedy-cheapest,281.50,3,4513.83,45.452,29.544,863,42,4
greedy-cheapest,282.00,3,4526.44,42.776,29.776,864,42,4
greedy-cheapest,282.50,3,4530.33,16.711,28.400,865,42,4
greedy-cheapest,283.00,3,4564.42,38.199,30.091,867,42,4
greedy-cheapest,283.50,3,4563.12,33.010,30.939,867,42,4
greedy-cheapest,284.00,3,4624.09,59.887,32.276,870,42,4
greedy-cheapest,284.50,3,4622.79,59.887,33.203,870,42,4
greedy-cheapest,285.00,3,4621.49,-2.383,30.385,870,42,4
greedy-cheapest,285.50,3,4640.62,18.044,29.106,871,42,4
greedy-cheapest,286.00,3,4639.32,18.044,29.705,871,42,4
greedy-cheapest,286.50,3,4655.67,15.271,30.440,872,42,4
greedy-cheapest,287.00,3,4654.37,15.271,31.176,872,42,4
greedy-cheapest,287.50,3,4713.58,58.127,33.162,875,42,4
greedy-cheapest,288.00,3,4712.28,58.127,33.950,875,42,4
greedy-cheapest,288.50,3,4733.86,20.493,32.393,876,42,4
greedy-cheapest,289.00,3,4758.71,46.642,32.245,878,42,4
greedy-cheapest,289.50,3,4768.08,8.290,31.135,879,42,4
greedy-cheapest,290.00,3,4795.96,37.465,31.330,881,42,4
greedy-cheapest,290.50,3,4805.13,21.642,30.960,882,42,4
greedy-cheapest,291.00,3,4838.28,32.067,30.992,884,42,4
greedy-cheapest,291.50,3,4862.35,57.434,32.255,885,42,4
greedy-cheapest,292.00,3,4886.45,23.020,32.907,886,42,4
greedy-cheapest,292.50,3,4922.10,59.966,33.486,888,42,4
greedy-cheapest,293.00,3,4920.80,34.563,34.084,888,42,4
greedy-cheapest,293.50,3,4937.20,15.316,32.828,889,42,4
greedy-cheapest,294.00,3,4982.94,62.359,33.644,891,42,4
greedy-cheapest,294.50,3,5003.37,37.747,34.520,892,42,4
greedy-cheapest,295.00,3,5019.27,36.540,34.451,894,42,4
greedy-cheapest,295.50,3,5017.97,14.815,33.693,894,42,4
greedy-cheapest,296.00,3,5060.35,41.300,32.919,897,42,4
greedy-cheapest,296.50,3,5059.05,41.300,32.144,897,42,4
greedy-cheapest,297.00,3,5057.75,-2.383,32.144,897,42,4
greedy-cheapest,297.50,3,5056.45,-2.383,31.293,897,42,4
greedy-cheapest,298.00,3,5055.15,-2.383,30.442,897,42,4
greedy-cheapest,298.50,3,5053.85,-2.383,29.706,897,42,4
greedy-cheapest,299.00,3,5069.54,14.604,29.679,898,42,4
greedy-cheapest,299.50,3,5087.52,33.884,28.668,900,42,4
greedy-cheapest,300.00,3,5101.84,23.426,27.223,901,42,4
greedy-cheapest,300.50,3,5115.50,28.200,27.544,903,42,4
greedy-cheapest,301.00,3,5157.29,55.667,27.920,905,42,4
greedy-cheapest,301.50,3,5155.99,20.677,28.436,905,42,4
greedy-cheapest,302.00,3,5205.12,48.050,28.877,908,42,4
greedy-cheapest,302.50,3,5203.82,48.050,29.977,908,42,4
greedy-cheapest,303.00,3,5257.44,52.533,30.830,911,42,4
greedy-cheapest,303.50,3,5256.14,29.167,29.652,911,42,4
greedy-cheapest,304.00,3,5301.52,44.292,30.538,914,42,4
greedy-cheapest,304.50,3,5300.22,44.292,29.885,914,42,4
greedy-cheapest,305.00,3,5332.89,31.594,29.762,916,42,4
greedy-cheapest,305.50,3,5357.00,56.998,31.498,917,42,4
greedy-cheapest,306.00,3,5410.85,52.770,31.099,919,42,4
greedy-cheapest,306.50,3,5437.50,80.717,32.889,920,42,4
greedy-cheapest,307.00,3,5471.04,60.411,33.884,922,42,4
greedy-cheapest,307.50,3,5511.09,64.424,35.951,924,42,4
greedy-cheapest,308.00,3,5523.10,52.270,36.408,925,42,4
greedy-cheapest,308.50,3,5538.38,14.198,35.279,926,42,4
greedy-cheapest,309.00,3,5583.81,60.929,37.917,928,42,4
greedy-cheapest,309.50,3,5582.51,44.348,39.864,928,42,4
greedy-cheapest,310.00,3,5581.21,-2.383,39.864,928,42,4
greedy-cheapest,310.50,3,5579.91,-2.383,39.864,928,42,4
greedy-cheapest,311.00,3,5578.61,-2.383,39.156,928,42,4
greedy-cheapest,311.50,3,5577.31,-2.383,37.645,928,42,4
greedy-cheapest,312.00,3,5601.62,23.230,37.637,929,42,4
greedy-cheapest,312.50,3,5643.63,66.540,39.234,931,42,4
greedy-cheapest,313.00,3,5647.56,46.149,38.838,932,42,4
greedy-cheapest,313.50,3,5646.26,2.839,38.094,932,42,4
greedy-cheapest,314.00,3,5684.34,37.001,37.634,935,42,4
greedy-cheapest,314.50,3,5683.04,10.102,36.053,935,42,4
greedy-cheapest,315.00,3,5731.53,47.408,35.839,938,42,4
greedy-cheapest,315.50,3,5748.41,65.584,37.357,939,42,4
greedy-cheapest,316.00,3,5755.66,24.350,36.526,940,42,4
greedy-cheapest,316.50,3,5779.60,31.407,35.989,942,42,4
greedy-cheapest,317.00,3,5778.30,-2.383,34.573,942,42,4
greedy-cheapest,317.50,3,5825.19,45.814,34.107,944,42,4
greedy-cheapest,318.00,3,5849.36,71.278,34.878,945,42,4
greedy-cheapest,318.50,3,5865.94,15.495,32.161,947,42,4
greedy-cheapest,319.00,3,5879.83,19.565,30.459,948,42,4
greedy-cheapest,319.50,3,5937.41,56.495,30.128,951,42,4
greedy-cheapest,320.00,3,5936.11,56.495,30.304,951,42,4
greedy-cheapest,320.50,3,5953.44,16.247,30.390,952,42,4
greedy-cheapest,321.00,3,5952.14,16.247,28.528,952,42,4
greedy-cheapest,321.50,3,5950.84,-2.383,26.581,952,42,4
greedy-cheapest,322.00,3,5966.53,14.604,27.289,953,42,4
greedy-cheapest,322.50,3,5985.79,35.167,28.853,954,42,4
greedy-cheapest,323.00,3,5984.49,-2.383,28.853,954,42,4
greedy-cheapest,323.50,3,5998.23,12.651,29.480,955,42,4
greedy-cheapest,324.00,3,6062.20,62.888,31.132,958,42,4
greedy-cheapest,324.50,3,6060.90,62.888,30.980,958,42,4
greedy-cheapest,325.00,3,6111.84,49.861,31.135,961,42,4
greedy-cheapest,325.50,3,6110.54,49.861,33.094,961,42,4
greedy-cheapest,326.00,3,6109.24,-2.383,31.453,961,42,4
greedy-cheapest,326.50,3,6150.19,39.863,32.693,964,42,4
greedy-cheapest,327.00,3,6148.89,22.577,31.659,964,42,4
greedy-cheapest,327.50,3,6170.34,20.373,29.775,966,42,4
greedy-cheapest,328.00,3,6183.33,34.662,30.204,967,42,4
greedy-cheapest,328.50,3,6232.93,48.509,30.917,969,42,4
greedy-cheapest,329.00,3,6272.45,89.338,34.739,971,42,4
greedy-cheapest,329.50,3,6293.99,61.280,35.383,972,42,4
greedy-cheapest,330.00,3,6330.95,58.711,34.859,974,42,4
greedy-cheapest,330.50,3,6356.70,62.927,36.836,975,42,4
greedy-cheapest,331.00,3,6355.40,24.667,37.048,975,42,4
greedy-cheapest,331.50,3,6371.24,14.755,35.309,976,42,4
greedy-cheapest,332.00,3,6389.16,33.977,34.371,978,42,4
greedy-cheapest,332.50,3,6387.86,5.714,33.932,978,42,4
greedy-cheapest,333.00,3,6422.25,33.306,34.643,980,42,4
greedy-cheapest,333.50,3,6420.95,15.792,35.400,980,42,4
greedy-cheapest,334.00,3,6419.65,-2.383,34.692,980,42,4
greedy-cheapest,334.50,3,6418.35,-2.383,33.128,980,42,4
greedy-cheapest,335.00,3,6424.90,5.471,33.455,981,42,4
greedy-cheapest,335.50,3,6451.89,33.755,34.334,983,42,4
greedy-cheapest,336.00,3,6468.77,44.079,33.551,984,42,4
greedy-cheapest,336.50,3,6467.47,15.795,31.588,984,42,4
greedy-cheapest,337.00,3,6508.07,39.518,31.158,987,42,4
greedy-cheapest,337.50,3,6506.77,39.518,30.727,987,42,4
greedy-cheapest,338.00,3,6563.81,55.956,33.157,990,42,4
greedy-cheapest,338.50,3,6582.93,76.383,34.679,991,42,4
greedy-cheapest,339.00,3,6596.83,33.239,35.123,992,42,4
greedy-cheapest,339.50,3,6630.54,47.819,36.267,994,42,4
greedy-cheapest,340.00,3,6646.89,50.274,36.917,995,42,4
greedy-cheapest,340.50,3,6677.30,46.983,36.854,997,42,4
greedy-cheapest,341.00,3,6695.72,49.055,35.175,998,42,4
greedy-cheapest,341.50,3,6694.42,17.339,33.344,998,42,4
greedy-cheapest,342.00,3,6735.32,39.809,32.557,1001,42,4
greedy-cheapest,342.50,3,6734.02,39.809,31.594,1001,42,4
greedy-cheapest,343.00,3,6761.80,26.701,31.678,1003,42,4
greedy-cheapest,343.50,3,6775.01,41.209,32.781,1004,42,4
greedy-cheapest,344.00,3,6773.71,-2.383,31.266,1004,42,4
greedy-cheapest,344.50,3,6772.41,-2.383,30.928,1004,42,4
greedy-cheapest,345.00,3,6771.11,-2.383,29.441,1004,42,4
greedy-cheapest,345.50,3,6769.81,-2.383,28.684,1004,42,4
greedy-cheapest,346.00,3,6768.51,-2.383,28.684,1004,42,4
greedy-cheapest,346.50,3,6840.49,70.896,31.737,1007,42,4
greedy-cheapest,347.00,3,6839.19,54.452,33.778,1007,42,4
greedy-cheapest,347.50,3,6837.89,-2.383,32.272,1007,42,4
greedy-cheapest,348.00,3,6878.85,39.873,32.097,1010,42,4
greedy-cheapest,348.50,3,6877.55,39.873,33.100,1010,42,4
greedy-cheapest,349.00,3,6900.51,21.884,32.366,1012,42,4
greedy-cheapest,349.50,3,6912.52,35.194,32.185,1013,42,4
greedy-cheapest,350.00,3,6934.62,34.328,31.284,1015,42,4
greedy-cheapest,350.50,3,6951.73,39.423,29.744,1016,42,4
greedy-cheapest,351.00,3,6950.43,16.022,29.027,1016,42,4
greedy-cheapest,351.50,3,7001.78,50.268,29.129,1019,42,4
greedy-cheapest,352.00,3,7000.48,30.214,28.293,1019,42,4
greedy-cheapest,352.50,3,6999.18,-2.383,26.236,1019,42,4
greedy-cheapest,353.00,3,7047.94,47.675,26.179,1022,42,4
greedy-cheapest,353.50,3,7070.15,49.681,27.526,1024,42,4
greedy-cheapest,354.00,3,7068.85,21.126,26.748,1024,42,4
greedy-cheapest,354.50,3,7121.47,51.539,27.236,1027,42,4
greedy-cheapest,355.00,3,7120.17,26.172,27.214,1027,42,4
greedy-cheapest,355.50,3,7154.83,33.575,26.896,1029,42,4
greedy-cheapest,356.00,3,7175.00,55.044,29.289,1030,42,4
greedy-cheapest,356.50,3,7173.70,-2.383,29.289,1030,42,4
greedy-cheapest,357.00,3,7196.64,21.861,30.299,1031,42,4
greedy-cheapest,357.50,3,7195.34,21.861,31.309,1031,42,4
greedy-cheapest,358.00,3,7230.52,34.094,32.829,1033,42,4
greedy-cheapest,358.50,3,7229.22,34.094,31.296,1033,42,4
greedy-cheapest,359.00,3,7227.92,-2.383,28.928,1033,42,4
greedy-cheapest,359.50,3,7241.13,12.126,29.532,1034,42,4
greedy-cheapest,360.00,3,7267.79,40.087,29.541,1036,42,4
greedy-cheapest,360.50,3,7270.42,29.505,29.109,1037,42,4
greedy-cheapest,361.00,3,7314.93,47.356,30.171,1039,42,4
greedy-cheapest,361.50,3,7331.28,61.079,31.249,1040,42,4
greedy-cheapest,362.00,3,7343.25,10.884,30.272,1041,42,4
greedy-cheapest,362.50,3,7382.57,38.236,30.223,1044,42,4
greedy-cheapest,363.00,3,7381.27,23.256,30.524,1044,42,4
greedy-cheapest,363.50,3,7420.37,38.018,30.014,1047,42,4
greedy-cheapest,364.00,3,7419.07,38.018,30.339,1047,42,4
greedy-cheapest,364.50,3,7417.77,-2.383,30.339,1047,42,4
greedy-cheapest,365.00,3,7491.55,72.696,31.382,1050,42,4
greedy-cheapest,365.50,3,7490.25,72.696,32.340,1050,42,4
greedy-cheapest,366.00,3,7509.00,17.671,32.196,1051,42,4
greedy-cheapest,366.50,3,7540.04,50.007,32.133,1053,42,4
greedy-cheapest,367.00,3,7554.36,45.578,32.941,1054,42,4
greedy-cheapest,367.50,3,7570.43,30.609,32.818,1055,42,4
greedy-cheapest,368.00,3,7592.24,38.091,32.111,1057,42,4
greedy-cheapest,368.50,3,7624.37,41.723,33.949,1059,42,4
greedy-cheapest,369.00,3,7623.07,31.050,34.332,1059,42,4
greedy-cheapest,369.50,3,7621.77,-2.383,33.322,1059,42,4
greedy-cheapest,370.00,3,7673.82,50.971,34.025,1062,42,4
greedy-cheapest,370.50,3,7672.52,28.208,33.780,1062,42,4
greedy-cheapest,371.00,3,7680.96,7.352,34.185,1063,42,4
greedy-cheapest,371.50,3,7679.66,7.352,33.987,1063,42,4
greedy-cheapest,372.00,3,7699.86,19.120,33.113,1064,42,4
greedy-cheapest,372.50,3,7740.89,61.444,34.444,1066,42,4
greedy-cheapest,373.00,3,7767.70,68.053,35.306,1067,42,4
greedy-cheapest,373.50,3,7805.17,64.503,35.449,1069,42,4
greedy-cheapest,374.00,3,7815.58,48.094,36.999,1070,42,4
greedy-cheapest,374.50,3,7843.64,38.680,37.018,1072,42,4
greedy-cheapest,375.00,3,7850.68,35.317,37.520,1073,42,4
greedy-cheapest,375.50,3,7859.11,15.692,36.590,1074,42,4
greedy-cheapest,376.00,3,7897.78,47.321,36.978,1076,42,4
greedy-cheapest,376.50,3,7908.43,37.829,38.653,1077,42,4
greedy-cheapest,377.00,3,7960.07,50.558,37.731,1080,42,4
greedy-cheapest,377.50,3,7958.77,50.558,36.808,1080,42,4
greedy-cheapest,378.00,3,7989.14,29.285,37.292,1082,42,4
greedy-cheapest,378.50,3,8021.22,62.664,37.820,1083,42,4
greedy-cheapest,379.00,3,8068.45,46.152,37.844,1086,42,4
greedy-cheapest,379.50,3,8067.15,46.152,38.491,1086,42,4
greedy-cheapest,380.00,3,8107.92,39.683,38.557,1088,42,4
greedy-cheapest,380.50,3,8114.39,47.459,38.796,1089,42,4
greedy-cheapest,381.00,3,8113.09,-2.383,37.403,1089,42,4
greedy-cheapest,381.50,3,8125.15,10.976,37.960,1090,42,4
greedy-cheapest,382.00,3,8123.85,10.976,36.294,1090,42,4
greedy-cheapest,382.50,3,8151.19,26.254,36.212,1091,42,4
greedy-cheapest,383.00,3,8157.67,34.030,37.324,1092,42,4
greedy-cheapest,383.50,3,8174.02,23.047,37.978,1093,42,4
greedy-cheapest,384.00,3,8198.19,40.736,38.878,1094,42,4
greedy-cheapest,384.50,3,8222.68,48.876,38.355,1096,42,4
greedy-cheapest,385.00,3,8221.38,23.412,36.495,1096,42,4
greedy-cheapest,385.50,3,8268.63,46.168,35.731,1099,42,4
greedy-cheapest,386.00,3,8267.33,46.168,35.651,1099,42,4
greedy-cheapest,386.50,3,8298.83,30.408,35.306,1101,42,4
greedy-cheapest,387.00,3,8324.47,57.355,36.224,1102,42,4
greedy-cheapest,387.50,3,8349.83,51.226,37.705,1104,42,4
greedy-cheapest,388.00,3,8355.29,31.032,37.026,1105,42,4
greedy-cheapest,388.50,3,8398.52,48.899,37.487,1107,42,4
greedy-cheapest,389.00,3,8418.72,42.180,37.138,1108,42,4
greedy-cheapest,389.50,3,8459.90,61.605,37.598,1110,42,4
greedy-cheapest,390.00,3,8458.60,17.041,37.088,1110,42,4
greedy-cheapest,390.50,3,8477.87,18.180,35.235,1111,42,4
greedy-cheapest,391.00,3,8508.54,50.157,35.402,1113,42,4
greedy-cheapest,391.50,3,8530.77,42.448,35.247,1114,42,4
greedy-cheapest,392.00,3,8559.78,51.451,35.738,1116,42,4
greedy-cheapest,392.50,3,8592.55,61.995,36.343,1117,42,4
greedy-cheapest,393.00,3,8625.21,65.644,39.178,1119,42,4
greedy-cheapest,393.50,3,8623.91,31.572,40.036,1119,42,4
greedy-cheapest,394.00,3,8622.61,-2.383,39.479,1119,42,4
greedy-cheapest,394.50,3,8621.31,-2.383,38.286,1119,42,4
greedy-cheapest,395.00,3,8656.28,33.889,38.280,1122,42,4
greedy-cheapest,395.50,3,8654.98,33.889,38.732,1122,42,4
greedy-cheapest,396.00,3,8682.21,26.146,38.124,1124,42,4
greedy-cheapest,396.50,3,8695.75,40.991,37.795,1126,42,4
greedy-cheapest,397.00,3,8709.86,27.869,37.981,1127,42,4
greedy-cheapest,397.50,3,8724.75,29.219,37.275,1128,42,4
greedy-cheapest,398.00,3,8756.65,47.004,37.310,1130,42,4
greedy-cheapest,398.50,3,8772.48,47.944,38.040,1131,42,4
greedy-cheapest,399.00,3,8802.44,46.006,37.567,1133,42,4
greedy-cheapest,399.50,3,8815.04,42.776,37.215,1134,42,4
greedy-cheapest,400.00,3,8851.81,49.593,37.989,1136,42,4
greedy-cheapest,400.50,3,8859.66,44.833,37.819,1137,42,4
greedy-cheapest,401.00,3,8897.33,45.737,37.967,1139,42,4
greedy-cheapest,401.50,3,8931.09,54.179,37.658,1141,42,4
greedy-cheapest,402.00,3,8953.49,56.373,39.297,1142,42,4
greedy-cheapest,402.50,3,8952.19,21.314,39.427,1142,42,4
greedy-cheapest,403.00,3,8989.19,35.920,38.834,1144,42,4
greedy-cheapest,403.50,3,9012.14,37.614,38.633,1145,42,4
greedy-cheapest,404.00,3,9010.84,-2.383,36.390,1145,42,4
greedy-cheapest,404.50,3,9025.09,13.169,34.355,1147,42,4
greedy-cheapest,405.00,3,9023.79,5.393,31.845,1147,42,4
greedy-cheapest,405.50,3,9022.49,-2.383,30.430,1147,42,4
greedy-cheapest,406.00,3,9021.19,-2.383,30.430,1147,42,4
greedy-cheapest,406.50,3,9030.07,7.801,30.854,1148,42,4
greedy-cheapest,407.00,3,9028.77,7.801,29.768,1148,42,4
greedy-cheapest,407.50,3,9062.54,32.684,29.717,1150,42,4
greedy-cheapest,408.00,3,9074.31,45.755,30.534,1151,42,4
greedy-cheapest,408.50,3,9089.59,14.198,29.418,1152,42,4
greedy-cheapest,409.00,3,9107.84,33.750,29.663,1154,42,4
greedy-cheapest,409.50,3,9106.54,17.169,29.161,1154,42,4
greedy-cheapest,410.00,3,9161.65,54.018,29.453,1157,42,4
greedy-cheapest,410.50,3,9160.35,24.322,28.469,1157,42,4
greedy-cheapest,411.00,3,9171.88,10.455,26.988,1158,42,4
greedy-cheapest,411.50,3,9202.61,29.638,26.440,1160,42,4
greedy-cheapest,412.00,3,9221.36,49.692,26.444,1161,42,4
greedy-cheapest,412.50,3,9220.06,17.671,25.313,1161,42,4
greedy-cheapest,413.00,3,9298.88,77.736,26.646,1164,42,4
greedy-cheapest,413.50,3,9297.58,29.062,25.599,1164,42,4
greedy-cheapest,414.00,3,9314.76,16.097,23.921,1165,42,4
greedy-cheapest,414.50,3,9342.65,45.287,24.920,1167,42,4
greedy-cheapest,415.00,3,9341.35,26.807,24.540,1167,42,4
greedy-cheapest,415.50,3,9366.76,24.328,23.987,1169,42,4
greedy-cheapest,416.00,3,9365.46,24.328,25.100,1169,42,4
greedy-cheapest,416.50,3,9364.16,-2.383,24.452,1169,42,4
greedy-cheapest,417.00,3,9413.61,48.370,26.242,1172,42,4
greedy-cheapest,417.50,3,9412.31,48.370,28.357,1172,42,4
greedy-cheapest,418.00,3,9439.65,26.254,29.550,1173,42,4
greedy-cheapest,418.50,3,9454.70,42.601,31.000,1174,42,4
greedy-cheapest,419.00,3,9453.40,13.964,31.257,1174,42,4
greedy-cheapest,419.50,3,9470.28,15.795,30.553,1175,42,4
greedy-cheapest,420.00,3,9522.27,69.083,31.525,1177,42,4
greedy-cheapest,420.50,3,9548.62,78.562,34.207,1179,42,4
greedy-cheapest,421.00,3,9563.08,41.027,34.511,1180,42,4
greedy-cheapest,421.50,3,9598.07,49.667,35.865,1182,42,4
greedy-cheapest,422.00,3,9608.72,45.860,35.525,1183,42,4
greedy-cheapest,422.50,3,9662.34,64.481,37.198,1185,42,4
greedy-cheapest,423.00,3,9667.54,59.040,39.222,1186,42,4
greedy-cheapest,423.50,3,9697.56,35.441,39.464,1188,42,4
greedy-cheapest,424.00,3,9712.61,26.802,38.510,1189,42,4
greedy-cheapest,424.50,3,9755.39,58.044,40.193,1191,42,4
greedy-cheapest,425.00,3,9754.09,41.697,38.691,1191,42,4
greedy-cheapest,425.50,3,9811.61,56.435,39.832,1194,42,4
greedy-cheapest,426.00,3,9810.31,56.435,41.512,1194,42,4
greedy-cheapest,426.50,3,9809.01,-2.383,39.526,1194,42,4
greedy-cheapest,427.00,3,9843.46,33.372,39.800,1197,42,4
greedy-cheapest,427.50,3,9855.00,40.160,40.459,1198,42,4
greedy-cheapest,428.00,3,9853.70,10.455,39.881,1198,42,4
greedy-cheapest,428.50,3,9896.97,42.182,41.738,1201,42,4
greedy-cheapest,429.00,3,9895.67,42.182,41.480,1201,42,4
greedy-cheapest,429.50,3,9894.37,-2.383,39.365,1201,42,4
greedy-cheapest,430.00,3,9913.32,17.871,39.016,1202,42,4
greedy-cheapest,430.50,3,9940.58,46.432,39.176,1203,42,4
greedy-cheapest,431.00,3,9950.99,37.882,40.172,1204,42,4
greedy-cheapest,431.50,3,9949.69,9.320,39.903,1204,42,4
greedy-cheapest,432.00,3,9990.43,39.666,38.677,1207,42,4
greedy-cheapest,432.50,3,9989.13,39.666,37.056,1207,42,4
greedy-cheapest,433.00,3,10024.38,34.166,36.770,1209,42,4
greedy-cheapest,433.50,3,10041.49,52.572,36.891,1210,42,4
greedy-cheapest,434.00,3,10078.17,54.001,37.231,1212,42,4
greedy-cheapest,434.50,3,10091.16,31.403,35.852,1213,42,4
greedy-cheapest,435.00,3,10136.36,58.412,35.826,1215,42,4
greedy-cheapest,435.50,3,10135.06,44.123,36.188,1215,42,4
greedy-cheapest,436.00,3,10171.37,35.227,36.539,1218,42,4
greedy-cheapest,436.50,3,10170.07,35.227,35.588,1218,42,4
greedy-cheapest,437.00,3,10197.51,26.351,34.949,1219,42,4
greedy-cheapest,437.50,3,10237.92,68.060,35.433,1221,42,4
greedy-cheapest,438.00,3,10271.37,32.375,34.431,1223,42,4
greedy-cheapest,438.50,3,10300.93,63.225,37.164,1224,42,4
greedy-cheapest,439.00,3,10362.40,60.393,38.290,1227,42,4
greedy-cheapest,439.50,3,10361.10,60.393,39.133,1227,42,4
greedy-cheapest,440.00,3,10391.25,29.062,39.909,1228,42,4
greedy-cheapest,440.50,3,10401.04,40.155,39.824,1229,42,4
greedy-cheapest,441.00,3,10429.32,38.289,39.662,1231,42,4
greedy-cheapest,441.50,3,10441.55,40.725,41.458,1232,42,4
greedy-cheapest,442.00,3,10440.25,11.146,41.178,1232,42,4
greedy-cheapest,442.50,3,10469.73,28.396,40.426,1234,42,4
greedy-cheapest,443.00,3,10479.79,39.754,40.505,1235,42,4
greedy-cheapest,443.50,3,10508.59,27.717,41.271,1237,42,4
greedy-cheapest,444.00,3,10542.61,42.673,41.396,1239,42,4
greedy-cheapest,444.50,3,10549.65,21.024,40.620,1240,42,4
greedy-cheapest,445.00,3,10585.51,43.117,40.993,1242,42,4
greedy-cheapest,445.50,3,10584.21,6.712,39.082,1242,42,4
greedy-cheapest,446.00,3,10621.86,36.564,38.355,1245,42,4
greedy-cheapest,446.50,3,10620.56,29.348,38.270,1245,42,4
greedy-cheapest,447.00,3,10619.26,-2.383,35.736,1245,42,4
greedy-cheapest,447.50,3,10683.56,63.218,36.532,1248,42,4
greedy-cheapest,448.00,3,10682.26,32.367,36.413,1248,42,4
greedy-cheapest,448.50,3,10738.13,54.787,37.228,1251,42,4
greedy-cheapest,449.00,3,10736.83,54.787,38.413,1251,42,4
greedy-cheapest,449.50,3,10755.70,17.789,36.318,1252,42,4
greedy-cheapest,450.00,3,10775.25,38.637,36.579,1254,42,4
greedy-cheapest,450.50,3,10790.93,14.604,34.553,1255,42,4
greedy-cheapest,451.00,3,10808.04,33.010,33.412,1256,42,4
greedy-cheapest,451.50,3,10833.53,42.815,32.680,1258,42,4
greedy-cheapest,452.00,3,10832.23,13.964,32.051,1258,42,4
greedy-cheapest,452.50,3,10874.26,40.940,32.083,1261,42,4
greedy-cheapest,453.00,3,10872.96,40.940,32.194,1261,42,4
greedy-cheapest,453.50,3,10871.66,-2.383,30.397,1261,42,4
greedy-cheapest,454.00,3,10901.01,28.273,31.111,1262,42,4
greedy-cheapest,454.50,3,10910.84,8.741,30.292,1263,42,4
greedy-cheapest,455.00,3,10909.54,8.741,29.000,1263,42,4
greedy-cheapest,455.50,3,10919.59,8.975,28.219,1264,42,4
greedy-cheapest,456.00,3,10950.99,41.670,28.177,1266,42,4
greedy-cheapest,456.50,3,10949.69,30.311,28.564,1266,42,4
greedy-cheapest,457.00,3,10981.05,30.274,28.029,1268,42,4
greedy-cheapest,457.50,3,11001.22,39.258,29.385,1269,42,4
greedy-cheapest,458.00,3,11029.61,27.313,29.000,1270,42,4
greedy-cheapest,458.50,3,11057.88,56.879,30.147,1272,42,4
greedy-cheapest,459.00,3,11101.73,72.333,33.260,1274,42,4
greedy-cheapest,459.50,3,11118.13,60.466,33.145,1275,42,4
greedy-cheapest,460.00,3,11116.83,15.316,32.435,1275,42,4
greedy-cheapest,460.50,3,11178.50,60.585,32.677,1278,42,4
greedy-cheapest,461.00,3,11177.20,60.585,32.918,1278,42,4
greedy-cheapest,461.50,3,11200.08,21.799,33.085,1280,42,4
greedy-cheapest,462.00,3,11218.81,41.831,33.218,1281,42,4
greedy-cheapest,462.50,3,11264.25,44.356,34.458,1282,42,4
greedy-cheapest,463.00,3,11269.45,50.861,35.202,1283,42,4
greedy-cheapest,463.50,3,11304.83,40.795,35.118,1285,42,4
greedy-cheapest,464.00,3,11314.65,8.741,34.900,1286,42,4
greedy-cheapest,464.50,3,11313.35,8.741,33.558,1286,42,4
greedy-cheapest,465.00,3,11323.41,8.975,32.227,1287,42,4
greedy-cheapest,465.50,3,11322.11,8.975,32.700,1287,42,4
greedy-cheapest,466.00,3,11320.81,-2.383,31.422,1287,42,4
greedy-cheapest,466.50,3,11319.51,-2.383,30.959,1287,42,4
greedy-cheapest,467.00,3,11334.52,13.922,31.175,1288,42,4
greedy-cheapest,467.50,3,11339.97,20.675,31.662,1289,42,4
greedy-cheapest,468.00,3,11387.42,53.122,32.139,1291,42,4
greedy-cheapest,468.50,3,11408.88,69.132,33.757,1292,42,4
greedy-cheapest,469.00,3,11454.34,67.137,35.293,1294,42,4
greedy-cheapest,469.50,3,11453.04,44.374,35.506,1294,42,4
greedy-cheapest,470.00,3,11480.48,26.351,35.466,1295,42,4
greedy-cheapest,470.50,3,11505.96,53.131,35.310,1297,42,4
greedy-cheapest,471.00,3,11504.66,24.397,33.313,1297,42,4
greedy-cheapest,471.50,3,11561.14,55.405,33.102,1300,42,4
greedy-cheapest,472.00,3,11585.31,63.398,35.105,1301,42,4
greedy-cheapest,472.50,3,11601.00,40.068,34.250,1302,42,4
greedy-cheapest,473.00,3,11623.72,38.628,33.335,1304,42,4
greedy-cheapest,473.50,3,11627.61,12.541,32.950,1305,42,4
greedy-cheapest,474.00,3,11671.50,47.992,33.206,1307,42,4
greedy-cheapest,474.50,3,11688.83,35.970,32.857,1308,42,4
greedy-cheapest,475.00,3,11710.40,39.125,32.368,1310,42,4
greedy-cheapest,475.50,3,11724.51,35.901,32.164,1311,42,4
greedy-cheapest,476.00,3,11761.00,35.410,33.275,1313,42,4
greedy-cheapest,476.50,3,11793.27,68.977,35.785,1314,42,4
greedy-cheapest,477.00,3,11791.97,-2.383,35.312,1314,42,4
greedy-cheapest,477.50,3,11807.17,14.116,35.526,1315,42,4
greedy-cheapest,478.00,3,11805.87,14.116,36.213,1315,42,4
greedy-cheapest,478.50,3,11804.57,-2.383,36.213,1315,42,4
greedy-cheapest,479.00,3,11823.44,17.789,36.374,1316,42,4
greedy-cheapest,479.50,3,11822.14,17.789,36.254,1316,42,4
greedy-cheapest,480.00,3,11880.20,56.976,36.415,1319,42,4
greedy-cheapest,480.50,3,11878.90,56.976,35.908,1319,42,4
greedy-cheapest,481.00,3,11911.18,31.200,34.411,1321,42,4
greedy-cheapest,481.50,3,11926.33,47.644,34.547,1322,42,4
greedy-cheapest,482.00,3,11948.62,21.212,34.333,1324,42,4
greedy-cheapest,482.50,3,11960.59,34.479,33.556,1325,42,4
greedy-cheapest,483.00,3,11987.11,25.435,33.599,1327,42,4
greedy-cheapest,483.50,3,12005.53,45.157,33.172,1328,42,4
greedy-cheapest,484.00,3,12035.16,28.544,31.720,1330,42,4
greedy-cheapest,484.50,3,12056.69,31.125,31.347,1331,42,4
greedy-cheapest,485.00,3,12063.17,5.393,29.962,1332,42,4
greedy-cheapest,485.50,3,12097.51,41.036,31.150,1334,42,4
greedy-cheapest,486.00,3,12111.17,48.212,31.159,1335,42,4
greedy-cheapest,486.50,3,12119.01,21.714,30.565,1336,42,4
greedy-cheapest,487.00,3,12152.35,41.403,30.660,1338,42,4
greedy-cheapest,487.50,3,12167.63,22.537,30.103,1339,42,4
greedy-cheapest,488.00,3,12215.26,63.124,31.258,1341,42,4
greedy-cheapest,488.50,3,12213.96,26.178,29.474,1341,42,4
greedy-cheapest,489.00,3,12212.66,-2.383,29.474,1341,42,4
greedy-cheapest,489.50,3,12211.36,-2.383,28.787,1341,42,4
greedy-cheapest,490.00,3,12210.06,-2.383,28.100,1341,42,4
greedy-cheapest,490.50,3,12208.76,-2.383,28.100,1341,42,4
greedy-cheapest,491.00,3,12207.46,-2.383,27.259,1341,42,4
greedy-cheapest,491.50,3,273.15,64.605,29.210,1344,42,4
greedy-cheapest,492.00,4,253.85,64.605,29.528,1344,42,5
greedy-cheapest,492.50,4,247.30,44.365,29.002,1345,42,8
greedy-cheapest,493.00,4,113.84,132.263,33.213,1349,43,8
greedy-cheapest,493.50,4,111.27,84.404,34.745,1349,43,8
greedy-cheapest,494.00,4,178.72,65.312,36.582,1352,43,8
greedy-cheapest,494.50,4,238.46,64.101,37.817,1355,43,8
greedy-cheapest,495.00,4,249.15,70.855,39.709,1356,43,8
greedy-cheapest,495.50,4,276.00,37.969,39.410,1358,43,8
greedy-cheapest,496.00,4,314.00,65.277,40.940,1359,43,8
greedy-cheapest,496.50,4,367.88,92.304,43.489,1361,43,8
greedy-cheapest,497.00,4,381.89,68.317,46.111,1362,43,8
greedy-cheapest,497.50,4,460.03,92.577,48.259,1363,43,8
greedy-cheapest,498.00,4,478.78,97.319,50.305,1364,43,8
greedy-cheapest,498.50,4,96.96,121.359,54.457,1366,44,8
greedy-cheapest,499.00,4,104.34,45.126,54.612,1367,44,8
greedy-cheapest,499.50,4,101.77,5.244,53.891,1367,44,8
greedy-cheapest,500.00,4,99.21,-4.707,51.065,1367,44,8
greedy-cheapest,500.50,4,96.64,-4.707,49.778,1367,44,8
greedy-cheapest,501.00,4,153.41,54.635,52.154,1369,44,8
greedy-cheapest,501.50,4,150.84,54.635,54.530,1369,44,8
greedy-cheapest,502.00,4,148.28,-4.707,54.433,1369,44,8
greedy-cheapest,502.50,4,145.71,-4.707,54.336,1369,44,8
greedy-cheapest,503.00,4,166.67,18.820,55.219,1370,44,8
greedy-cheapest,503.50,4,186.14,40.857,54.230,1371,44,8
greedy-cheapest,504.00,4,275.66,109.416,56.097,1373,44,8
greedy-cheapest,504.50,4,283.28,79.084,57.544,1374,44,8
greedy-cheapest,505.00,4,399.48,124.247,57.210,1377,44,8
greedy-cheapest,505.50,4,396.91,114.062,58.445,1377,44,8
greedy-cheapest,506.00,4,402.12,3.069,55.852,1378,44,8
greedy-cheapest,506.50,4,399.55,3.069,53.309,1378,44,8
greedy-cheapest,507.00,4,396.98,-4.707,50.161,1378,44,8
greedy-cheapest,507.50,4,394.42,-4.707,48.382,1378,44,8
greedy-cheapest,508.00,4,411.74,15.185,46.295,1379,44,8
greedy-cheapest,508.50,4,450.87,56.883,44.819,1381,44,8
greedy-cheapest,509.00,4,510.95,84.017,45.473,1382,44,8
greedy-cheapest,509.50,4,508.39,57.944,44.030,1382,44,8
greedy-cheapest,510.00,4,505.82,-4.707,39.779,1382,44,8
greedy-cheapest,510.50,4,503.25,-4.707,34.527,1382,44,8
greedy-cheapest,511.00,4,500.68,-4.707,32.450,1382,44,8
greedy-cheapest,511.50,4,517.95,15.131,32.862,1383,44,8
greedy-cheapest,512.00,4,565.90,65.646,35.794,1385,44,8
greedy-cheapest,512.50,4,563.34,45.808,37.898,1385,44,8
greedy-cheapest,513.00,4,560.77,-4.707,35.426,1385,44,8
greedy-cheapest,513.50,4,558.20,-4.707,32.953,1385,44,8
greedy-cheapest,514.00,4,555.63,-4.707,32.953,1385,44,8
greedy-cheapest,514.50,4,553.07,-4.707,32.953,1385,44,8
greedy-cheapest,515.00,4,601.29,46.090,34.089,1386,44,8
greedy-cheapest,515.50,4,598.73,-4.707,32.191,1386,44,8
greedy-cheapest,516.00,4,596.16,-4.707,27.436,1386,44,8
greedy-cheapest,516.50,4,612.59,14.291,24.736,1387,44,8
greedy-cheapest,517.00,4,643.93,48.200,21.567,1389,44,8
greedy-cheapest,517.50,4,641.36,29.202,18.032,1389,44,8
greedy-cheapest,518.00,4,638.80,-4.707,17.708,1389,44,8
greedy-cheapest,518.50,4,636.23,-4.707,17.384,1389,44,8
greedy-cheapest,519.00,4,675.15,36.785,19.112,1391,44,8
greedy-cheapest,519.50,4,705.08,69.275,22.195,1392,44,8
greedy-cheapest,520.00,4,747.07,72.339,24.576,1393,44,8
greedy-cheapest,520.50,4,815.23,66.021,24.957,1396,44,8
greedy-cheapest,521.00,4,812.66,66.021,24.207,1396,44,8
greedy-cheapest,521.50,4,848.13,33.332,23.182,1397,44,8
greedy-cheapest,522.00,4,121.95,79.720,26.700,1399,45,8
greedy-cheapest,522.50,4,133.29,55.585,29.212,1400,45,8
greedy-cheapest,523.00,4,212.79,91.268,33.211,1403,45,8
greedy-cheapest,523.50,4,210.22,77.363,35.804,1403,45,8
greedy-cheapest,524.00,4,217.04,4.676,33.263,1404,45,8
greedy-cheapest,524.50,4,214.47,4.676,31.549,1404,45,8
greedy-cheapest,525.00,4,211.90,-4.707,31.549,1404,45,8
greedy-cheapest,525.50,4,209.34,-4.707,31.549,1404,45,8
greedy-cheapest,526.00,4,206.77,-4.707,31.549,1404,45,8
greedy-cheapest,526.50,4,204.20,-4.707,31.549,1404,45,8
greedy-cheapest,527.00,4,201.63,-4.707,29.433,1404,45,8
greedy-cheapest,527.50,4,199.07,-4.707,29.433,1404,45,8
greedy-cheapest,528.00,4,196.50,-4.707,29.433,1404,45,8
greedy-cheapest,528.50,4,204.68,6.043,29.089,1405,45,8
greedy-cheapest,529.00,4,273.62,77.547,30.312,1408,45,8
greedy-cheapest,529.50,4,271.05,66.797,31.879,1408,45,8
greedy-cheapest,530.00,4,294.14,20.947,32.947,1409,45,8
greedy-cheapest,530.50,4,291.57,20.947,34.016,1409,45,8
greedy-cheapest,531.00,4,289.00,-4.707,32.288,1409,45,8
greedy-cheapest,531.50,4,286.43,-4.707,29.205,1409,45,8
greedy-cheapest,532.00,4,283.87,-4.707,25.995,1409,45,8
greedy-cheapest,532.50,4,146.98,80.978,26.618,1411,46,8
greedy-cheapest,533.00,4,165.56,102.124,28.122,1412,46,8
greedy-cheapest,533.50,4,227.38,80.820,30.101,1415,46,8
greedy-cheapest,534.00,4,224.81,59.674,29.266,1415,46,8
greedy-cheapest,534.50,4,233.60,6.651,27.227,1416,46,8
greedy-cheapest,535.00,4,231.03,6.651,23.701,1416,46,8
greedy-cheapest,535.50,4,228.46,-4.707,20.281,1416,46,8
greedy-cheapest,536.00,4,225.90,-4.707,19.890,1416,46,8
greedy-cheapest,536.50,4,244.40,16.361,20.377,1417,46,8
greedy-cheapest,537.00,4,272.67,47.201,22.540,1418,46,8
greedy-cheapest,537.50,4,309.13,65.160,25.451,1419,46,8
greedy-cheapest,538.00,4,326.06,53.818,27.890,1420,46,8
greedy-cheapest,538.50,4,323.49,14.791,28.702,1420,46,8
greedy-cheapest,539.00,4,348.19,22.563,29.838,1421,46,8
greedy-cheapest,539.50,4,345.63,22.563,30.975,1421,46,8
greedy-cheapest,540.00,4,343.06,-4.707,30.975,1421,46,8
greedy-cheapest,540.50,4,357.92,12.725,31.253,1422,46,8
greedy-cheapest,541.00,4,408.64,66.011,30.772,1424,46,8
greedy-cheapest,541.50,4,406.08,48.579,30.013,1424,46,8
greedy-cheapest,542.00,4,446.74,38.529,30.746,1425,46,8
greedy-cheapest,542.50,4,472.77,67.126,32.670,1427,46,8
greedy-cheapest,543.00,4,529.24,82.928,36.322,1428,46,8
greedy-cheapest,543.50,4,93.23,104.883,40.888,1430,47,8
greedy-cheapest,544.00,4,139.18,94.362,45.016,1431,47,8
greedy-cheapest,544.50,4,136.61,43.810,43.467,1431,47,8
greedy-cheapest,545.00,4,134.04,-4.707,39.016,1431,47,8
greedy-cheapest,545.50,4,131.48,-4.707,35.452,1431,47,8
greedy-cheapest,546.00,4,128.91,-4.707,32.770,1431,47,8
greedy-cheapest,546.50,4,126.34,-4.707,32.296,1431,47,8
greedy-cheapest,547.00,4,123.77,-4.707,31.823,1431,47,8
greedy-cheapest,547.50,4,121.21,-4.707,31.823,1431,47,8
greedy-cheapest,548.00,4,118.64,-4.707,31.823,1431,47,8
greedy-cheapest,548.50,4,116.07,-4.707,30.945,1431,47,8
greedy-cheapest,549.00,4,113.50,-4.707,28.782,1431,47,8
greedy-cheapest,549.50,4,110.94,-4.707,25.871,1431,47,8
greedy-cheapest,550.00,4,108.37,-4.707,23.433,1431,47,8
greedy-cheapest,550.50,4,105.80,-4.707,22.620,1431,47,8
greedy-cheapest,551.00,4,103.23,-4.707,21.484,1431,47,8
greedy-cheapest,551.50,4,100.67,-4.707,20.348,1431,47,8
greedy-cheapest,552.00,4,98.10,-4.707,20.348,1431,47,8
greedy-cheapest,552.50,4,95.53,-4.707,19.621,1431,47,8
greedy-cheapest,553.00,4,92.96,-4.707,16.675,1431,47,8
greedy-cheapest,553.50,4,90.40,-4.707,14.455,1431,47,8
greedy-cheapest,554.00,4,87.83,-4.707,12.653,1431,47,8
greedy-cheapest,554.50,4,85.26,-4.707,9.660,1431,47,8
greedy-cheapest,555.00,4,82.69,-4.707,6.009,1431,47,8
greedy-cheapest,555.50,4,80.13,-4.707,1.442,1431,47,8
greedy-cheapest,556.00,4,77.56,-4.707,-2.686,1431,47,8
greedy-cheapest,556.50,4,74.99,-4.707,-4.707,1431,47,8
greedy-cheapest,557.00,4,72.42,-4.707,-4.707,1431,47,8
greedy-cheapest,557.50,4,69.86,-4.707,-4.707,1431,47,8
greedy-cheapest,558.00,4,67.29,-4.707,-4.707,1431,47,8
greedy-cheapest,558.50,4,64.72,-4.707,-4.707,1431,47,8
greedy-cheapest,559.00,4,62.15,-4.707,-4.707,1431,47,8
greedy-cheapest,559.50,4,59.59,-4.707,-4.707,1431,47,8
greedy-cheapest,560.00,4,57.02,-4.707,-4.707,1431,47,8
greedy-cheapest,560.50,4,54.45,-4.707,-4.707,1431,47,8
greedy-cheapest,561.00,4,51.88,-4.707,-4.707,1431,47,8
greedy-cheapest,561.50,4,49.32,-4.707,-4.707,1431,47,8
greedy-cheapest,562.00,4,46.75,-4.707,-4.707,1431,47,8
greedy-cheapest,562.50,4,44.18,-4.707,-4.707,1431,47,8
greedy-cheapest,563.00,4,41.61,-4.707,-4.707,1431,47,8
greedy-cheapest,563.50,4,39.05,-4.707,-4.707,1431,47,8
greedy-cheapest,564.00,4,36.48,-4.707,-4.707,1431,47,8
greedy-cheapest,564.50,4,33.91,-4.707,-4.707,1431,47,8
greedy-cheapest,565.00,4,31.34,-4.707,-4.707,1431,47,8
greedy-cheapest,565.50,4,28.78,-4.707,-4.707,1431,47,8
greedy-cheapest,566.00,4,26.21,-4.707,-4.707,1431,47,8
greedy-cheapest,566.50,4,23.64,-4.707,-4.707,1431,47,8
greedy-cheapest,567.00,4,21.07,-4.707,-4.707,1431,47,8
greedy-cheapest,567.50,4,18.51,-4.707,-4.707,1431,47,8
greedy-cheapest,568.00,4,15.94,-4.707,-4.707,1431,47,8
greedy-cheapest,568.50,4,13.37,-4.707,-4.707,1431,47,8
greedy-cheapest,569.00,4,10.80,-4.707,-4.707,1431,47,8
greedy-cheapest,569.50,4,8.24,-4.707,-4.707,1431,47,8
greedy-cheapest,570.00,4,5.67,-4.707,-4.707,1431,47,8
greedy-cheapest,570.50,4,3.10,-4.707,-4.707,1431,47,8
greedy-cheapest,571.00,4,0.53,-4.707,-4.707,1431,47,8
greedy-cheapest,571.50,4,0.00,-2.673,-4.622,1431,47,8
greedy-cheapest,572.00,4,0.00,-0.106,-4.431,1431,47,8
greedy-cheapest,572.50,4,0.00,0.000,-4.234,1431,47,8
greedy-cheapest,573.00,4,0.00,0.000,-4.038,1431,47,8
greedy-cheapest,573.50,4,0.00,0.000,-3.842,1431,47,8
greedy-cheapest,574.00,4,0.00,0.000,-3.646,1431,47,8
greedy-cheapest,574.50,4,0.00,0.000,-3.450,1431,47,2
greedy-cheapest,575.00,4,0.00,0.000,-3.254,1431,47,0
greedy-cheapest,575.50,4,0.00,0.000,-3.058,1431,47,0
greedy-cheapest,576.00,4,0.00,0.000,-2.862,1431,47,0
greedy-cheapest,576.50,4,0.00,0.000,-2.665,1431,47,0
greedy-cheapest,577.00,4,0.00,0.000,-2.469,1431,47,0
greedy-cheapest,577.50,4,0.00,0.000,-2.273,1431,47,0
greedy-cheapest,578.00,4,0.00,0.000,-2.077,1431,47,0
greedy-cheapest,578.50,4,0.00,0.000,-1.881,1431,47,0
greedy-cheapest,579.00,4,0.00,0.000,-1.685,1431,47,0
greedy-cheapest,579.50,4,0.00,0.000,-1.489,1431,47,0
greedy-cheapest,580.00,4,0.00,0.000,-1.293,1431,47,0
greedy-cheapest,580.50,4,0.00,0.000,-1.096,1431,47,0
greedy-cheapest,581.00,4,0.00,0.000,-0.900,1431,47,0
greedy-cheapest,581.50,4,0.00,0.000,-0.704,1431,47,0
greedy-cheapest,582.00,4,0.00,0.000,-0.508,1431,47,0
greedy-cheapest,582.50,4,0.00,0.000,-0.312,1431,47,0
greedy-cheapest,583.00,4,0.00,0.000,-0.116,1431,47,0
greedy-cheapest,583.50,4,0.00,0.000,-0.004,1431,47,0
greedy-cheapest,584.00,4,0.00,0.000,0.000,1431,47,0
greedy-cheapest,584.50,4,0.00,0.000,0.000,1431,47,0
greedy-cheapest,585.00,4,0.00,0.000,0.000,1431,47,0
greedy-cheapest,585.50,4,0.00,0.000,0.000,1431,47,0
greedy-cheapest,586.00,4,0.00,0.000,0.000,1431,47,0
greedy-cheapest,586.50,4,0.00,0.000,0.000,1431,47,0
greedy-cheapest,587.00,4,0.00,0.000,0.000,1431,47,0
greedy-cheapest,587.50,4,0.00,0.000,0.000,1431,47,0
greedy-cheapest,588.00,4,0.00,0.000,0.000,1431,47,0
greedy-cheapest,588.50,4,0.00,0.000,0.000,1431,47,0
greedy-cheapest,589.00,4,0.00,0.000,0.000,1431,47,0
greedy-cheapest,589.50,4,0.00,0.000,0.000,1431,47,0
greedy-cheapest,590.00,4,0.00,0.000,0.000,1431,47,0
greedy-cheapest,590.50,4,0.00,0.000,0.000,1431,47,0
greedy-cheapest,591.00,4,0.00,0.000,0.000,1431,47,0
greedy-cheapest,591.50,4,0.00,0.000,0.000,1431,47,0
greedy-cheapest,592.00,4,0.00,0.000,0.000,1431,47,0
greedy-cheapest,592.50,4,0.00,0.000,0.000,1431,47,0
greedy-cheapest,593.00,4,0.00,0.000,0.000,1431,47,0
greedy-cheapest,593.50,4,0.00,0.000,0.000,1431,47,0
greedy-cheapest,594.00,4,0.00,0.000,0.000,1431,47,0
greedy-cheapest,594.50,4,0.00,0.000,0.000,1431,47,0
greedy-cheapest,595.00,4,0.00,0.000,0.000,1431,47,0
greedy-cheapest,595.50,4,0.00,0.000,0.000,1431,47,0
greedy-cheapest,596.00,4,0.00,0.000,0.000,1431,47,0
greedy-cheapest,596.50,4,0.00,0.000,0.000,1431,47,0
greedy-cheapest,597.00,4,0.00,0.000,0.000,1431,47,0
greedy-cheapest,597.50,4,0.00,0.000,0.000,1431,47,0
greedy-cheapest,598.00,4,0.00,0.000,0.000,1431,47,0
greedy-cheapest,598.50,4,0.00,0.000,0.000,1431,47,0
greedy-cheapest,599.00,4,0.00,0.000,0.000,1431,47,0
greedy-cheapest,599.50,4,0.00,0.000,0.000,1431,47,0
greedy-cheapest,600.00,4,0.00,0.000,0.000,1431,47,0
greedy-cheapest,600.50,4,0.00,0.000,0.000,1431,47,0
greedy-cheapest,601.00,4,0.00,0.000,0.000,1431,47,0
greedy-cheapest,601.50,4,0.00,0.000,0.000,1431,47,0
greedy-cheapest,602.00,4,0.00,0.000,0.000,1431,47,0
greedy-cheapest,602.50,4,0.00,0.000,0.000,1431,47,0
greedy-cheapest,603.00,4,0.00,0.000,0.000,1431,47,0
greedy-cheapest,603.50,4,0.00,0.000,0.000,1431,47,0
greedy-cheapest,604.00,4,0.00,0.000,0.000,1431,47,0
greedy-cheapest,604.50,4,0.00,0.000,0.000,1431,47,0
greedy-cheapest,605.00,4,0.00,0.000,0.000,1431,47,0
greedy-cheapest,605.50,4,0.00,0.000,0.000,1431,47,0
greedy-cheapest,606.00,4,0.00,0.000,0.000,1431,47,0
greedy-cheapest,606.50,4,0.00,0.000,0.000,1431,47,0
greedy-cheapest,607.00,4,0.00,0.000,0.000,1431,47,0
greedy-cheapest,607.50,4,0.00,0.000,0.000,1431,47,0
greedy-cheapest,608.00,4,0.00,0.000,0.000,1431,47,0
greedy-cheapest,608.50,4,0.00,0.000,0.000,1431,47,0
greedy-cheapest,609.00,4,0.00,0.000,0.000,1431,47,0
greedy-cheapest,609.50,4,0.00,0.000,0.000,1431,47,0
greedy-cheapest,610.00,4,0.00,0.000,0.000,1431,47,0
greedy-cheapest,610.50,4,0.00,0.000,0.000,1431,47,0
greedy-cheapest,611.00,4,0.00,0.000,0.000,1431,47,0
greedy-cheapest,611.50,4,0.00,0.000,0.000,1431,47,0
greedy-cheapest,612.00,4,0.00,0.000,0.000,1431,47,0
greedy-cheapest,612.50,4,0.00,0.000,0.000,1431,47,0
greedy-cheapest,613.00,4,0.00,0.000,0.000,1431,47,0
greedy-cheapest,613.50,4,0.00,0.000,0.000,1431,47,0
greedy-cheapest,614.00,4,0.00,0.000,0.000,1431,47,0
greedy-cheapest,614.50,4,0.00,0.000,0.000,1431,47,0
greedy-cheapest,615.00,4,0.00,0.000,0.000,1431,47,0
greedy-cheapest,615.50,4,0.00,0.000,0.000,1431,47,0
greedy-cheapest,616.00,4,0.00,0.000,0.000,1431,47,0
greedy-cheapest,616.50,4,0.00,0.000,0.000,1431,47,0
greedy-cheapest,617.00,4,0.00,0.000,0.000,1431,47,0
greedy-cheapest,617.50,4,0.00,0.000,0.000,1431,47,0
greedy-cheapest,618.00,4,0.00,0.000,0.000,1431,47,0
greedy-cheapest,618.50,4,0.00,0.000,0.000,1431,47,0
greedy-cheapest,619.00,4,0.00,0.000,0.000,1431,47,0
greedy-cheapest,619.50,4,0.00,0.000,0.000,1431,47,0
greedy-cheapest,620.00,4,0.00,0.000,0.000,1431,47,0
greedy-cheapest,620.50,4,0.00,0.000,0.000,1431,47,0
greedy-cheapest,621.00,4,0.00,0.000,0.000,1431,47,0
greedy-cheapest,621.50,4,0.00,0.000,0.000,1431,47,0
greedy-cheapest,622.00,4,0.00,0.000,0.000,1431,47,0
greedy-cheapest,622.50,4,0.00,0.000,0.000,1431,47,0
greedy-cheapest,623.00,4,0.00,0.000,0.000,1431,47,0
greedy-cheapest,623.50,4,0.00,0.000,0.000,1431,47,0
greedy-cheapest,624.00,4,0.00,0.000,0.000,1431,47,0
greedy-cheapest,624.50,4,0.00,0.000,0.000,1431,47,0
greedy-cheapest,625.00,4,0.00,0.000,0.000,1431,47,0
greedy-cheapest,625.50,4,0.00,0.000,0.000,1431,47,0
greedy-cheapest,626.00,4,0.00,0.000,0.000,1431,47,0
greedy-cheapest,626.50,4,0.00,0.000,0.000,1431,47,0
greedy-cheapest,627.00,4,0.00,0.000,0.000,1431,47,0
greedy-cheapest,627.50,4,0.00,0.000,0.000,1431,47,0
greedy-cheapest,628.00,4,0.00,0.000,0.000,1431,47,0
greedy-cheapest,628.50,4,0.00,0.000,0.000,1431,47,0
greedy-cheapest,629.00,4,0.00,0.000,0.000,1431,47,0
greedy-cheapest,629.50,4,0.00,0.000,0.000,1431,47,0
greedy-cheapest,630.00,4,0.00,0.000,0.000,1431,47,0
greedy-cheapest,630.50,4,0.00,0.000,0.000,1431,47,0
greedy-cheapest,631.00,4,0.00,0.000,0.000,1431,47,0
greedy-cheapest,631.50,4,0.00,0.000,0.000,1431,47,0
greedy-cheapest,632.00,4,0.00,0.000,0.000,1431,47,0
greedy-cheapest,632.50,4,0.00,0.000,0.000,1431,47,0
greedy-cheapest,633.00,4,0.00,0.000,0.000,1431,47,0
greedy-cheapest,633.50,4,0.00,0.000,0.000,1431,47,0
greedy-cheapest,634.00,4,0.00,0.000,0.000,1431,47,0
greedy-cheapest,634.50,4,0.00,0.000,0.000,1431,47,0
greedy-cheapest,635.00,4,0.00,0.000,0.000,1431,47,0
greedy-cheapest,635.50,4,0.00,0.000,0.000,1431,47,0
greedy-cheapest,636.00,4,0.00,0.000,0.000,1431,47,0
greedy-cheapest,636.50,4,0.00,0.000,0.000,1431,47,0
greedy-cheapest,637.00,4,0.00,0.000,0.000,1431,47,0
greedy-cheapest,637.50,4,0.00,0.000,0.000,1431,47,0
greedy-cheapest,638.00,4,0.00,0.000,0.000,1431,47,0
greedy-cheapest,638.50,4,0.00,0.000,0.000,1431,47,0
greedy-cheapest,639.00,4,0.00,0.000,0.000,1431,47,0
greedy-cheapest,639.50,4,0.00,0.000,0.000,1431,47,0
greedy-cheapest,640.00,4,0.00,0.000,0.000,1431,47,0
greedy-cheapest,640.50,4,0.00,0.000,0.000,1431,47,0
greedy-cheapest,641.00,4,0.00,0.000,0.000,1431,47,0
greedy-cheapest,641.50,4,0.00,0.000,0.000,1431,47,0
greedy-cheapest,642.00,4,0.00,0.000,0.000,1431,47,0
greedy-cheapest,642.50,4,0.00,0.000,0.000,1431,47,0
greedy-cheapest,643.00,4,0.00,0.000,0.000,1431,47,0
greedy-cheapest,643.50,4,0.00,0.000,0.000,1431,47,0
greedy-cheapest,644.00,4,0.00,0.000,0.000,1431,47,0
greedy-cheapest,644.50,4,0.00,0.000,0.000,1431,47,0
greedy-cheapest,645.00,4,0.00,0.000,0.000,1431,47,0
greedy-cheapest,645.50,4,0.00,0.000,0.000,1431,47,0
greedy-cheapest,646.00,4,0.00,0.000,0.000,1431,47,0
greedy-cheapest,646.50,4,0.00,0.000,0.000,1431,47,0
greedy-cheapest,647.00,4,0.00,0.000,0.000,1431,47,0
greedy-cheapest,647.50,4,0.00,0.000,0.000,1431,47,0
greedy-cheapest,648.00,4,0.00,0.000,0.000,1431,47,0
greedy-cheapest,648.50,4,0.00,0.000,0.000,1431,47,0
greedy-cheapest,649.00,4,0.00,0.000,0.000,1431,47,0
greedy-cheapest,649.50,4,0.00,0.000,0.000,1431,47,0
greedy-cheapest,650.00,4,0.00,0.000,0.000,1431,47,0
greedy-cheapest,650.50,4,0.00,0.000,0.000,1431,47,0
greedy-cheapest,651.00,4,0.00,0.000,0.000,1431,47,0
greedy-cheapest,651.50,4,0.00,0.000,0.000,1431,47,0
greedy-cheapest,652.00,4,0.00,0.000,0.000,1431,47,0
greedy-cheapest,652.50,4,0.00,0.000,0.000,1431,47,0
greedy-cheapest,653.00,4,0.00,0.000,0.000,1431,47,0
greedy-cheapest,653.50,4,0.00,0.000,0.000,1431,47,0
greedy-cheapest,654.00,4,0.00,0.000,0.000,1431,47,0
greedy-cheapest,654.50,4,0.00,0.000,0.000,1431,47,0
greedy-cheapest,655.00,4,0.00,0.000,0.000,1431,47,0
greedy-cheapest,655.50,4,0.00,0.000,0.000,1431,47,0
greedy-cheapest,656.00,4,0.00,0.000,0.000,1431,47,0
greedy-cheapest,656.50,4,0.00,0.000,0.000,1431,47,0
greedy-cheapest,657.00,4,0.00,0.000,0.000,1431,47,0
greedy-cheapest,657.50,4,0.00,0.000,0.000,1431,47,0
greedy-cheapest,658.00,4,0.00,0.000,0.000,1431,47,0
greedy-cheapest,658.50,4,0.00,0.000,0.000,1431,47,0
greedy-cheapest,659.00,4,0.00,0.000,0.000,1431,47,0
greedy-cheapest,659.50,4,0.00,0.000,0.000,1431,47,0
greedy-cheapest,660.00,4,0.00,0.000,0.000,1431,47,0
greedy-cheapest,660.50,4,0.00,0.000,0.000,1431,47,0
greedy-cheapest,661.00,4,0.00,0.000,0.000,1431,47,0
greedy-cheapest,661.50,4,0.00,0.000,0.000,1431,47,0
greedy-cheapest,662.00,4,0.00,0.000,0.000,1431,47,0
greedy-cheapest,662.50,4,0.00,0.000,0.000,1431,47,0
greedy-cheapest,663.00,4,0.00,0.000,0.000,1431,47,0
greedy-cheapest,663.50,4,0.00,0.000,0.000,1431,47,0
greedy-cheapest,664.00,4,0.00,0.000,0.000,1431,47,0
greedy-cheapest,664.50,4,0.00,0.000,0.000,1431,47,0
greedy-cheapest,665.00,4,0.00,0.000,0.000,1431,47,0
greedy-cheapest,665.50,4,0.00,0.000,0.000,1431,47,0
greedy-cheapest,666.00,4,0.00,0.000,0.000,1431,47,0
greedy-cheapest,666.50,4,0.00,0.000,0.000,1431,47,0
greedy-cheapest,667.00,4,0.00,0.000,0.000,1431,47,0
greedy-cheapest,667.50,4,0.00,0.000,0.000,1431,47,0
greedy-cheapest,668.00,4,0.00,0.000,0.000,1431,47,0
greedy-cheapest,668.50,4,0.00,0.000,0.000,1431,47,0
greedy-cheapest,669.00,4,0.00,0.000,0.000,1431,47,0
greedy-cheapest,669.50,4,0.00,0.000,0.000,1431,47,0
greedy-cheapest,670.00,4,0.00,0.000,0.000,1431,47,0
greedy-cheapest,670.50,4,0.00,0.000,0.000,1431,47,0
greedy-cheapest,671.00,4,0.00,0.000,0.000,1431,47,0
greedy-cheapest,671.50,4,0.00,0.000,0.000,1431,47,0
greedy-cheapest,672.00,4,0.00,0.000,0.000,1431,47,0
greedy-cheapest,672.50,4,0.00,0.000,0.000,1431,47,0
greedy-cheapest,673.00,4,0.00,0.000,0.000,1431,47,0
greedy-cheapest,673.50,4,0.00,0.000,0.000,1431,47,0
greedy-cheapest,674.00,4,0.00,0.000,0.000,1431,47,0
greedy-cheapest,674.50,4,0.00,0.000,0.000,1431,47,0
greedy-cheapest,675.00,4,0.00,0.000,0.000,1431,47,0
greedy-cheapest,675.50,4,0.00,0.000,0.000,1431,47,0
greedy-cheapest,676.00,4,0.00,0.000,0.000,1431,47,0
greedy-cheapest,676.50,4,0.00,0.000,0.000,1431,47,0
greedy-cheapest,677.00,4,0.00,0.000,0.000,1431,47,0
greedy-cheapest,677.50,4,0.00,0.000,0.000,1431,47,0
greedy-cheapest,678.00,4,0.00,0.000,0.000,1431,47,0
greedy-cheapest,678.50,4,0.00,0.000,0.000,1431,47,0
greedy-cheapest,679.00,4,0.00,0.000,0.000,1431,47,0
greedy-cheapest,679.50,4,0.00,0.000,0.000,1431,47,0
greedy-cheapest,680.00,4,0.00,0.000,0.000,1431,47,0
greedy-cheapest,680.50,4,0.00,0.000,0.000,1431,47,0
greedy-cheapest,681.00,4,0.00,0.000,0.000,1431,47,0
greedy-cheapest,681.50,4,0.00,0.000,0.000,1431,47,0
greedy-cheapest,682.00,4,0.00,0.000,0.000,1431,47,0
greedy-cheapest,682.50,4,0.00,0.000,0.000,1431,47,0
greedy-cheapest,683.00,4,0.00,0.000,0.000,1431,47,0
greedy-cheapest,683.50,4,0.00,0.000,0.000,1431,47,0
greedy-cheapest,684.00,4,0.00,0.000,0.000,1431,47,0
greedy-cheapest,684.50,4,0.00,0.000,0.000,1431,47,0
greedy-cheapest,685.00,4,0.00,0.000,0.000,1431,47,0
greedy-cheapest,685.50,4,0.00,0.000,0.000,1431,47,0
greedy-cheapest,686.00,4,0.00,0.000,0.000,1431,47,0
greedy-cheapest,686.50,4,0.00,0.000,0.000,1431,47,0
greedy-cheapest,687.00,4,0.00,0.000,0.000,1431,47,0
greedy-cheapest,687.50,4,0.00,0.000,0.000,1431,47,0
greedy-cheapest,688.00,4,0.00,0.000,0.000,1431,47,0
greedy-cheapest,688.50,4,0.00,0.000,0.000,1431,47,0
greedy-cheapest,689.00,4,0.00,0.000,0.000,1431,47,0
greedy-cheapest,689.50,4,0.00,0.000,0.000,1431,47,0
greedy-cheapest,690.00,4,0.00,0.000,0.000,1431,47,0
greedy-cheapest,690.50,4,0.00,0.000,0.000,1431,47,0
greedy-cheapest,691.00,4,0.00,0.000,0.000,1431,47,0
greedy-cheapest,691.50,4,0.00,0.000,0.000,1431,47,0
greedy-cheapest,692.00,4,0.00,0.000,0.000,1431,47,0
greedy-cheapest,692.50,4,0.00,0.000,0.000,1431,47,0
greedy-cheapest,693.00,4,0.00,0.000,0.000,1431,47,0
greedy-cheapest,693.50,4,0.00,0.000,0.000,1431,47,0
greedy-cheapest,694.00,4,0.00,0.000,0.000,1431,47,0
greedy-cheapest,694.50,4,0.00,0.000,0.000,1431,47,0
greedy-cheapest,695.00,4,0.00,0.000,0.000,1431,47,0
greedy-cheapest,695.50,4,0.00,0.000,0.000,1431,47,0
greedy-cheapest,696.00,4,0.00,0.000,0.000,1431,47,0
greedy-cheapest,696.50,4,0.00,0.000,0.000,1431,47,0
greedy-cheapest,697.00,4,0.00,0.000,0.000,1431,47,0
greedy-cheapest,697.50,4,0.00,0.000,0.000,1431,47,0
greedy-cheapest,698.00,4,0.00,0.000,0.000,1431,47,0
greedy-cheapest,698.50,4,0.00,0.000,0.000,1431,47,0
greedy-cheapest,699.00,4,0.00,0.000,0.000,1431,47,0
greedy-cheapest,699.50,4,0.00,0.000,0.000,1431,47,0
greedy-cheapest,700.00,4,0.00,0.000,0.000,1431,47,0
greedy-cheapest,700.50,4,0.00,0.000,0.000,1431,47,0
greedy-cheapest,701.00,4,0.00,0.000,0.000,1431,47,0
greedy-cheapest,701.50,4,0.00,0.000,0.000,1431,47,0
greedy-cheapest,702.00,4,0.00,0.000,0.000,1431,47,0
greedy-cheapest,702.50,4,0.00,0.000,0.000,1431,47,0
greedy-cheapest,703.00,4,0.00,0.000,0.000,1431,47,0
greedy-cheapest,703.50,4,0.00,0.000,0.000,1431,47,0
greedy-cheapest,704.00,4,0.00,0.000,0.000,1431,47,0
greedy-cheapest,704.50,4,0.00,0.000,0.000,1431,47,0
greedy-cheapest,705.00,4,0.00,0.000,0.000,1431,47,0
greedy-cheapest,705.50,4,0.00,0.000,0.000,1431,47,0
greedy-cheapest,706.00,4,0.00,0.000,0.000,1431,47,0
greedy-cheapest,706.50,4,0.00,0.000,0.000,1431,47,0
greedy-cheapest,707.00,4,0.00,0.000,0.000,1431,47,0
greedy-cheapest,707.50,4,0.00,0.000,0.000,1431,47,0
greedy-cheapest,708.00,4,0.00,0.000,0.000,1431,47,0
greedy-cheapest,708.50,4,0.00,0.000,0.000,1431,47,0
greedy-cheapest,709.00,4,0.00,0.000,0.000,1431,47,0
greedy-cheapest,709.50,4,0.00,0.000,0.000,1431,47,0
greedy-cheapest,710.00,4,0.00,0.000,0.000,1431,47,0
greedy-cheapest,710.50,4,0.00,0.000,0.000,1431,47,0
greedy-cheapest,711.00,4,0.00,0.000,0.000,1431,47,0
greedy-cheapest,711.50,4,0.00,0.000,0.000,1431,47,0
greedy-cheapest,712.00,4,0.00,0.000,0.000,1431,47,0
greedy-cheapest,712.50,4,0.00,0.000,0.000,1431,47,0
greedy-cheapest,713.00,4,0.00,0.000,0.000,1431,47,0
greedy-cheapest,713.50,4,0.00,0.000,0.000,1431,47,0
greedy-cheapest,714.00,4,0.00,0.000,0.000,1431,47,0
greedy-cheapest,714.50,4,0.00,0.000,0.000,1431,47,0
greedy-cheapest,715.00,4,0.00,0.000,0.000,1431,47,0
greedy-cheapest,715.50,4,0.00,0.000,0.000,1431,47,0
greedy-cheapest,716.00,4,0.00,0.000,0.000,1431,47,0
greedy-cheapest,716.50,4,0.00,0.000,0.000,1431,47,0
greedy-cheapest,717.00,4,0.00,0.000,0.000,1431,47,0
greedy-cheapest,717.50,4,0.00,0.000,0.000,1431,47,0
greedy-cheapest,718.00,4,0.00,0.000,0.000,1431,47,0
greedy-cheapest,718.50,4,0.00,0.000,0.000,1431,47,0
greedy-cheapest,719.00,4,0.00,0.000,0.000,1431,47,0
greedy-cheapest,719.50,4,0.00,0.000,0.000,1431,47,0
roi-optimal,0.00,1,0.00,0.000,0.000,0,0,0
roi-optimal,0.50,1,0.00,0.000,0.000,0,0,0
roi-optimal,1.00,1,3.72,3.723,0.000,1,0,0
roi-optimal,1.50,1,1.62,15.615,0.000,4,2,0
roi-optimal,2.00,1,18.42,22.520,0.000,9,2,0
roi-optimal,2.50,1,22.15,18.074,0.000,10,2,0
roi-optimal,3.00,1,37.76,19.338,0.000,14,2,0
roi-optimal,3.50,1,47.20,22.591,0.000,16,2,0
roi-optimal,4.00,1,59.09,21.327,0.000,19,2,0
roi-optimal,4.50,1,65.27,14.351,0.000,21,2,0
roi-optimal,5.00,1,74.71,15.615,0.000,23,2,0
roi-optimal,5.50,1,91.04,25.773,0.000,27,2,0
roi-optimal,6.00,1,106.66,31.955,0.000,31,2,0
roi-optimal,6.50,1,114.04,22.996,0.000,32,2,0
roi-optimal,7.00,1,116.50,9.839,0.000,33,2,0
roi-optimal,7.50,1,120.22,6.181,0.000,34,2,0
roi-optimal,8.00,1,122.68,6.181,0.000,35,2,0
roi-optimal,8.50,1,122.68,2.458,0.000,35,2,0
roi-optimal,9.00,1,122.68,0.000,0.000,35,2,0
roi-optimal,9.50,1,122.68,0.000,0.000,35,2,0
roi-optimal,10.00,1,122.68,0.000,0.000,35,2,0
roi-optimal,10.50,1,122.68,0.000,0.000,35,2,0
roi-optimal,11.00,1,122.68,0.000,0.000,35,2,0
roi-optimal,11.50,1,126.40,3.723,10.928,36,2,0
roi-optimal,12.00,1,128.86,6.181,11.185,37,2,0
roi-optimal,12.50,1,145.20,18.798,11.968,41,2,0
roi-optimal,13.00,1,148.92,20.062,12.649,42,2,0
roi-optimal,13.50,1,157.09,11.892,12.494,44,2,0
roi-optimal,14.00,1,157.09,8.170,11.896,44,2,0
roi-optimal,14.50,1,162.80,5.711,11.381,45,2,0
roi-optimal,15.00,1,182.87,25.773,11.649,50,2,0
roi-optimal,15.50,1,192.77,21.797,11.616,53,2,0
roi-optimal,16.00,1,205.93,19.338,11.533,56,2,0
roi-optimal,16.50,1,210.84,14.351,11.533,58,2,0
roi-optimal,17.00,1,85.20,19.268,11.685,62,2,0
roi-optimal,17.50,2,38.44,31.875,11.940,64,4,2
roi-optimal,18.00,2,23.34,48.144,12.614,66,6,2
roi-optimal,18.50,2,39.22,42.897,13.443,68,6,2
roi-optimal,19.00,2,26.55,34.697,14.479,71,8,2
roi-optimal,19.50,2,29.56,24.284,15.233,72,8,2
roi-optimal,20.00,2,28.84,2.412,15.076,72,8,2
roi-optimal,20.50,2,28.13,-1.311,14.919,72,8,2
roi-optimal,21.00,2,27.41,-1.311,14.865,72,8,2
roi-optimal,21.50,2,26.70,-1.311,14.810,72,8,2
roi-optimal,22.00,2,25.98,-1.311,14.755,72,8,2
roi-optimal,22.50,2,25.27,-1.311,14.701,72,8,2
roi-optimal,23.00,2,24.55,-1.311,14.646,72,8,2
roi-optimal,23.50,2,23.84,-1.311,14.436,72,8,2
roi-optimal,24.00,2,28.83,44.403,16.029,76,9,2
roi-optimal,24.50,2,41.76,49.377,17.303,78,9,2
roi-optimal,25.00,2,48.39,39.968,18.133,82,10,2
roi-optimal,25.50,2,23.06,42.416,19.404,84,11,2
roi-optimal,26.00,2,45.35,32.077,20.400,87,11,2
roi-optimal,26.50,2,53.54,30.605,21.438,88,11,2
roi-optimal,27.00,2,42.07,53.928,22.611,92,13,2
roi-optimal,27.50,2,23.84,65.144,24.417,96,14,2
roi-optimal,28.00,2,35.51,37.564,25.176,97,14,2
roi-optimal,28.50,2,53.10,29.386,25.803,100,14,2
roi-optimal,29.00,2,22.65,55.260,27.302,104,16,2
roi-optimal,29.50,2,40.28,41.076,27.686,106,16,2
roi-optimal,30.00,2,54.94,32.408,27.030,109,16,2
roi-optimal,30.50,2,30.99,34.831,26.694,112,17,2
roi-optimal,31.00,2,65.50,54.683,27.527,115,17,2
roi-optimal,31.50,2,70.95,40.083,28.185,116,17,2
roi-optimal,32.00,2,70.24,4.855,28.287,116,17,2
roi-optimal,32.50,2,80.62,9.780,28.749,117,17,2
roi-optimal,33.00,2,79.90,9.780,29.211,117,17,2
roi-optimal,33.50,2,79.19,-1.311,29.211,117,17,2
roi-optimal,34.00,2,78.47,-1.311,29.211,117,17,2
roi-optimal,34.50,2,77.76,-1.311,29.211,117,17,2
roi-optimal,35.00,2,81.99,3.639,29.417,118,17,2
roi-optimal,35.50,2,91.65,14.014,30.056,119,17,2
roi-optimal,36.00,2,99.82,17.947,28.954,121,17,2
roi-optimal,36.50,2,129.22,37.687,28.467,124,17,2
roi-optimal,37.00,2,160.37,60.668,29.329,127,17,2
roi-optimal,37.50,2,193.08,55.076,29.857,130,17,2
roi-optimal,38.00,2,210.55,40.896,30.224,132,17,2
roi-optimal,38.50,2,249.83,56.863,31.318,136,17,2
roi-optimal,39.00,2,269.65,59.220,31.539,139,17,2
roi-optimal,39.50,2,281.54,28.113,29.996,142,17,2
roi-optimal,40.00,2,298.02,28.492,29.618,145,17,2
roi-optimal,40.50,2,320.72,39.295,30.030,147,17,2
roi-optimal,41.00,2,353.14,45.829,29.638,151,17,2
roi-optimal,41.50,2,370.73,50.133,30.015,154,17,2
roi-optimal,42.00,2,391.71,38.687,30.277,157,17,2
roi-optimal,42.50,2,404.81,30.475,30.095,159,17,2
roi-optimal,43.00,2,417.17,25.586,28.883,161,17,2
roi-optimal,43.50,2,416.46,-1.311,27.158,161,17,2
roi-optimal,44.00,2,421.46,4.400,27.139,162,17,2
roi-optimal,44.50,2,433.35,17.011,27.440,163,17,2
roi-optimal,45.00,2,442.04,20.707,27.896,164,17,2
roi-optimal,45.50,2,441.33,8.096,28.287,164,17,2
roi-optimal,46.00,2,450.51,8.590,28.700,165,17,2
roi-optimal,46.50,2,454.75,13.540,29.319,166,17,2
roi-optimal,47.00,2,454.03,3.639,29.319,166,17,2
roi-optimal,47.50,2,460.69,6.057,28.987,167,17,2
roi-optimal,48.00,2,482.19,28.280,29.418,171,17,2
roi-optimal,48.50,2,504.37,40.075,29.517,173,17,2
roi-optimal,49.00,2,529.63,38.888,28.610,177,17,2
roi-optimal,49.50,2,538.81,28.146,27.488,179,17,2
roi-optimal,50.00,2,574.30,44.782,27.650,183,17,2
roi-optimal,50.50,2,600.32,52.963,27.487,186,17,2
roi-optimal,51.00,2,624.11,49.931,27.100,189,17,2
roi-optimal,51.50,2,646.89,32.331,27.276,193,17,2
roi-optimal,52.00,2,657.83,31.380,27.396,195,17,2
roi-optimal,52.50,2,691.83,45.061,27.637,198,17,2
roi-optimal,53.00,2,727.67,69.958,28.642,202,17,2
roi-optimal,53.50,2,729.41,37.699,28.124,203,17,2
roi-optimal,54.00,2,728.69,1.148,26.560,203,17,2
roi-optimal,54.50,2,762.48,33.186,26.673,207,17,2
roi-optimal,55.00,2,772.93,23.724,26.595,209,17,2
roi-optimal,55.50,2,772.21,9.858,27.060,209,17,2
roi-optimal,56.00,2,771.50,-1.311,26.823,209,17,2
roi-optimal,56.50,2,776.95,4.855,26.316,210,17,2
roi-optimal,57.00,2,776.24,4.855,25.655,210,17,2
roi-optimal,57.50,2,785.42,8.590,25.676,211,17,2
roi-optimal,58.00,2,784.71,8.590,25.676,211,17,2
roi-optimal,58.50,2,783.99,-1.311,25.057,211,17,2
roi-optimal,59.00,2,783.28,-1.311,24.851,211,17,2
roi-optimal,59.50,2,801.50,17.633,25.333,212,17,2
roi-optimal,60.00,2,817.37,34.209,25.580,214,17,2
roi-optimal,60.50,2,847.11,45.721,25.816,218,17,2
roi-optimal,61.00,2,857.48,40.235,25.872,220,17,2
roi-optimal,61.50,2,877.86,30.869,25.985,223,17,2
roi-optimal,62.00,2,886.82,29.454,25.347,225,17,2
roi-optimal,62.50,2,917.89,40.151,24.813,229,17,2
roi-optimal,63.00,2,126.06,39.357,24.372,231,17,2
roi-optimal,63.50,3,43.06,13.293,23.579,232,18,4
roi-optimal,64.00,3,52.93,84.990,25.813,236,19,4
roi-optimal,64.50,3,62.66,63.313,26.573,237,19,4
roi-optimal,65.00,3,75.51,22.802,24.608,239,19,4
roi-optimal,65.50,3,106.90,38.153,24.627,241,19,4
roi-optimal,66.00,3,80.60,62.394,27.179,244,20,4
roi-optimal,66.50,3,88.75,31.220,27.097,245,20,4
roi-optimal,67.00,3,54.90,58.517,28.547,248,21,4
roi-optimal,67.50,3,73.08,51.426,30.279,249,21,4
roi-optimal,68.00,3,131.57,76.885,33.537,252,21,4
roi-optimal,68.50,3,130.27,31.963,34.667,252,21,4
roi-optimal,69.00,3,128.97,-2.383,34.365,252,21,4
roi-optimal,69.50,3,127.67,-2.383,33.908,252,21,4
roi-optimal,70.00,3,126.37,-2.383,33.451,252,21,4
roi-optimal,70.50,3,128.87,1.421,33.564,253,21,4
roi-optimal,71.00,3,127.57,1.421,33.678,253,21,4
roi-optimal,71.50,3,126.27,-2.383,32.844,253,21,4
roi-optimal,72.00,3,124.97,-2.383,31.320,253,21,4
roi-optimal,72.50,3,97.86,69.802,32.323,256,22,4
roi-optimal,73.00,3,123.02,81.555,34.045,258,22,4
roi-optimal,73.50,3,42.79,36.594,34.283,260,23,4
roi-optimal,74.00,3,95.56,66.953,35.846,262,23,4
roi-optimal,74.50,3,150.94,108.370,38.688,265,23,4
roi-optimal,75.00,3,80.18,50.013,39.132,267,24,4
roi-optimal,75.50,3,109.38,70.655,41.522,269,24,4
roi-optimal,76.00,3,139.65,29.188,39.197,271,24,4
roi-optimal,76.50,3,51.76,50.468,38.662,274,25,4
roi-optimal,77.00,3,91.25,55.144,40.009,276,25,4
roi-optimal,77.50,3,129.08,77.532,41.650,279,25,4
roi-optimal,78.00,3,147.20,56.172,41.391,281,25,4
roi-optimal,78.50,3,172.91,44.049,41.926,283,25,4
roi-optimal,79.00,3,56.33,63.347,42.127,285,26,4
roi-optimal,79.50,3,112.44,93.746,43.890,288,26,4
roi-optimal,80.00,3,152.50,96.389,44.703,290,26,4
roi-optimal,80.50,3,151.20,38.981,44.995,290,26,4
roi-optimal,81.00,3,177.55,25.265,46.147,291,26,4
roi-optimal,81.50,3,176.25,25.265,47.299,291,26,4
roi-optimal,82.00,3,174.95,-2.383,47.299,291,26,4
roi-optimal,82.50,3,173.65,-2.383,47.141,291,26,4
roi-optimal,83.00,3,172.35,-2.383,46.982,291,26,4
roi-optimal,83.50,3,185.81,12.370,47.597,292,26,4
roi-optimal,84.00,3,184.51,12.370,48.212,292,26,4
roi-optimal,84.50,3,70.52,38.931,46.925,295,27,4
roi-optimal,85.00,3,90.42,60.135,46.033,296,27,4
roi-optimal,85.50,3,144.51,52.998,46.716,299,27,4
roi-optimal,86.00,3,165.95,75.739,47.082,301,27,4
roi-optimal,86.50,3,66.36,91.075,46.362,304,28,4
roi-optimal,87.00,3,91.61,94.878,48.231,306,28,4
roi-optimal,87.50,3,126.28,60.137,47.793,308,28,4
roi-optimal,88.00,3,149.58,36.973,48.117,309,28,4
roi-optimal,88.50,3,46.73,65.069,48.726,313,29,4
roi-optimal,89.00,3,45.43,2.767,46.543,313,29,4
roi-optimal,89.50,3,104.94,58.428,45.747,317,29,4
roi-optimal,90.00,3,103.64,47.215,45.374,317,29,4
roi-optimal,90.50,3,114.71,9.981,43.954,319,29,4
roi-optimal,91.00,3,153.69,50.268,43.410,322,29,4
roi-optimal,91.50,3,193.29,74.926,42.625,324,29,4
roi-optimal,92.00,3,87.87,103.389,42.917,327,30,4
roi-optimal,92.50,3,104.63,73.897,44.372,328,30,4
roi-optimal,93.00,3,103.33,15.681,43.973,328,30,4
roi-optimal,93.50,3,102.03,-2.383,42.821,328,30,4
roi-optimal,94.00,3,100.73,-2.383,42.821,328,30,4
roi-optimal,94.50,3,99.43,-2.383,42.821,328,30,4
roi-optimal,95.00,3,119.34,18.830,43.704,329,30,4
roi-optimal,95.50,3,141.24,42.030,44.940,330,30,4
roi-optimal,96.00,3,151.48,32.358,45.773,331,30,4
roi-optimal,96.50,3,55.31,83.283,47.621,335,31,4
roi-optimal,97.00,3,68.77,86.506,48.720,336,31,4
roi-optimal,97.50,3,91.35,36.260,48.022,337,31,4
roi-optimal,98.00,3,161.02,92.460,48.719,341,31,4
roi-optimal,98.50,3,168.73,66.666,47.702,342,31,4
roi-optimal,99.00,3,45.87,70.066,46.668,346,32,4
roi-optimal,99.50,3,51.23,67.710,46.984,347,32,4
roi-optimal,100.00,3,93.54,47.887,47.439,350,32,4
roi-optimal,100.50,3,98.20,47.185,46.693,351,32,4
roi-optimal,101.00,3,134.97,41.647,48.313,353,32,4
roi-optimal,101.50,3,185.27,49.220,47.930,356,32,4
roi-optimal,102.00,3,40.19,90.437,49.731,358,33,4
roi-optimal,102.50,3,86.22,86.164,52.905,361,33,4
roi-optimal,103.00,3,140.51,100.540,55.000,364,33,4
roi-optimal,103.50,3,172.79,58.417,54.312,365,33,4
roi-optimal,104.00,3,199.50,59.211,52.471,367,33,4
roi-optimal,104.50,3,41.01,84.438,52.910,369,34,4
roi-optimal,105.00,3,39.71,30.505,53.528,369,34,4
roi-optimal,105.50,3,65.16,24.365,54.642,371,34,4
roi-optimal,106.00,3,63.86,24.365,55.757,371,34,4
roi-optimal,106.50,3,62.56,-2.383,55.757,371,34,4
roi-optimal,107.00,3,90.65,27.007,56.098,373,34,4
roi-optimal,107.50,3,89.35,17.399,55.071,373,34,4
roi-optimal,108.00,3,122.66,32.225,55.066,376,34,4
roi-optimal,108.50,3,140.81,51.675,53.749,377,34,4
roi-optimal,109.00,3,186.87,44.978,52.019,380,34,4
roi-optimal,109.50,3,245.37,104.774,54.873,383,34,4
roi-optimal,110.00,3,254.60,67.941,53.852,384,34,4
roi-optimal,110.50,3,55.71,56.556,53.430,388,35,4
roi-optimal,111.00,3,82.30,73.919,53.591,390,35,4
roi-optimal,111.50,3,128.31,72.817,53.804,393,35,4
roi-optimal,112.00,3,135.44,53.356,54.032,394,35,4
roi-optimal,112.50,3,163.12,35.026,53.525,396,35,4
roi-optimal,113.00,3,249.24,101.747,56.029,400,35,4
roi-optimal,113.50,3,281.52,77.914,57.225,401,35,4
roi-optimal,114.00,3,93.33,90.307,57.219,405,36,4
roi-optimal,114.50,3,92.03,56.725,55.993,405,36,4
roi-optimal,115.00,3,149.57,56.458,54.156,408,36,4
roi-optimal,115.50,3,186.18,83.151,55.187,410,36,4
roi-optimal,116.00,3,206.75,57.397,55.111,412,36,4
roi-optimal,116.50,3,219.54,11.706,52.080,413,36,4
roi-optimal,117.00,3,234.99,28.457,51.995,414,36,4
roi-optimal,117.50,3,245.23,25.908,52.059,415,36,4
roi-optimal,118.00,3,255.71,20.939,51.917,416,36,4
roi-optimal,118.50,3,254.41,-2.383,51.917,416,36,4
roi-optimal,119.00,3,253.11,-2.383,50.692,416,36,4
roi-optimal,119.50,3,251.81,-2.383,49.868,416,36,4
roi-optimal,120.00,3,288.22,35.320,49.997,418,36,4
roi-optimal,120.50,3,321.42,58.041,50.262,421,36,4
roi-optimal,121.00,3,320.12,32.121,49.726,421,36,4
roi-optimal,121.50,3,86.31,73.105,48.407,425,37,4
roi-optimal,122.00,3,85.01,62.577,48.183,425,37,4
roi-optimal,122.50,3,114.07,27.973,46.992,427,37,4
roi-optimal,123.00,3,144.29,59.493,46.391,429,37,4
roi-optimal,123.50,3,184.01,38.642,44.967,432,37,4
roi-optimal,124.00,3,240.60,67.775,45.568,435,37,4
roi-optimal,124.50,3,276.14,92.345,47.956,437,37,4
roi-optimal,125.00,3,312.64,49.728,45.789,439,37,4
roi-optimal,125.50,3,41.27,104.351,46.890,442,38,4
roi-optimal,126.00,3,82.51,80.767,46.493,444,38,4
roi-optimal,126.50,3,141.51,100.454,48.315,448,38,4
roi-optimal,127.00,3,177.02,94.726,49.909,449,38,4
roi-optimal,127.50,3,216.33,75.032,49.571,452,38,4
roi-optimal,128.00,3,244.14,67.337,49.985,454,38,4
roi-optimal,128.50,3,258.46,42.353,51.262,455,38,4
roi-optimal,129.00,3,275.64,16.097,50.747,456,38,4
roi-optimal,129.50,3,274.34,-2.383,49.569,456,38,4
roi-optimal,130.00,3,288.67,13.242,49.248,457,38,4
roi-optimal,130.50,3,287.37,13.242,49.899,457,38,4
roi-optimal,131.00,3,322.08,33.630,51.399,459,38,4
roi-optimal,131.50,3,320.78,33.630,52.900,459,38,4
roi-optimal,132.00,3,361.67,39.809,53.087,462,38,4
roi-optimal,132.50,3,396.90,76.339,53.849,464,38,4
roi-optimal,133.00,3,406.87,45.412,54.403,465,38,4
roi-optimal,133.50,3,86.55,48.596,53.382,469,39,4
roi-optimal,134.00,3,98.91,41.680,52.511,470,39,4
roi-optimal,134.50,3,97.61,11.282,51.816,470,39,4
roi-optimal,135.00,3,96.31,-2.383,49.238,470,39,4
roi-optimal,135.50,3,127.17,29.768,48.868,472,39,4
roi-optimal,136.00,3,138.41,42.312,47.807,473,39,4
roi-optimal,136.50,3,183.16,43.668,45.779,476,39,4
roi-optimal,137.00,3,230.59,92.398,47.557,478,39,4
roi-optimal,137.50,3,273.20,90.256,46.969,480,39,4
roi-optimal,138.00,3,306.84,76.462,46.790,482,39,4
roi-optimal,138.50,3,305.54,32.554,43.961,482,39,4
roi-optimal,139.00,3,385.88,79.256,43.316,486,39,4
roi-optimal,139.50,3,439.26,121.506,45.253,489,39,4
roi-optimal,140.00,3,46.15,67.495,45.259,490,40,4
roi-optimal,140.50,3,44.85,12.812,44.028,490,40,4
roi-optimal,141.00,3,43.55,-2.383,43.258,490,40,4
roi-optimal,141.50,3,54.98,10.342,43.788,491,40,4
roi-optimal,142.00,3,66.11,22.775,44.186,492,40,4
roi-optimal,142.50,3,98.38,43.617,45.451,493,40,4
roi-optimal,143.00,3,97.08,31.184,45.349,493,40,4
roi-optimal,143.50,3,95.78,-2.383,43.849,493,40,4
roi-optimal,144.00,3,108.99,12.126,42.695,494,40,4
roi-optimal,144.50,3,147.54,51.980,41.680,497,40,4
roi-optimal,145.00,3,176.55,54.228,42.048,499,40,4
roi-optimal,145.50,3,204.55,57.222,42.407,502,40,4
roi-optimal,146.00,3,224.64,48.308,42.683,504,40,4
roi-optimal,146.50,3,253.99,49.654,44.282,506,40,4
roi-optimal,147.00,3,299.50,75.072,47.509,509,40,4
roi-optimal,147.50,3,309.46,55.695,48.590,510,40,4
roi-optimal,148.00,3,352.82,53.536,49.057,513,40,4
roi-optimal,148.50,3,351.52,14.543,47.844,513,40,4
roi-optimal,149.00,3,419.22,66.614,46.770,517,40,4
roi-optimal,149.50,3,417.92,49.411,45.068,517,40,4
roi-optimal,150.00,3,468.39,49.387,43.940,521,40,4
roi-optimal,150.50,3,467.09,49.387,44.641,521,40,4
roi-optimal,151.00,3,527.44,59.269,43.808,525,40,4
roi-optimal,151.50,3,535.23,68.364,41.594,526,40,4
roi-optimal,152.00,3,579.67,52.443,40.967,530,40,4
roi-optimal,152.50,3,578.37,43.348,42.239,530,40,4
roi-optimal,153.00,3,577.07,-2.383,42.239,530,40,4
roi-optimal,153.50,3,575.77,-2.383,41.709,530,40,4
roi-optimal,154.00,3,574.47,-2.383,40.661,530,40,4
roi-optimal,154.50,3,573.17,-2.383,38.744,530,40,4
roi-optimal,155.00,3,571.87,-2.383,37.345,530,40,4
roi-optimal,155.50,3,54.90,23.954,38.443,532,41,4
roi-optimal,156.00,3,81.20,51.549,40.085,534,41,4
roi-optimal,156.50,3,133.92,59.734,40.408,537,41,4
roi-optimal,157.00,3,132.62,42.542,39.922,537,41,4
roi-optimal,157.50,3,192.68,58.980,39.995,541,41,4
roi-optimal,158.00,3,191.38,58.980,40.439,541,41,4
roi-optimal,158.50,3,256.48,64.011,41.038,544,41,4
roi-optimal,159.00,3,296.73,105.569,42.308,546,41,4
roi-optimal,159.50,3,305.17,28.855,41.190,547,41,4
roi-optimal,160.00,3,377.72,81.203,42.343,551,41,4
roi-optimal,160.50,3,376.42,71.467,44.715,551,41,4
roi-optimal,161.00,3,436.15,58.646,44.383,555,41,4
roi-optimal,161.50,3,464.55,88.343,46.005,556,41,4
roi-optimal,162.00,3,530.92,94.988,47.905,560,41,4
roi-optimal,162.50,3,545.37,81.044,49.224,561,41,4
roi-optimal,163.00,3,600.48,69.771,49.662,563,41,4
roi-optimal,163.50,3,671.35,92.627,50.673,567,41,4
roi-optimal,164.00,3,695.63,73.863,51.565,568,41,4
roi-optimal,164.50,3,742.69,71.556,52.740,570,41,4
roi-optimal,165.00,3,760.89,37.368,54.397,571,41,4
roi-optimal,165.50,3,759.59,-2.383,54.397,571,41,4
roi-optimal,166.00,3,778.63,17.958,55.244,572,41,4
roi-optimal,166.50,3,777.33,-2.383,55.244,572,41,4
roi-optimal,167.00,3,795.65,17.237,56.062,574,41,4
roi-optimal,167.50,3,809.30,21.714,55.968,575,41,4
roi-optimal,168.00,3,64.53,82.101,57.241,579,42,4
roi-optimal,168.50,3,73.66,60.589,57.277,580,42,4
roi-optimal,169.00,3,133.84,69.521,58.401,583,42,4
roi-optimal,169.50,3,176.35,102.902,60.231,586,42,4
roi-optimal,170.00,3,203.53,69.908,60.687,588,42,4
roi-optimal,170.50,3,261.95,85.820,61.595,591,42,4
roi-optimal,171.00,3,286.73,83.415,60.672,593,42,4
roi-optimal,171.50,3,316.54,54.802,61.753,595,42,4
roi-optimal,172.00,3,367.81,81.298,61.757,597,42,4
roi-optimal,172.50,3,402.93,86.611,62.388,599,42,4
roi-optimal,173.00,3,447.79,65.249,62.663,602,42,4
roi-optimal,173.50,3,467.51,64.795,61.682,604,42,4
roi-optimal,174.00,3,493.78,46.201,59.649,606,42,4
roi-optimal,174.50,3,537.93,70.635,59.216,608,42,4
roi-optimal,175.00,3,560.17,50.858,58.428,610,42,4
roi-optimal,175.50,3,632.77,92.467,58.421,614,42,4
roi-optimal,176.00,3,631.47,71.516,58.323,614,42,4
roi-optimal,176.50,3,664.53,31.977,56.674,617,42,4
roi-optimal,177.00,3,696.53,50.103,57.205,619,42,4
roi-optimal,177.50,3,695.23,16.097,57.975,619,42,4
roi-optimal,178.00,3,716.81,20.493,58.080,620,42,4
roi-optimal,178.50,3,715.51,20.493,59.033,620,42,4
roi-optimal,179.00,3,743.92,27.323,59.454,622,42,4
roi-optimal,179.50,3,763.18,34.527,59.988,623,42,4
roi-optimal,180.00,3,813.37,69.669,59.470,626,42,4
roi-optimal,180.50,3,848.62,85.661,60.514,628,42,4
roi-optimal,181.00,3,872.09,58.942,60.074,630,42,4
roi-optimal,181.50,3,923.34,59.900,58.282,633,42,4
roi-optimal,182.00,3,959.72,87.840,59.029,635,42,4
roi-optimal,182.50,3,992.57,69.451,58.347,637,42,4
roi-optimal,183.00,3,1022.83,63.326,57.510,639,42,4
roi-optimal,183.50,3,1057.70,65.340,57.949,641,42,4
roi-optimal,184.00,3,1117.02,94.411,58.495,645,42,4
roi-optimal,184.50,3,1144.28,66.628,57.663,646,42,4
roi-optimal,185.00,3,1191.27,74.471,58.047,649,42,4
roi-optimal,185.50,3,1225.83,81.762,58.754,651,42,4
roi-optimal,186.00,3,1253.50,62.439,59.430,653,42,4
roi-optimal,186.50,3,1299.76,74.147,59.577,655,42,4
roi-optimal,187.00,3,1310.94,57.663,59.860,656,42,4
roi-optimal,187.50,3,1359.07,59.532,58.488,658,42,4
roi-optimal,188.00,3,1357.77,47.047,57.468,658,42,4
roi-optimal,188.50,3,1386.00,27.146,57.267,660,42,4
roi-optimal,189.00,3,1384.70,27.146,56.311,660,42,4
roi-optimal,189.50,3,1383.40,-2.383,55.541,660,42,4
roi-optimal,190.00,3,1382.10,-2.383,54.587,660,42,4
roi-optimal,190.50,3,1380.80,-2.383,53.634,660,42,4
roi-optimal,191.00,3,1400.81,18.920,53.284,661,42,4
roi-optimal,191.50,3,1399.51,18.920,52.634,661,42,4
roi-optimal,192.00,3,1441.51,40.918,51.436,663,42,4
roi-optimal,192.50,3,1468.84,69.555,50.765,664,42,4
roi-optimal,193.00,3,1489.01,19.086,49.104,665,42,4
roi-optimal,193.50,3,1530.58,61.950,49.189,667,42,4
roi-optimal,194.00,3,1546.03,57.237,47.914,668,42,4
roi-optimal,194.50,3,1585.75,55.386,47.328,670,42,4
roi-optimal,195.00,3,1609.85,64.033,47.358,671,42,4
roi-optimal,195.50,3,1638.03,52.505,46.823,673,42,4
roi-optimal,196.00,3,1648.68,39.047,44.516,674,42,4
roi-optimal,196.50,3,1666.57,28.748,42.938,675,42,4
roi-optimal,197.00,3,1703.68,55.215,42.136,678,42,4
roi-optimal,197.50,3,1702.38,15.448,39.372,678,42,4
roi-optimal,198.00,3,1740.96,37.493,38.333,680,42,4
roi-optimal,198.50,3,1759.91,57.747,37.650,681,42,4
roi-optimal,199.00,3,1768.34,7.352,35.553,682,42,4
roi-optimal,199.50,3,1799.79,40.102,34.744,684,42,4
roi-optimal,200.00,3,1798.49,30.366,34.049,684,42,4
roi-optimal,200.50,3,1829.66,30.081,34.171,686,42,4
roi-optimal,201.00,3,1828.36,15.792,33.698,686,42,4
roi-optimal,201.50,3,1827.06,-2.383,33.698,686,42,4
roi-optimal,202.00,3,1825.76,-2.383,33.698,686,42,4
roi-optimal,202.50,3,1824.46,-2.383,33.698,686,42,4
roi-optimal,203.00,3,1836.69,11.146,33.374,687,42,4
roi-optimal,203.50,3,1855.25,31.005,33.878,689,42,4
roi-optimal,204.00,3,1865.04,28.569,33.363,690,42,4
roi-optimal,204.50,3,1889.33,34.298,31.894,692,42,4
roi-optimal,205.00,3,1905.01,40.191,32.773,693,42,4
roi-optimal,205.50,3,1923.75,34.636,31.635,694,42,4
roi-optimal,206.00,3,1960.47,55.675,31.570,697,42,4
roi-optimal,206.50,3,1959.17,35.643,30.748,697,42,4
roi-optimal,207.00,3,2011.18,50.921,30.201,700,42,4
roi-optimal,207.50,3,2009.88,50.921,30.135,700,42,4
roi-optimal,208.00,3,2011.17,0.211,28.517,701,42,4
roi-optimal,208.50,3,2043.84,34.181,28.743,703,42,4
roi-optimal,209.00,3,2042.54,31.587,27.759,703,42,4
roi-optimal,209.50,3,2094.69,51.065,29.243,706,42,4
roi-optimal,210.00,3,2093.39,51.065,29.808,706,42,4
roi-optimal,210.50,3,2132.44,37.966,28.984,709,42,4
roi-optimal,211.00,3,2131.14,37.966,30.260,709,42,4
roi-optimal,211.50,3,2208.49,76.265,31.767,712,42,4
roi-optimal,212.00,3,2207.19,76.265,33.679,712,42,4
roi-optimal,212.50,3,2205.89,-2.383,32.327,712,42,4
roi-optimal,213.00,3,2224.76,17.789,32.410,713,42,4
roi-optimal,213.50,3,2244.76,18.920,33.297,714,42,4
roi-optimal,214.00,3,2243.46,18.920,34.185,714,42,4
roi-optimal,214.50,3,2254.60,10.050,34.703,715,42,4
roi-optimal,215.00,3,2267.20,23.955,35.237,716,42,4
roi-optimal,215.50,3,2265.90,11.521,34.425,716,42,4
roi-optimal,216.00,3,2304.40,37.410,34.793,719,42,4
roi-optimal,216.50,3,2303.10,37.410,34.923,719,42,4
roi-optimal,217.00,3,2301.80,-2.383,33.149,719,42,4
roi-optimal,217.50,3,2373.69,70.812,34.656,722,42,4
roi-optimal,218.00,3,2372.39,40.155,34.010,722,42,4
roi-optimal,218.50,3,2371.09,-2.383,32.425,722,42,4
roi-optimal,219.00,3,2427.57,55.394,32.612,725,42,4
roi-optimal,219.50,3,2426.27,40.885,32.193,725,42,4
roi-optimal,220.00,3,2498.29,70.940,35.141,728,42,4
roi-optimal,220.50,3,2496.99,51.755,35.873,728,42,4
roi-optimal,221.00,3,2541.42,43.341,36.363,731,42,4
roi-optimal,221.50,3,2540.12,22.390,35.168,731,42,4
roi-optimal,222.00,3,2567.59,26.391,34.140,732,42,4
roi-optimal,222.50,3,2596.01,27.338,33.697,735,42,4
roi-optimal,223.00,3,2610.34,42.963,33.905,736,42,4
roi-optimal,223.50,3,2609.04,13.242,31.279,736,42,4
roi-optimal,224.00,3,2650.34,40.221,29.777,739,42,4
roi-optimal,224.50,3,2649.04,28.518,31.065,739,42,4
roi-optimal,225.00,3,2647.74,-2.383,30.224,739,42,4
roi-optimal,225.50,3,2646.44,-2.383,29.337,739,42,4
roi-optimal,226.00,3,2645.14,-2.383,28.449,739,42,4
roi-optimal,226.50,3,2643.84,-2.383,27.931,739,42,4
roi-optimal,227.00,3,2642.54,-2.383,26.833,739,42,4
roi-optimal,227.50,3,2684.76,41.135,28.067,742,42,4
roi-optimal,228.00,3,2683.46,41.135,28.223,742,42,4
roi-optimal,228.50,3,2721.14,36.603,28.189,744,42,4
roi-optimal,229.00,3,2731.20,47.961,30.287,745,42,4
roi-optimal,229.50,3,2729.90,8.975,27.710,745,42,4
roi-optimal,230.00,3,2787.45,56.460,28.389,747,42,4
roi-optimal,230.50,3,2807.61,77.929,31.736,748,42,4
roi-optimal,231.00,3,2812.82,4.122,29.599,749,42,4
roi-optimal,231.50,3,2847.35,39.953,29.561,751,42,4
roi-optimal,232.00,3,2864.68,52.081,28.775,752,42,4
roi-optimal,232.50,3,2886.94,39.809,28.277,754,42,4
roi-optimal,233.00,3,2913.71,49.241,28.523,755,42,4
roi-optimal,233.50,3,2912.41,25.682,28.660,755,42,4
roi-optimal,234.00,3,2973.11,59.618,30.044,758,42,4
roi-optimal,234.50,3,2971.81,59.618,31.390,758,42,4
roi-optimal,235.00,3,2983.82,10.927,30.055,759,42,4
roi-optimal,235.50,3,3002.78,31.188,30.802,761,42,4
roi-optimal,236.00,3,3001.48,17.877,29.871,761,42,4
roi-optimal,236.50,3,3031.15,28.590,29.874,763,42,4
roi-optimal,237.00,3,3050.22,48.955,32.014,764,42,4
roi-optimal,237.50,3,3048.92,-2.383,32.014,764,42,4
roi-optimal,238.00,3,3101.87,51.866,34.274,767,42,4
roi-optimal,238.50,3,3100.57,51.866,36.534,767,42,4
roi-optimal,239.00,3,3099.27,-2.383,36.534,767,42,4
roi-optimal,239.50,3,3097.97,-2.383,34.721,767,42,4
roi-optimal,240.00,3,3103.42,4.370,33.189,768,42,4
roi-optimal,240.50,3,3156.39,51.881,33.826,771,42,4
roi-optimal,241.00,3,3155.09,40.177,33.501,771,42,4
roi-optimal,241.50,3,3202.18,46.007,35.044,774,42,4
roi-optimal,242.00,3,3200.88,46.007,34.609,774,42,4
roi-optimal,242.50,3,3216.56,14.604,31.970,775,42,4
roi-optimal,243.00,3,3259.36,41.714,33.537,778,42,4
roi-optimal,243.50,3,3258.06,25.366,32.929,778,42,4
roi-optimal,244.00,3,3313.92,54.778,33.041,781,42,4
roi-optimal,244.50,3,3312.62,42.293,33.145,781,42,4
roi-optimal,245.00,3,3356.47,42.769,32.875,784,42,4
roi-optimal,245.50,3,3355.17,42.769,33.587,784,42,4
roi-optimal,246.00,3,3353.87,-2.383,31.004,784,42,4
roi-optimal,246.50,3,3394.93,39.973,30.185,787,42,4
roi-optimal,247.00,3,3393.63,39.973,31.395,787,42,4
roi-optimal,247.50,3,3407.28,12.569,30.620,788,42,4
roi-optimal,248.00,3,3439.98,46.566,31.815,790,42,4
roi-optimal,248.50,3,3438.68,26.391,31.723,790,42,4
roi-optimal,249.00,3,3441.31,1.544,29.748,791,42,4
roi-optimal,249.50,3,3440.01,1.544,29.911,791,42,4
roi-optimal,250.00,3,3438.71,-2.383,27.651,791,42,4
roi-optimal,250.50,3,3437.41,-2.383,25.391,791,42,4
roi-optimal,251.00,3,3436.11,-2.383,25.391,791,42,4
roi-optimal,251.50,3,3452.09,14.903,26.111,792,42,4
roi-optimal,252.00,3,3450.79,14.903,26.550,792,42,4
roi-optimal,252.50,3,3489.20,37.328,25.943,795,42,4
roi-optimal,253.00,3,3487.90,12.569,24.793,795,42,4
roi-optimal,253.50,3,3544.86,55.870,25.204,798,42,4
roi-optimal,254.00,3,3543.56,55.870,25.615,798,42,4
roi-optimal,254.50,3,3602.32,57.682,27.410,801,42,4
roi-optimal,255.00,3,3601.02,57.682,28.075,801,42,4
roi-optimal,255.50,3,3625.13,23.020,27.978,802,42,4
roi-optimal,256.00,3,3660.98,60.176,28.203,804,42,4
roi-optimal,256.50,3,3667.46,42.549,28.213,805,42,4
roi-optimal,257.00,3,3689.72,28.951,27.638,807,42,4
roi-optimal,257.50,3,3688.42,21.175,26.738,807,42,4
roi-optimal,258.00,3,3737.41,47.914,28.833,810,42,4
roi-optimal,258.50,3,3736.11,47.914,29.164,810,42,4
roi-optimal,259.00,3,3758.39,21.195,28.382,811,42,4
roi-optimal,259.50,3,3780.09,44.195,29.700,813,42,4
roi-optimal,260.00,3,3778.79,6.712,28.039,813,42,4
roi-optimal,260.50,3,3795.01,15.131,27.570,814,42,4
roi-optimal,261.00,3,3812.89,34.316,28.935,815,42,4
roi-optimal,261.50,3,3811.59,16.802,29.571,815,42,4
roi-optimal,262.00,3,3810.29,-2.383,29.571,815,42,4
roi-optimal,262.50,3,3816.85,5.471,29.898,816,42,4
roi-optimal,263.00,3,3815.55,5.471,30.226,816,42,4
roi-optimal,263.50,3,3835.20,18.567,30.378,817,42,4
roi-optimal,264.00,3,3846.97,31.637,31.076,818,42,4
roi-optimal,264.50,3,3874.49,39.511,31.167,820,42,4
roi-optimal,265.00,3,3879.70,4.122,30.815,821,42,4
roi-optimal,265.50,3,3905.63,31.352,29.793,823,42,4
roi-optimal,266.00,3,3911.54,27.893,28.627,824,42,4
roi-optimal,266.50,3,3967.04,61.629,28.792,827,42,4
roi-optimal,267.00,3,3965.74,40.749,28.086,827,42,4
roi-optimal,267.50,3,4025.59,58.768,29.576,830,42,4
roi-optimal,268.00,3,4024.29,58.768,29.517,830,42,4
roi-optimal,268.50,3,4054.01,28.632,28.937,832,42,4
roi-optimal,269.00,3,4083.36,59.288,30.201,833,42,4
roi-optimal,269.50,3,4104.90,51.108,31.448,834,42,4
roi-optimal,270.00,3,4120.35,37.208,31.002,835,42,4
roi-optimal,270.50,3,4154.42,49.742,31.079,837,42,4
roi-optimal,271.00,3,4153.12,-2.383,30.096,837,42,4
roi-optimal,271.50,3,4166.86,12.651,28.782,838,42,4
roi-optimal,272.00,3,4195.75,27.813,29.661,840,42,4
roi-optimal,272.50,3,4217.00,37.639,30.599,841,42,4
roi-optimal,273.00,3,4260.78,65.244,31.887,843,42,4
roi-optimal,273.50,3,4265.53,48.745,33.218,844,42,4
roi-optimal,274.00,3,4264.23,3.668,33.471,844,42,4
roi-optimal,274.50,3,4262.93,-2.383,33.143,844,42,4
roi-optimal,275.00,3,4261.63,-2.383,32.816,844,42,4
roi-optimal,275.50,3,4273.17,10.455,32.478,845,42,4
roi-optimal,276.00,3,4300.65,39.234,32.795,847,42,4
roi-optimal,276.50,3,4330.79,57.840,33.558,848,42,4
roi-optimal,277.00,3,4350.64,50.210,35.479,850,42,4
roi-optimal,277.50,3,4365.50,34.918,35.627,851,42,4
roi-optimal,278.00,3,4383.21,32.786,35.831,853,42,4
roi-optimal,278.50,3,4395.82,30.538,34.536,854,42,4
roi-optimal,279.00,3,4414.29,31.294,34.142,856,42,4
roi-optimal,279.50,3,4422.73,27.125,32.823,857,42,4
roi-optimal,280.00,3,4421.43,7.352,30.681,857,42,4
roi-optimal,280.50,3,4468.60,46.090,31.408,860,42,4
roi-optimal,281.00,3,4467.30,20.212,29.780,860,42,4
roi-optimal,281.50,3,4513.83,45.452,29.544,863,42,4
roi-optimal,282.00,3,4526.44,42.776,29.776,864,42,4
roi-optimal,282.50,3,4530.33,16.711,28.400,865,42,4
roi-optimal,283.00,3,4564.42,38.199,30.091,867,42,4
roi-optimal,283.50,3,4563.12,33.010,30.939,867,42,4
roi-optimal,284.00,3,4624.09,59.887,32.276,870,42,4
roi-optimal,284.50,3,4622.79,59.887,33.203,870,42,4
roi-optimal,285.00,3,4621.49,-2.383,30.385,870,42,4
roi-optimal,285.50,3,4640.62,18.044,29.106,871,42,4
roi-optimal,286.00,3,4639.32,18.044,29.705,871,42,4
roi-optimal,286.50,3,4655.67,15.271,30.440,872,42,4
roi-optimal,287.00,3,4654.37,15.271,31.176,872,42,4
roi-optimal,287.50,3,4713.58,58.127,33.162,875,42,4
roi-optimal,288.00,3,4712.28,58.127,33.950,875,42,4
roi-optimal,288.50,3,4733.86,20.493,32.393,876,42,4
roi-optimal,289.00,3,4758.71,46.642,32.245,878,42,4
roi-optimal,289.50,3,4768.08,8.290,31.135,879,42,4
roi-optimal,290.00,3,4795.96,37.465,31.330,881,42,4
roi-optimal,290.50,3,4805.13,21.642,30.960,882,42,4
roi-optimal,291.00,3,4838.28,32.067,30.992,884,42,4
roi-optimal,291.50,3,4862.35,57.434,32.255,885,42,4
roi-optimal,292.00,3,4886.45,23.020,32.907,886,42,4
roi-optimal,292.50,3,4922.10,59.966,33.486,888,42,4
roi-optimal,293.00,3,4920.80,34.563,34.084,888,42,4
roi-optimal,293.50,3,4937.20,15.316,32.828,889,42,4
roi-optimal,294.00,3,4982.94,62.359,33.644,891,42,4
roi-optimal,294.50,3,5003.37,37.747,34.520,892,42,4
roi-optimal,295.00,3,5019.27,36.540,34.451,894,42,4
roi-optimal,295.50,3,5017.97,14.815,33.693,894,42,4
roi-optimal,296.00,3,5060.35,41.300,32.919,897,42,4
roi-optimal,296.50,3,5059.05,41.300,32.144,897,42,4
roi-optimal,297.00,3,5057.75,-2.383,32.144,897,42,4
roi-optimal,297.50,3,5056.45,-2.383,31.293,897,42,4
roi-optimal,298.00,3,5055.15,-2.383,30.442,897,42,4
roi-optimal,298.50,3,5053.85,-2.383,29.706,897,42,4
roi-optimal,299.00,3,5069.54,14.604,29.679,898,42,4
roi-optimal,299.50,3,5087.52,33.884,28.668,900,42,4
roi-optimal,300.00,3,5101.84,23.426,27.223,901,42,4
roi-optimal,300.50,3,5115.50,28.200,27.544,903,42,4
roi-optimal,301.00,3,5157.29,55.667,27.920,905,42,4
roi-optimal,301.50,3,5155.99,20.677,28.436,905,42,4
roi-optimal,302.00,3,5205.12,48.050,28.877,908,42,4
roi-optimal,302.50,3,5203.82,48.050,29.977,908,42,4
roi-optimal,303.00,3,5257.44,52.533,30.830,911,42,4
roi-optimal,303.50,3,5256.14,29.167,29.652,911,42,4
roi-optimal,304.00,3,5301.52,44.292,30.538,914,42,4
roi-optimal,304.50,3,5300.22,44.292,29.885,914,42,4
roi-optimal,305.00,3,5332.89,31.594,29.762,916,42,4
roi-optimal,305.50,3,5357.00,56.998,31.498,917,42,4
roi-optimal,306.00,3,5410.85,52.770,31.099,919,42,4
roi-optimal,306.50,3,5437.50,80.717,32.889,920,42,4
roi-optimal,307.00,3,5471.04,60.411,33.884,922,42,4
roi-optimal,307.50,3,5511.09,64.424,35.951,924,42,4
roi-optimal,308.00,3,5523.10,52.270,36.408,925,42,4
roi-optimal,308.50,3,5538.38,14.198,35.279,926,42,4
roi-optimal,309.00,3,5583.81,60.929,37.917,928,42,4
roi-optimal,309.50,3,5582.51,44.348,39.864,928,42,4
roi-optimal,310.00,3,5581.21,-2.383,39.864,928,42,4
roi-optimal,310.50,3,5579.91,-2.383,39.864,928,42,4
roi-optimal,311.00,3,5578.61,-2.383,39.156,928,42,4
roi-optimal,311.50,3,5577.31,-2.383,37.645,928,42,4
roi-optimal,312.00,3,5601.62,23.230,37.637,929,42,4
roi-optimal,312.50,3,5643.63,66.540,39.234,931,42,4
roi-optimal,313.00,3,5647.56,46.149,38.838,932,42,4
roi-optimal,313.50,3,5646.26,2.839,38.094,932,42,4
roi-optimal,314.00,3,5684.34,37.001,37.634,935,42,4
roi-optimal,314.50,3,5683.04,10.102,36.053,935,42,4
roi-optimal,315.00,3,5731.53,47.408,35.839,938,42,4
roi-optimal,315.50,3,5748.41,65.584,37.357,939,42,4
roi-optimal,316.00,3,5755.66,24.350,36.526,940,42,4
roi-optimal,316.50,3,5779.60,31.407,35.989,942,42,4
roi-optimal,317.00,3,5778.30,-2.383,34.573,942,42,4
roi-optimal,317.50,3,5825.19,45.814,34.107,944,42,4
roi-optimal,318.00,3,5849.36,71.278,34.878,945,42,4
roi-optimal,318.50,3,5865.94,15.495,32.161,947,42,4
roi-optimal,319.00,3,5879.83,19.565,30.459,948,42,4
roi-optimal,319.50,3,5937.41,56.495,30.128,951,42,4
roi-optimal,320.00,3,5936.11,56.495,30.304,951,42,4
roi-optimal,320.50,3,5953.44,16.247,30.390,952,42,4
roi-optimal,321.00,3,5952.14,16.247,28.528,952,42,4
roi-optimal,321.50,3,5950.84,-2.383,26.581,952,42,4
roi-optimal,322.00,3,5966.53,14.604,27.289,953,42,4
roi-optimal,322.50,3,5985.79,35.167,28.853,954,42,4
roi-optimal,323.00,3,5984.49,-2.383,28.853,954,42,4
roi-optimal,323.50,3,5998.23,12.651,29.480,955,42,4
roi-optimal,324.00,3,6062.20,62.888,31.132,958,42,4
roi-optimal,324.50,3,6060.90,62.888,30.980,958,42,4
roi-optimal,325.00,3,6111.84,49.861,31.135,961,42,4
roi-optimal,325.50,3,6110.54,49.861,33.094,961,42,4
roi-optimal,326.00,3,6109.24,-2.383,31.453,961,42,4
roi-optimal,326.50,3,6150.19,39.863,32.693,964,42,4
roi-optimal,327.00,3,6148.89,22.577,31.659,964,42,4
roi-optimal,327.50,3,6170.34,20.373,29.775,966,42,4
roi-optimal,328.00,3,6183.33,34.662,30.204,967,42,4
roi-optimal,328.50,3,6232.93,48.509,30.917,969,42,4
roi-optimal,329.00,3,6272.45,89.338,34.739,971,42,4
roi-optimal,329.50,3,6293.99,61.280,35.383,972,42,4
roi-optimal,330.00,3,6330.95,58.711,34.859,974,42,4
roi-optimal,330.50,3,6356.70,62.927,36.836,975,42,4
roi-optimal,331.00,3,6355.40,24.667,37.048,975,42,4
roi-optimal,331.50,3,6371.24,14.755,35.309,976,42,4
roi-optimal,332.00,3,6389.16,33.977,34.371,978,42,4
roi-optimal,332.50,3,6387.86,5.714,33.932,978,42,4
roi-optimal,333.00,3,6422.25,33.306,34.643,980,42,4
roi-optimal,333.50,3,6420.95,15.792,35.400,980,42,4
roi-optimal,334.00,3,6419.65,-2.383,34.692,980,42,4
roi-optimal,334.50,3,6418.35,-2.383,33.128,980,42,4
roi-optimal,335.00,3,6424.90,5.471,33.455,981,42,4
roi-optimal,335.50,3,6451.89,33.755,34.334,983,42,4
roi-optimal,336.00,3,6468.77,44.079,33.551,984,42,4
roi-optimal,336.50,3,6467.47,15.795,31.588,984,42,4
roi-optimal,337.00,3,6508.07,39.518,31.158,987,42,4
roi-optimal,337.50,3,6506.77,39.518,30.727,987,42,4
roi-optimal,338.00,3,6563.81,55.956,33.157,990,42,4
roi-optimal,338.50,3,6582.93,76.383,34.679,991,42,4
roi-optimal,339.00,3,6596.83,33.239,35.123,992,42,4
roi-optimal,339.50,3,6630.54,47.819,36.267,994,42,4
roi-optimal,340.00,3,6646.89,50.274,36.917,995,42,4
roi-optimal,340.50,3,6677.30,46.983,36.854,997,42,4
roi-optimal,341.00,3,6695.72,49.055,35.175,998,42,4
roi-optimal,341.50,3,6694.42,17.339,33.344,998,42,4
roi-optimal,342.00,3,6735.32,39.809,32.557,1001,42,4
roi-optimal,342.50,3,6734.02,39.809,31.594,1001,42,4
roi-optimal,343.00,3,6761.80,26.701,31.678,1003,42,4
roi-optimal,343.50,3,6775.01,41.209,32.781,1004,42,4
roi-optimal,344.00,3,6773.71,-2.383,31.266,1004,42,4
roi-optimal,344.50,3,6772.41,-2.383,30.928,1004,42,4
roi-optimal,345.00,3,6771.11,-2.383,29.441,1004,42,4
roi-optimal,345.50,3,6769.81,-2.383,28.684,1004,42,4
roi-optimal,346.00,3,6768.51,-2.383,28.684,1004,42,4
roi-optimal,346.50,3,6840.49,70.896,31.737,1007,42,4
roi-optimal,347.00,3,6839.19,54.452,33.778,1007,42,4
roi-optimal,347.50,3,6837.89,-2.383,32.272,1007,42,4
roi-optimal,348.00,3,6878.85,39.873,32.097,1010,42,4
roi-optimal,348.50,3,6877.55,39.873,33.100,1010,42,4
roi-optimal,349.00,3,6900.51,21.884,32.366,1012,42,4
roi-optimal,349.50,3,6912.52,35.194,32.185,1013,42,4
roi-optimal,350.00,3,6934.62,34.328,31.284,1015,42,4
roi-optimal,350.50,3,6951.73,39.423,29.744,1016,42,4
roi-optimal,351.00,3,6950.43,16.022,29.027,1016,42,4
roi-optimal,351.50,3,7001.78,50.268,29.129,1019,42,4
roi-optimal,352.00,3,7000.48,30.214,28.293,1019,42,4
roi-optimal,352.50,3,6999.18,-2.383,26.236,1019,42,4
roi-optimal,353.00,3,7047.94,47.675,26.179,1022,42,4
roi-optimal,353.50,3,7070.15,49.681,27.526,1024,42,4
roi-optimal,354.00,3,7068.85,21.126,26.748,1024,42,4
roi-optimal,354.50,3,7121.47,51.539,27.236,1027,42,4
roi-optimal,355.00,3,7120.17,26.172,27.214,1027,42,4
roi-optimal,355.50,3,7154.83,33.575,26.896,1029,42,4
roi-optimal,356.00,3,7175.00,55.044,29.289,1030,42,4
roi-optimal,356.50,3,7173.70,-2.383,29.289,1030,42,4
roi-optimal,357.00,3,7196.64,21.861,30.299,1031,42,4
roi-optimal,357.50,3,7195.34,21.861,31.309,1031,42,4
roi-optimal,358.00,3,7230.52,34.094,32.829,1033,42,4
roi-optimal,358.50,3,7229.22,34.094,31.296,1033,42,4
roi-optimal,359.00,3,7227.92,-2.383,28.928,1033,42,4
roi-optimal,359.50,3,7241.13,12.126,29.532,1034,42,4
roi-optimal,360.00,3,7267.79,40.087,29.541,1036,42,4
roi-optimal,360.50,3,7270.42,29.505,29.109,1037,42,4
roi-optimal,361.00,3,7314.93,47.356,30.171,1039,42,4
roi-optimal,361.50,3,7331.28,61.079,31.249,1040,42,4
roi-optimal,362.00,3,7343.25,10.884,30.272,1041,42,4
roi-optimal,362.50,3,7382.57,38.236,30.223,1044,42,4
roi-optimal,363.00,3,7381.27,23.256,30.524,1044,42,4
roi-optimal,363.50,3,7420.37,38.018,30.014,1047,42,4
roi-optimal,364.00,3,7419.07,38.018,30.339,1047,42,4
roi-optimal,364.50,3,7417.77,-2.383,30.339,1047,42,4
roi-optimal,365.00,3,7491.55,72.696,31.382,1050,42,4
roi-optimal,365.50,3,7490.25,72.696,32.340,1050,42,4
roi-optimal,366.00,3,7509.00,17.671,32.196,1051,42,4
roi-optimal,366.50,3,7540.04,50.007,32.133,1053,42,4
roi-optimal,367.00,3,7554.36,45.578,32.941,1054,42,4
roi-optimal,367.50,3,7570.43,30.609,32.818,1055,42,4
roi-optimal,368.00,3,7592.24,38.091,32.111,1057,42,4
roi-optimal,368.50,3,7624.37,41.723,33.949,1059,42,4
roi-optimal,369.00,3,7623.07,31.050,34.332,1059,42,4
roi-optimal,369.50,3,7621.77,-2.383,33.322,1059,42,4
roi-optimal,370.00,3,7673.82,50.971,34.025,1062,42,4
roi-optimal,370.50,3,7672.52,28.208,33.780,1062,42,4
roi-optimal,371.00,3,7680.96,7.352,34.185,1063,42,4
roi-optimal,371.50,3,7679.66,7.352,33.987,1063,42,4
roi-optimal,372.00,3,7699.86,19.120,33.113,1064,42,4
roi-optimal,372.50,3,7740.89,61.444,34.444,1066,42,4
roi-optimal,373.00,3,7767.70,68.053,35.306,1067,42,4
roi-optimal,373.50,3,7805.17,64.503,35.449,1069,42,4
roi-optimal,374.00,3,7815.58,48.094,36.999,1070,42,4
roi-optimal,374.50,3,7843.64,38.680,37.018,1072,42,4
roi-optimal,375.00,3,7850.68,35.317,37.520,1073,42,4
roi-optimal,375.50,3,7859.11,15.692,36.590,1074,42,4
roi-optimal,376.00,3,7897.78,47.321,36.978,1076,42,4
roi-optimal,376.50,3,7908.43,37.829,38.653,1077,42,4
roi-optimal,377.00,3,7960.07,50.558,37.731,1080,42,4
roi-optimal,377.50,3,7958.77,50.558,36.808,1080,42,4
roi-optimal,378.00,3,7989.14,29.285,37.292,1082,42,4
roi-optimal,378.50,3,8021.22,62.664,37.820,1083,42,4
roi-optimal,379.00,3,8068.45,46.152,37.844,1086,42,4
roi-optimal,379.50,3,8067.15,46.152,38.491,1086,42,4
roi-optimal,380.00,3,8107.92,39.683,38.557,1088,42,4
roi-optimal,380.50,3,8114.39,47.459,38.796,1089,42,4
roi-optimal,381.00,3,8113.09,-2.383,37.403,1089,42,4
roi-optimal,381.50,3,8125.15,10.976,37.960,1090,42,4
roi-optimal,382.00,3,8123.85,10.976,36.294,1090,42,4
roi-optimal,382.50,3,8151.19,26.254,36.212,1091,42,4
roi-optimal,383.00,3,8157.67,34.030,37.324,1092,42,4
roi-optimal,383.50,3,8174.02,23.047,37.978,1093,42,4
roi-optimal,384.00,3,8198.19,40.736,38.878,1094,42,4
roi-optimal,384.50,3,8222.68,48.876,38.355,1096,42,4
roi-optimal,385.00,3,8221.38,23.412,36.495,1096,42,4
roi-optimal,385.50,3,8268.63,46.168,35.731,1099,42,4
roi-optimal,386.00,3,8267.33,46.168,35.651,1099,42,4
roi-optimal,386.50,3,8298.83,30.408,35.306,1101,42,4
roi-optimal,387.00,3,8324.47,57.355,36.224,1102,42,4
roi-optimal,387.50,3,8349.83,51.226,37.705,1104,42,4
roi-optimal,388.00,3,8355.29,31.032,37.026,1105,42,4
roi-optimal,388.50,3,8398.52,48.899,37.487,1107,42,4
roi-optimal,389.00,3,8418.72,42.180,37.138,1108,42,4
roi-optimal,389.50,3,8459.90,61.605,37.598,1110,42,4
roi-optimal,390.00,3,8458.60,17.041,37.088,1110,42,4
roi-optimal,390.50,3,8477.87,18.180,35.235,1111,42,4
roi-optimal,391.00,3,8508.54,50.157,35.402,1113,42,4
roi-optimal,391.50,3,8530.77,42.448,35.247,1114,42,4
roi-optimal,392.00,3,8559.78,51.451,35.738,1116,42,4
roi-optimal,392.50,3,8592.55,61.995,36.343,1117,42,4
roi-optimal,393.00,3,8625.21,65.644,39.178,1119,42,4
roi-optimal,393.50,3,8623.91,31.572,40.036,1119,42,4
roi-optimal,394.00,3,8622.61,-2.383,39.479,1119,42,4
roi-optimal,394.50,3,8621.31,-2.383,38.286,1119,42,4
roi-optimal,395.00,3,8656.28,33.889,38.280,1122,42,4
roi-optimal,395.50,3,8654.98,33.889,38.732,1122,42,4
roi-optimal,396.00,3,8682.21,26.146,38.124,1124,42,4
roi-optimal,396.50,3,8695.75,40.991,37.795,1126,42,4
roi-optimal,397.00,3,8709.86,27.869,37.981,1127,42,4
roi-optimal,397.50,3,8724.75,29.219,37.275,1128,42,4
roi-optimal,398.00,3,8756.65,47.004,37.310,1130,42,4
roi-optimal,398.50,3,8772.48,47.944,38.040,1131,42,4
roi-optimal,399.00,3,8802.44,46.006,37.567,1133,42,4
roi-optimal,399.50,3,8815.04,42.776,37.215,1134,42,4
roi-optimal,400.00,3,8851.81,49.593,37.989,1136,42,4
roi-optimal,400.50,3,8859.66,44.833,37.819,1137,42,4
roi-optimal,401.00,3,8897.33,45.737,37.967,1139,42,4
roi-optimal,401.50,3,8931.09,54.179,37.658,1141,42,4
roi-optimal,402.00,3,8953.49,56.373,39.297,1142,42,4
roi-optimal,402.50,3,8952.19,21.314,39.427,1142,42,4
roi-optimal,403.00,3,8989.19,35.920,38.834,1144,42,4
roi-optimal,403.50,3,9012.14,37.614,38.633,1145,42,4
roi-optimal,404.00,3,9010.84,-2.383,36.390,1145,42,4
roi-optimal,404.50,3,9025.09,13.169,34.355,1147,42,4
roi-optimal,405.00,3,9023.79,5.393,31.845,1147,42,4
roi-optimal,405.50,3,9022.49,-2.383,30.430,1147,42,4
roi-optimal,406.00,3,9021.19,-2.383,30.430,1147,42,4
roi-optimal,406.50,3,9030.07,7.801,30.854,1148,42,4
roi-optimal,407.00,3,9028.77,7.801,29.768,1148,42,4
roi-optimal,407.50,3,9062.54,32.684,29.717,1150,42,4
roi-optimal,408.00,3,9074.31,45.755,30.534,1151,42,4
roi-optimal,408.50,3,9089.59,14.198,29.418,1152,42,4
roi-optimal,409.00,3,9107.84,33.750,29.663,1154,42,4
roi-optimal,409.50,3,9106.54,17.169,29.161,1154,42,4
roi-optimal,410.00,3,9161.65,54.018,29.453,1157,42,4
roi-optimal,410.50,3,9160.35,24.322,28.469,1157,42,4
roi-optimal,411.00,3,9171.88,10.455,26.988,1158,42,4
roi-optimal,411.50,3,9202.61,29.638,26.440,1160,42,4
roi-optimal,412.00,3,9221.36,49.692,26.444,1161,42,4
roi-optimal,412.50,3,9220.06,17.671,25.313,1161,42,4
roi-optimal,413.00,3,9298.88,77.736,26.646,1164,42,4
roi-optimal,413.50,3,9297.58,29.062,25.599,1164,42,4
roi-optimal,414.00,3,9314.76,16.097,23.921,1165,42,4
roi-optimal,414.50,3,9342.65,45.287,24.920,1167,42,4
roi-optimal,415.00,3,9341.35,26.807,24.540,1167,42,4
roi-optimal,415.50,3,9366.76,24.328,23.987,1169,42,4
roi-optimal,416.00,3,9365.46,24.328,25.100,1169,42,4
roi-optimal,416.50,3,9364.16,-2.383,24.452,1169,42,4
roi-optimal,417.00,3,9413.61,48.370,26.242,1172,42,4
roi-optimal,417.50,3,9412.31,48.370,28.357,1172,42,4
roi-optimal,418.00,3,9439.65,26.254,29.550,1173,42,4
roi-optimal,418.50,3,9454.70,42.601,31.000,1174,42,4
roi-optimal,419.00,3,9453.40,13.964,31.257,1174,42,4
roi-optimal,419.50,3,9470.28,15.795,30.553,1175,42,4
roi-optimal,420.00,3,9522.27,69.083,31.525,1177,42,4
roi-optimal,420.50,3,9548.62,78.562,34.207,1179,42,4
roi-optimal,421.00,3,9563.08,41.027,34.511,1180,42,4
roi-optimal,421.50,3,9598.07,49.667,35.865,1182,42,4
roi-optimal,422.00,3,9608.72,45.860,35.525,1183,42,4
roi-optimal,422.50,3,9662.34,64.481,37.198,1185,42,4
roi-optimal,423.00,3,9667.54,59.040,39.222,1186,42,4
roi-optimal,423.50,3,9697.56,35.441,39.464,1188,42,4
roi-optimal,424.00,3,9712.61,26.802,38.510,1189,42,4
roi-optimal,424.50,3,9755.39,58.044,40.193,1191,42,4
roi-optimal,425.00,3,9754.09,41.697,38.691,1191,42,4
roi-optimal,425.50,3,9811.61,56.435,39.832,1194,42,4
roi-optimal,426.00,3,9810.31,56.435,41.512,1194,42,4
roi-optimal,426.50,3,9809.01,-2.383,39.526,1194,42,4
roi-optimal,427.00,3,9843.46,33.372,39.800,1197,42,4
roi-optimal,427.50,3,9855.00,40.160,40.459,1198,42,4
roi-optimal,428.00,3,9853.70,10.455,39.881,1198,42,4
roi-optimal,428.50,3,9896.97,42.182,41.738,1201,42,4
roi-optimal,429.00,3,9895.67,42.182,41.480,1201,42,4
roi-optimal,429.50,3,9894.37,-2.383,39.365,1201,42,4
roi-optimal,430.00,3,9913.32,17.871,39.016,1202,42,4
roi-optimal,430.50,3,9940.58,46.432,39.176,1203,42,4
roi-optimal,431.00,3,9950.99,37.882,40.172,1204,42,4
roi-optimal,431.50,3,9949.69,9.320,39.903,1204,42,4
roi-optimal,432.00,3,9990.43,39.666,38.677,1207,42,4
roi-optimal,432.50,3,9989.13,39.666,37.056,1207,42,4
roi-optimal,433.00,3,10024.38,34.166,36.770,1209,42,4
roi-optimal,433.50,3,10041.49,52.572,36.891,1210,42,4
roi-optimal,434.00,3,10078.17,54.001,37.231,1212,42,4
roi-optimal,434.50,3,10091.16,31.403,35.852,1213,42,4
roi-optimal,435.00,3,10136.36,58.412,35.826,1215,42,4
roi-optimal,435.50,3,10135.06,44.123,36.188,1215,42,4
roi-optimal,436.00,3,10171.37,35.227,36.539,1218,42,4
roi-optimal,436.50,3,10170.07,35.227,35.588,1218,42,4
roi-optimal,437.00,3,10197.51,26.351,34.949,1219,42,4
roi-optimal,437.50,3,10237.92,68.060,35.433,1221,42,4
roi-optimal,438.00,3,10271.37,32.375,34.431,1223,42,4
roi-optimal,438.50,3,10300.93,63.225,37.164,1224,42,4
roi-optimal,439.00,3,10362.40,60.393,38.290,1227,42,4
roi-optimal,439.50,3,10361.10,60.393,39.133,1227,42,4
roi-optimal,440.00,3,10391.25,29.062,39.909,1228,42,4
roi-optimal,440.50,3,10401.04,40.155,39.824,1229,42,4
roi-optimal,441.00,3,10429.32,38.289,39.662,1231,42,4
roi-optimal,441.50,3,10441.55,40.725,41.458,1232,42,4
roi-optimal,442.00,3,10440.25,11.146,41.178,1232,42,4
roi-optimal,442.50,3,10469.73,28.396,40.426,1234,42,4
roi-optimal,443.00,3,10479.79,39.754,40.505,1235,42,4
roi-optimal,443.50,3,10508.59,27.717,41.271,1237,42,4
roi-optimal,444.00,3,10542.61,42.673,41.396,1239,42,4
roi-optimal,444.50,3,10549.65,21.024,40.620,1240,42,4
roi-optimal,445.00,3,10585.51,43.117,40.993,1242,42,4
roi-optimal,445.50,3,10584.21,6.712,39.082,1242,42,4
roi-optimal,446.00,3,10621.86,36.564,38.355,1245,42,4
roi-optimal,446.50,3,10620.56,29.348,38.270,1245,42,4
roi-optimal,447.00,3,10619.26,-2.383,35.736,1245,42,4
roi-optimal,447.50,3,10683.56,63.218,36.532,1248,42,4
roi-optimal,448.00,3,10682.26,32.367,36.413,1248,42,4
roi-optimal,448.50,3,10738.13,54.787,37.228,1251,42,4
roi-optimal,449.00,3,10736.83,54.787,38.413,1251,42,4
roi-optimal,449.50,3,10755.70,17.789,36.318,1252,42,4
roi-optimal,450.00,3,10775.25,38.637,36.579,1254,42,4
roi-optimal,450.50,3,10790.93,14.604,34.553,1255,42,4
roi-optimal,451.00,3,10808.04,33.010,33.412,1256,42,4
roi-optimal,451.50,3,10833.53,42.815,32.680,1258,42,4
roi-optimal,452.00,3,10832.23,13.964,32.051,1258,42,4
roi-optimal,452.50,3,10874.26,40.940,32.083,1261,42,4
roi-optimal,453.00,3,10872.96,40.940,32.194,1261,42,4
roi-optimal,453.50,3,10871.66,-2.383,30.397,1261,42,4
roi-optimal,454.00,3,10901.01,28.273,31.111,1262,42,4
roi-optimal,454.50,3,10910.84,8.741,30.292,1263,42,4
roi-optimal,455.00,3,10909.54,8.741,29.000,1263,42,4
roi-optimal,455.50,3,10919.59,8.975,28.219,1264,42,4
roi-optimal,456.00,3,10950.99,41.670,28.177,1266,42,4
roi-optimal,456.50,3,10949.69,30.311,28.564,1266,42,4
roi-optimal,457.00,3,10981.05,30.274,28.029,1268,42,4
roi-optimal,457.50,3,11001.22,39.258,29.385,1269,42,4
roi-optimal,458.00,3,11029.61,27.313,29.000,1270,42,4
roi-optimal,458.50,3,11057.88,56.879,30.147,1272,42,4
roi-optimal,459.00,3,11101.73,72.333,33.260,1274,42,4
roi-optimal,459.50,3,11118.13,60.466,33.145,1275,42,4
roi-optimal,460.00,3,11116.83,15.316,32.435,1275,42,4
roi-optimal,460.50,3,11178.50,60.585,32.677,1278,42,4
roi-optimal,461.00,3,11177.20,60.585,32.918,1278,42,4
roi-optimal,461.50,3,11200.08,21.799,33.085,1280,42,4
roi-optimal,462.00,3,11218.81,41.831,33.218,1281,42,4
roi-optimal,462.50,3,11264.25,44.356,34.458,1282,42,4
roi-optimal,463.00,3,11269.45,50.861,35.202,1283,42,4
roi-optimal,463.50,3,11304.83,40.795,35.118,1285,42,4
roi-optimal,464.00,3,11314.65,8.741,34.900,1286,42,4
roi-optimal,464.50,3,11313.35,8.741,33.558,1286,42,4
roi-optimal,465.00,3,11323.41,8.975,32.227,1287,42,4
roi-optimal,465.50,3,11322.11,8.975,32.700,1287,42,4
roi-optimal,466.00,3,11320.81,-2.383,31.422,1287,42,4
roi-optimal,466.50,3,11319.51,-2.383,30.959,1287,42,4
roi-optimal,467.00,3,11334.52,13.922,31.175,1288,42,4
roi-optimal,467.50,3,11339.97,20.675,31.662,1289,42,4
roi-optimal,468.00,3,11387.42,53.122,32.139,1291,42,4
roi-optimal,468.50,3,11408.88,69.132,33.757,1292,42,4
roi-optimal,469.00,3,11454.34,67.137,35.293,1294,42,4
roi-optimal,469.50,3,11453.04,44.374,35.506,1294,42,4
roi-optimal,470.00,3,11480.48,26.351,35.466,1295,42,4
roi-optimal,470.50,3,11505.96,53.131,35.310,1297,42,4
roi-optimal,471.00,3,11504.66,24.397,33.313,1297,42,4
roi-optimal,471.50,3,11561.14,55.405,33.102,1300,42,4
roi-optimal,472.00,3,11585.31,63.398,35.105,1301,42,4
roi-optimal,472.50,3,11601.00,40.068,34.250,1302,42,4
roi-optimal,473.00,3,11623.72,38.628,33.335,1304,42,4
roi-optimal,473.50,3,11627.61,12.541,32.950,1305,42,4
roi-optimal,474.00,3,11671.50,47.992,33.206,1307,42,4
roi-optimal,474.50,3,11688.83,35.970,32.857,1308,42,4
roi-optimal,475.00,3,11710.40,39.125,32.368,1310,42,4
roi-optimal,475.50,3,11724.51,35.901,32.164,1311,42,4
roi-optimal,476.00,3,11761.00,35.410,33.275,1313,42,4
roi-optimal,476.50,3,11793.27,68.977,35.785,1314,42,4
roi-optimal,477.00,3,11791.97,-2.383,35.312,1314,42,4
roi-optimal,477.50,3,11807.17,14.116,35.526,1315,42,4
roi-optimal,478.00,3,11805.87,14.116,36.213,1315,42,4
roi-optimal,478.50,3,11804.57,-2.383,36.213,1315,42,4
roi-optimal,479.00,3,11823.44,17.789,36.374,1316,42,4
roi-optimal,479.50,3,11822.14,17.789,36.254,1316,42,4
roi-optimal,480.00,3,11880.20,56.976,36.415,1319,42,4
roi-optimal,480.50,3,11878.90,56.976,35.908,1319,42,4
roi-optimal,481.00,3,11911.18,31.200,34.411,1321,42,4
roi-optimal,481.50,3,11926.33,47.644,34.547,1322,42,4
roi-optimal,482.00,3,11948.62,21.212,34.333,1324,42,4
roi-optimal,482.50,3,11960.59,34.479,33.556,1325,42,4
roi-optimal,483.00,3,11987.11,25.435,33.599,1327,42,4
roi-optimal,483.50,3,12005.53,45.157,33.172,1328,42,4
roi-optimal,484.00,3,12035.16,28.544,31.720,1330,42,4
roi-optimal,484.50,3,12056.69,31.125,31.347,1331,42,4
roi-optimal,485.00,3,12063.17,5.393,29.962,1332,42,4
roi-optimal,485.50,3,12097.51,41.036,31.150,1334,42,4
roi-optimal,486.00,3,12111.17,48.212,31.159,1335,42,4
roi-optimal,486.50,3,12119.01,21.714,30.565,1336,42,4
roi-optimal,487.00,3,12152.35,41.403,30.660,1338,42,4
roi-optimal,487.50,3,12167.63,22.537,30.103,1339,42,4
roi-optimal,488.00,3,12215.26,63.124,31.258,1341,42,4
roi-optimal,488.50,3,12213.96,26.178,29.474,1341,42,4
roi-optimal,489.00,3,12212.66,-2.383,29.474,1341,42,4
roi-optimal,489.50,3,12211.36,-2.383,28.787,1341,42,4
roi-optimal,490.00,3,12210.06,-2.383,28.100,1341,42,4
roi-optimal,490.50,3,12208.76,-2.383,28.100,1341,42,4
roi-optimal,491.00,3,12207.46,-2.383,27.259,1341,42,4
roi-optimal,491.50,3,273.15,64.605,29.210,1344,42,4
roi-optimal,492.00,4,253.85,64.605,29.528,1344,42,5
roi-optimal,492.50,4,247.30,44.365,29.002,1345,42,8
roi-optimal,493.00,4,113.84,132.263,33.213,1349,43,8
roi-optimal,493.50,4,111.27,84.404,34.745,1349,43,8
roi-optimal,494.00,4,178.72,65.312,36.582,1352,43,8
roi-optimal,494.50,4,238.46,64.101,37.817,1355,43,8
roi-optimal,495.00,4,249.15,70.855,39.709,1356,43,8
roi-optimal,495.50,4,276.00,37.969,39.410,1358,43,8
roi-optimal,496.00,4,314.00,65.277,40.940,1359,43,8
roi-optimal,496.50,4,367.88,92.304,43.489,1361,43,8
roi-optimal,497.00,4,381.89,68.317,46.111,1362,43,8
roi-optimal,497.50,4,460.03,92.577,48.259,1363,43,8
roi-optimal,498.00,4,478.78,97.319,50.305,1364,43,8
roi-optimal,498.50,4,96.96,121.359,54.457,1366,44,8
roi-optimal,499.00,4,104.34,45.126,54.612,1367,44,8
roi-optimal,499.50,4,101.77,5.244,53.891,1367,44,8
roi-optimal,500.00,4,99.21,-4.707,51.065,1367,44,8
roi-optimal,500.50,4,96.64,-4.707,49.778,1367,44,8
roi-optimal,501.00,4,153.41,54.635,52.154,1369,44,8
roi-optimal,501.50,4,150.84,54.635,54.530,1369,44,8
roi-optimal,502.00,4,148.28,-4.707,54.433,1369,44,8
roi-optimal,502.50,4,145.71,-4.707,54.336,1369,44,8
roi-optimal,503.00,4,166.67,18.820,55.219,1370,44,8
roi-optimal,503.50,4,186.14,40.857,54.230,1371,44,8
roi-optimal,504.00,4,275.66,109.416,56.097,1373,44,8
roi-optimal,504.50,4,283.28,79.084,57.544,1374,44,8
roi-optimal,505.00,4,399.48,124.247,57.210,1377,44,8
roi-optimal,505.50,4,396.91,114.062,58.445,1377,44,8
roi-optimal,506.00,4,402.12,3.069,55.852,1378,44,8
roi-optimal,506.50,4,399.55,3.069,53.309,1378,44,8
roi-optimal,507.00,4,396.98,-4.707,50.161,1378,44,8
roi-optimal,507.50,4,394.42,-4.707,48.382,1378,44,8
roi-optimal,508.00,4,411.74,15.185,46.295,1379,44,8
roi-optimal,508.50,4,450.87,56.883,44.819,1381,44,8
roi-optimal,509.00,4,510.95,84.017,45.473,1382,44,8
roi-optimal,509.50,4,508.39,57.944,44.030,1382,44,8
roi-optimal,510.00,4,505.82,-4.707,39.779,1382,44,8
roi-optimal,510.50,4,503.25,-4.707,34.527,1382,44,8
roi-optimal,511.00,4,500.68,-4.707,32.450,1382,44,8
roi-optimal,511.50,4,517.95,15.131,32.862,1383,44,8
roi-optimal,512.00,4,565.90,65.646,35.794,1385,44,8
roi-optimal,512.50,4,563.34,45.808,37.898,1385,44,8
roi-optimal,513.00,4,560.77,-4.707,35.426,1385,44,8
roi-optimal,513.50,4,558.20,-4.707,32.953,1385,44,8
roi-optimal,514.00,4,555.63,-4.707,32.953,1385,44,8
roi-optimal,514.50,4,553.07,-4.707,32.953,1385,44,8
roi-optimal,515.00,4,601.29,46.090,34.089,1386,44,8
roi-optimal,515.50,4,598.73,-4.707,32.191,1386,44,8
roi-optimal,516.00,4,596.16,-4.707,27.436,1386,44,8
roi-optimal,516.50,4,612.59,14.291,24.736,1387,44,8
roi-optimal,517.00,4,643.93,48.200,21.567,1389,44,8
roi-optimal,517.50,4,641.36,29.202,18.032,1389,44,8
roi-optimal,518.00,4,638.80,-4.707,17.708,1389,44,8
roi-optimal,518.50,4,636.23,-4.707,17.384,1389,44,8
roi-optimal,519.00,4,675.15,36.785,19.112,1391,44,8
roi-optimal,519.50,4,705.08,69.275,22.195,1392,44,8
roi-optimal,520.00,4,747.07,72.339,24.576,1393,44,8
roi-optimal,520.50,4,815.23,66.021,24.957,1396,44,8
roi-optimal,521.00,4,812.66,66.021,24.207,1396,44,8
roi-optimal,521.50,4,848.13,33.332,23.182,1397,44,8
roi-optimal,522.00,4,121.95,79.720,26.700,1399,45,8
roi-optimal,522.50,4,133.29,55.585,29.212,1400,45,8
roi-optimal,523.00,4,212.79,91.268,33.211,1403,45,8
roi-optimal,523.50,4,210.22,77.363,35.804,1403,45,8
roi-optimal,524.00,4,217.04,4.676,33.263,1404,45,8
roi-optimal,524.50,4,214.47,4.676,31.549,1404,45,8
roi-optimal,525.00,4,211.90,-4.707,31.549,1404,45,8
roi-optimal,525.50,4,209.34,-4.707,31.549,1404,45,8
roi-optimal,526.00,4,206.77,-4.707,31.549,1404,45,8
roi-optimal,526.50,4,204.20,-4.707,31.549,1404,45,8
roi-optimal,527.00,4,201.63,-4.707,29.433,1404,45,8
roi-optimal,527.50,4,199.07,-4.707,29.433,1404,45,8
roi-optimal,528.00,4,196.50,-4.707,29.433,1404,45,8
roi-optimal,528.50,4,204.68,6.043,29.089,1405,45,8
roi-optimal,529.00,4,273.62,77.547,30.312,1408,45,8
roi-optimal,529.50,4,271.05,66.797,31.879,1408,45,8
roi-optimal,530.00,4,294.14,20.947,32.947,1409,45,8
roi-optimal,530.50,4,291.57,20.947,34.016,1409,45,8
roi-optimal,531.00,4,289.00,-4.707,32.288,1409,45,8
roi-optimal,531.50,4,286.43,-4.707,29.205,1409,45,8
roi-optimal,532.00,4,283.87,-4.707,25.995,1409,45,8
roi-optimal,532.50,4,146.98,80.978,26.618,1411,46,8
roi-optimal,533.00,4,165.56,102.124,28.122,1412,46,8
roi-optimal,533.50,4,227.38,80.820,30.101,1415,46,8
roi-optimal,534.00,4,224.81,59.674,29.266,1415,46,8
roi-optimal,534.50,4,233.60,6.651,27.227,1416,46,8
roi-optimal,535.00,4,231.03,6.651,23.701,1416,46,8
roi-optimal,535.50,4,228.46,-4.707,20.281,1416,46,8
roi-optimal,536.00,4,225.90,-4.707,19.890,1416,46,8
roi-optimal,536.50,4,244.40,16.361,20.377,1417,46,8
roi-optimal,537.00,4,272.67,47.201,22.540,1418,46,8
roi-optimal,537.50,4,309.13,65.160,25.451,1419,46,8
roi-optimal,538.00,4,326.06,53.818,27.890,1420,46,8
roi-optimal,538.50,4,323.49,14.791,28.702,1420,46,8
roi-optimal,539.00,4,348.19,22.563,29.838,1421,46,8
roi-optimal,539.50,4,345.63,22.563,30.975,1421,46,8
roi-optimal,540.00,4,343.06,-4.707,30.975,1421,46,8
roi-optimal,540.50,4,357.92,12.725,31.253,1422,46,8
roi-optimal,541.00,4,408.64,66.011,30.772,1424,46,8
roi-optimal,541.50,4,406.08,48.579,30.013,1424,46,8
roi-optimal,542.00,4,446.74,38.529,30.746,1425,46,8
roi-optimal,542.50,4,472.77,67.126,32.670,1427,46,8
roi-optimal,543.00,4,529.24,82.928,36.322,1428,46,8
roi-optimal,543.50,4,93.23,104.883,40.888,1430,47,8
roi-optimal,544.00,4,139.18,94.362,45.016,1431,47,8
roi-optimal,544.50,4,136.61,43.810,43.467,1431,47,8
roi-optimal,545.00,4,134.04,-4.707,39.016,1431,47,8
roi-optimal,545.50,4,131.48,-4.707,35.452,1431,47,8
roi-optimal,546.00,4,128.91,-4.707,32.770,1431,47,8
roi-optimal,546.50,4,126.34,-4.707,32.296,1431,47,8
roi-optimal,547.00,4,123.77,-4.707,31.823,1431,47,8
roi-optimal,547.50,4,121.21,-4.707,31.823,1431,47,8
roi-optimal,548.00,4,118.64,-4.707,31.823,1431,47,8
roi-optimal,548.50,4,116.07,-4.707,30.945,1431,47,8
roi-optimal,549.00,4,113.50,-4.707,28.782,1431,47,8
roi-optimal,549.50,4,110.94,-4.707,25.871,1431,47,8
roi-optimal,550.00,4,108.37,-4.707,23.433,1431,47,8
roi-optimal,550.50,4,105.80,-4.707,22.620,1431,47,8
roi-optimal,551.00,4,103.23,-4.707,21.484,1431,47,8
roi-optimal,551.50,4,100.67,-4.707,20.348,1431,47,8
roi-optimal,552.00,4,98.10,-4.707,20.348,1431,47,8
roi-optimal,552.50,4,95.53,-4.707,19.621,1431,47,8
roi-optimal,553.00,4,92.96,-4.707,16.675,1431,47,8
roi-optimal,553.50,4,90.40,-4.707,14.455,1431,47,8
roi-optimal,554.00,4,87.83,-4.707,12.653,1431,47,8
roi-optimal,554.50,4,85.26,-4.707,9.660,1431,47,8
roi-optimal,555.00,4,82.69,-4.707,6.009,1431,47,8
roi-optimal,555.50,4,80.13,-4.707,1.442,1431,47,8
roi-optimal,556.00,4,77.56,-4.707,-2.686,1431,47,8
roi-optimal,556.50,4,74.99,-4.707,-4.707,1431,47,8
roi-optimal,557.00,4,72.42,-4.707,-4.707,1431,47,8
roi-optimal,557.50,4,69.86,-4.707,-4.707,1431,47,8
roi-optimal,558.00,4,67.29,-4.707,-4.707,1431,47,8
roi-optimal,558.50,4,64.72,-4.707,-4.707,1431,47,8
roi-optimal,559.00,4,62.15,-4.707,-4.707,1431,47,8
roi-optimal,559.50,4,59.59,-4.707,-4.707,1431,47,8
roi-optimal,560.00,4,57.02,-4.707,-4.707,1431,47,8
roi-optimal,560.50,4,54.45,-4.707,-4.707,1431,47,8
roi-optimal,561.00,4,51.88,-4.707,-4.707,1431,47,8
roi-optimal,561.50,4,49.32,-4.707,-4.707,1431,47,8
roi-optimal,562.00,4,46.75,-4.707,-4.707,1431,47,8
roi-optimal,562.50,4,44.18,-4.707,-4.707,1431,47,8
roi-optimal,563.00,4,41.61,-4.707,-4.707,1431,47,8
roi-optimal,563.50,4,39.05,-4.707,-4.707,1431,47,8
roi-optimal,564.00,4,36.48,-4.707,-4.707,1431,47,8
roi-optimal,564.50,4,33.91,-4.707,-4.707,1431,47,8
roi-optimal,565.00,4,31.34,-4.707,-4.707,1431,47,8
roi-optimal,565.50,4,28.78,-4.707,-4.707,1431,47,8
roi-optimal,566.00,4,26.21,-4.707,-4.707,1431,47,8
roi-optimal,566.50,4,23.64,-4.707,-4.707,1431,47,8
roi-optimal,567.00,4,21.07,-4.707,-4.707,1431,47,8
roi-optimal,567.50,4,18.51,-4.707,-4.707,1431,47,8
roi-optimal,568.00,4,15.94,-4.707,-4.707,1431,47,8
roi-optimal,568.50,4,13.37,-4.707,-4.707,1431,47,8
roi-optimal,569.00,4,10.80,-4.707,-4.707,1431,47,8
roi-optimal,569.50,4,8.24,-4.707,-4.707,1431,47,8
roi-optimal,570.00,4,5.67,-4.707,-4.707,1431,47,8
roi-optimal,570.50,4,3.10,-4.707,-4.707,1431,47,8
roi-optimal,571.00,4,0.53,-4.707,-4.707,1431,47,8
roi-optimal,571.50,4,0.00,-2.673,-4.622,1431,47,8
roi-optimal,572.00,4,0.00,-0.106,-4.431,1431,47,8
roi-optimal,572.50,4,0.00,0.000,-4.234,1431,47,8
roi-optimal,573.00,4,0.00,0.000,-4.038,1431,47,8
roi-optimal,573.50,4,0.00,0.000,-3.842,1431,47,8
roi-optimal,574.00,4,0.00,0.000,-3.646,1431,47,8
roi-optimal,574.50,4,0.00,0.000,-3.450,1431,47,2
roi-optimal,575.00,4,0.00,0.000,-3.254,1431,47,0
roi-optimal,575.50,4,0.00,0.000,-3.058,1431,47,0
roi-optimal,576.00,4,0.00,0.000,-2.862,1431,47,0
roi-optimal,576.50,4,0.00,0.000,-2.665,1431,47,0
roi-optimal,577.00,4,0.00,0.000,-2.469,1431,47,0
roi-optimal,577.50,4,0.00,0.000,-2.273,1431,47,0
roi-optimal,578.00,4,0.00,0.000,-2.077,1431,47,0
roi-optimal,578.50,4,0.00,0.000,-1.881,1431,47,0
roi-optimal,579.00,4,0.00,0.000,-1.685,1431,47,0
roi-optimal,579.50,4,0.00,0.000,-1.489,1431,47,0
roi-optimal,580.00,4,0.00,0.000,-1.293,1431,47,0
roi-optimal,580.50,4,0.00,0.000,-1.096,1431,47,0
roi-optimal,581.00,4,0.00,0.000,-0.900,1431,47,0
roi-optimal,581.50,4,0.00,0.000,-0.704,1431,47,0
roi-optimal,582.00,4,0.00,0.000,-0.508,1431,47,0
roi-optimal,582.50,4,0.00,0.000,-0.312,1431,47,0
roi-optimal,583.00,4,0.00,0.000,-0.116,1431,47,0
roi-optimal,583.50,4,0.00,0.000,-0.004,1431,47,0
roi-optimal,584.00,4,0.00,0.000,0.000,1431,47,0
roi-optimal,584.50,4,0.00,0.000,0.000,1431,47,0
roi-optimal,585.00,4,0.00,0.000,0.000,1431,47,0
roi-optimal,585.50,4,0.00,0.000,0.000,1431,47,0
roi-optimal,586.00,4,0.00,0.000,0.000,1431,47,0
roi-optimal,586.50,4,0.00,0.000,0.000,1431,47,0
roi-optimal,587.00,4,0.00,0.000,0.000,1431,47,0
roi-optimal,587.50,4,0.00,0.000,0.000,1431,47,0
roi-optimal,588.00,4,0.00,0.000,0.000,1431,47,0
roi-optimal,588.50,4,0.00,0.000,0.000,1431,47,0
roi-optimal,589.00,4,0.00,0.000,0.000,1431,47,0
roi-optimal,589.50,4,0.00,0.000,0.000,1431,47,0
roi-optimal,590.00,4,0.00,0.000,0.000,1431,47,0
roi-optimal,590.50,4,0.00,0.000,0.000,1431,47,0
roi-optimal,591.00,4,0.00,0.000,0.000,1431,47,0
roi-optimal,591.50,4,0.00,0.000,0.000,1431,47,0
roi-optimal,592.00,4,0.00,0.000,0.000,1431,47,0
roi-optimal,592.50,4,0.00,0.000,0.000,1431,47,0
roi-optimal,593.00,4,0.00,0.000,0.000,1431,47,0
roi-optimal,593.50,4,0.00,0.000,0.000,1431,47,0
roi-optimal,594.00,4,0.00,0.000,0.000,1431,47,0
roi-optimal,594.50,4,0.00,0.000,0.000,1431,47,0
roi-optimal,595.00,4,0.00,0.000,0.000,1431,47,0
roi-optimal,595.50,4,0.00,0.000,0.000,1431,47,0
roi-optimal,596.00,4,0.00,0.000,0.000,1431,47,0
roi-optimal,596.50,4,0.00,0.000,0.000,1431,47,0
roi-optimal,597.00,4,0.00,0.000,0.000,1431,47,0
roi-optimal,597.50,4,0.00,0.000,0.000,1431,47,0
roi-optimal,598.00,4,0.00,0.000,0.000,1431,47,0
roi-optimal,598.50,4,0.00,0.000,0.000,1431,47,0
roi-optimal,599.00,4,0.00,0.000,0.000,1431,47,0
roi-optimal,599.50,4,0.00,0.000,0.000,1431,47,0
roi-optimal,600.00,4,0.00,0.000,0.000,1431,47,0
roi-optimal,600.50,4,0.00,0.000,0.000,1431,47,0
roi-optimal,601.00,4,0.00,0.000,0.000,1431,47,0
roi-optimal,601.50,4,0.00,0.000,0.000,1431,47,0
roi-optimal,602.00,4,0.00,0.000,0.000,1431,47,0
roi-optimal,602.50,4,0.00,0.000,0.000,1431,47,0
roi-optimal,603.00,4,0.00,0.000,0.000,1431,47,0
roi-optimal,603.50,4,0.00,0.000,0.000,1431,47,0
roi-optimal,604.00,4,0.00,0.000,0.000,1431,47,0
roi-optimal,604.50,4,0.00,0.000,0.000,1431,47,0
roi-optimal,605.00,4,0.00,0.000,0.000,1431,47,0
roi-optimal,605.50,4,0.00,0.000,0.000,1431,47,0
roi-optimal,606.00,4,0.00,0.000,0.000,1431,47,0
roi-optimal,606.50,4,0.00,0.000,0.000,1431,47,0
roi-optimal,607.00,4,0.00,0.000,0.000,1431,47,0
roi-optimal,607.50,4,0.00,0.000,0.000,1431,47,0
roi-optimal,608.00,4,0.00,0.000,0.000,1431,47,0
roi-optimal,608.50,4,0.00,0.000,0.000,1431,47,0
roi-optimal,609.00,4,0.00,0.000,0.000,1431,47,0
roi-optimal,609.50,4,0.00,0.000,0.000,1431,47,0
roi-optimal,610.00,4,0.00,0.000,0.000,1431,47,0
roi-optimal,610.50,4,0.00,0.000,0.000,1431,47,0
roi-optimal,611.00,4,0.00,0.000,0.000,1431,47,0
roi-optimal,611.50,4,0.00,0.000,0.000,1431,47,0
roi-optimal,612.00,4,0.00,0.000,0.000,1431,47,0
roi-optimal,612.50,4,0.00,0.000,0.000,1431,47,0
roi-optimal,613.00,4,0.00,0.000,0.000,1431,47,0
roi-optimal,613.50,4,0.00,0.000,0.000,1431,47,0
roi-optimal,614.00,4,0.00,0.000,0.000,1431,47,0
roi-optimal,614.50,4,0.00,0.000,0.000,1431,47,0
roi-optimal,615.00,4,0.00,0.000,0.000,1431,47,0
roi-optimal,615.50,4,0.00,0.000,0.000,1431,47,0
roi-optimal,616.00,4,0.00,0.000,0.000,1431,47,0
roi-optimal,616.50,4,0.00,0.000,0.000,1431,47,0
roi-optimal,617.00,4,0.00,0.000,0.000,1431,47,0
roi-optimal,617.50,4,0.00,0.000,0.000,1431,47,0
roi-optimal,618.00,4,0.00,0.000,0.000,1431,47,0
roi-optimal,618.50,4,0.00,0.000,0.000,1431,47,0
roi-optimal,619.00,4,0.00,0.000,0.000,1431,47,0
roi-optimal,619.50,4,0.00,0.000,0.000,1431,47,0
roi-optimal,620.00,4,0.00,0.000,0.000,1431,47,0
roi-optimal,620.50,4,0.00,0.000,0.000,1431,47,0
roi-optimal,621.00,4,0.00,0.000,0.000,1431,47,0
roi-optimal,621.50,4,0.00,0.000,0.000,1431,47,0
roi-optimal,622.00,4,0.00,0.000,0.000,1431,47,0
roi-optimal,622.50,4,0.00,0.000,0.000,1431,47,0
roi-optimal,623.00,4,0.00,0.000,0.000,1431,47,0
roi-optimal,623.50,4,0.00,0.000,0.000,1431,47,0
roi-optimal,624.00,4,0.00,0.000,0.000,1431,47,0
roi-optimal,624.50,4,0.00,0.000,0.000,1431,47,0
roi-optimal,625.00,4,0.00,0.000,0.000,1431,47,0
roi-optimal,625.50,4,0.00,0.000,0.000,1431,47,0
roi-optimal,626.00,4,0.00,0.000,0.000,1431,47,0
roi-optimal,626.50,4,0.00,0.000,0.000,1431,47,0
roi-optimal,627.00,4,0.00,0.000,0.000,1431,47,0
roi-optimal,627.50,4,0.00,0.000,0.000,1431,47,0
roi-optimal,628.00,4,0.00,0.000,0.000,1431,47,0
roi-optimal,628.50,4,0.00,0.000,0.000,1431,47,0
roi-optimal,629.00,4,0.00,0.000,0.000,1431,47,0
roi-optimal,629.50,4,0.00,0.000,0.000,1431,47,0
roi-optimal,630.00,4,0.00,0.000,0.000,1431,47,0
roi-optimal,630.50,4,0.00,0.000,0.000,1431,47,0
roi-optimal,631.00,4,0.00,0.000,0.000,1431,47,0
roi-optimal,631.50,4,0.00,0.000,0.000,1431,47,0
roi-optimal,632.00,4,0.00,0.000,0.000,1431,47,0
roi-optimal,632.50,4,0.00,0.000,0.000,1431,47,0
roi-optimal,633.00,4,0.00,0.000,0.000,1431,47,0
roi-optimal,633.50,4,0.00,0.000,0.000,1431,47,0
roi-optimal,634.00,4,0.00,0.000,0.000,1431,47,0
roi-optimal,634.50,4,0.00,0.000,0.000,1431,47,0
roi-optimal,635.00,4,0.00,0.000,0.000,1431,47,0
roi-optimal,635.50,4,0.00,0.000,0.000,1431,47,0
roi-optimal,636.00,4,0.00,0.000,0.000,1431,47,0
roi-optimal,636.50,4,0.00,0.000,0.000,1431,47,0
roi-optimal,637.00,4,0.00,0.000,0.000,1431,47,0
roi-optimal,637.50,4,0.00,0.000,0.000,1431,47,0
roi-optimal,638.00,4,0.00,0.000,0.000,1431,47,0
roi-optimal,638.50,4,0.00,0.000,0.000,1431,47,0
roi-optimal,639.00,4,0.00,0.000,0.000,1431,47,0
roi-optimal,639.50,4,0.00,0.000,0.000,1431,47,0
roi-optimal,640.00,4,0.00,0.000,0.000,1431,47,0
roi-optimal,640.50,4,0.00,0.000,0.000,1431,47,0
roi-optimal,641.00,4,0.00,0.000,0.000,1431,47,0
roi-optimal,641.50,4,0.00,0.000,0.000,1431,47,0
roi-optimal,642.00,4,0.00,0.000,0.000,1431,47,0
roi-optimal,642.50,4,0.00,0.000,0.000,1431,47,0
roi-optimal,643.00,4,0.00,0.000,0.000,1431,47,0
roi-optimal,643.50,4,0.00,0.000,0.000,1431,47,0
roi-optimal,644.00,4,0.00,0.000,0.000,1431,47,0
roi-optimal,644.50,4,0.00,0.000,0.000,1431,47,0
roi-optimal,645.00,4,0.00,0.000,0.000,1431,47,0
roi-optimal,645.50,4,0.00,0.000,0.000,1431,47,0
roi-optimal,646.00,4,0.00,0.000,0.000,1431,47,0
roi-optimal,646.50,4,0.00,0.000,0.000,1431,47,0
roi-optimal,647.00,4,0.00,0.000,0.000,1431,47,0
roi-optimal,647.50,4,0.00,0.000,0.000,1431,47,0
roi-optimal,648.00,4,0.00,0.000,0.000,1431,47,0
roi-optimal,648.50,4,0.00,0.000,0.000,1431,47,0
roi-optimal,649.00,4,0.00,0.000,0.000,1431,47,0
roi-optimal,649.50,4,0.00,0.000,0.000,1431,47,0
roi-optimal,650.00,4,0.00,0.000,0.000,1431,47,0
roi-optimal,650.50,4,0.00,0.000,0.000,1431,47,0
roi-optimal,651.00,4,0.00,0.000,0.000,1431,47,0
roi-optimal,651.50,4,0.00,0.000,0.000,1431,47,0
roi-optimal,652.00,4,0.00,0.000,0.000,1431,47,0
roi-optimal,652.50,4,0.00,0.000,0.000,1431,47,0
roi-optimal,653.00,4,0.00,0.000,0.000,1431,47,0
roi-optimal,653.50,4,0.00,0.000,0.000,1431,47,0
roi-optimal,654.00,4,0.00,0.000,0.000,1431,47,0
roi-optimal,654.50,4,0.00,0.000,0.000,1431,47,0
roi-optimal,655.00,4,0.00,0.000,0.000,1431,47,0
roi-optimal,655.50,4,0.00,0.000,0.000,1431,47,0
roi-optimal,656.00,4,0.00,0.000,0.000,1431,47,0
roi-optimal,656.50,4,0.00,0.000,0.000,1431,47,0
roi-optimal,657.00,4,0.00,0.000,0.000,1431,47,0
roi-optimal,657.50,4,0.00,0.000,0.000,1431,47,0
roi-optimal,658.00,4,0.00,0.000,0.000,1431,47,0
roi-optimal,658.50,4,0.00,0.000,0.000,1431,47,0
roi-optimal,659.00,4,0.00,0.000,0.000,1431,47,0
roi-optimal,659.50,4,0.00,0.000,0.000,1431,47,0
roi-optimal,660.00,4,0.00,0.000,0.000,1431,47,0
roi-optimal,660.50,4,0.00,0.000,0.000,1431,47,0
roi-optimal,661.00,4,0.00,0.000,0.000,1431,47,0
roi-optimal,661.50,4,0.00,0.000,0.000,1431,47,0
roi-optimal,662.00,4,0.00,0.000,0.000,1431,47,0
roi-optimal,662.50,4,0.00,0.000,0.000,1431,47,0
roi-optimal,663.00,4,0.00,0.000,0.000,1431,47,0
roi-optimal,663.50,4,0.00,0.000,0.000,1431,47,0
roi-optimal,664.00,4,0.00,0.000,0.000,1431,47,0
roi-optimal,664.50,4,0.00,0.000,0.000,1431,47,0
roi-optimal,665.00,4,0.00,0.000,0.000,1431,47,0
roi-optimal,665.50,4,0.00,0.000,0.000,1431,47,0
roi-optimal,666.00,4,0.00,0.000,0.000,1431,47,0
roi-optimal,666.50,4,0.00,0.000,0.000,1431,47,0
roi-optimal,667.00,4,0.00,0.000,0.000,1431,47,0
roi-optimal,667.50,4,0.00,0.000,0.000,1431,47,0
roi-optimal,668.00,4,0.00,0.000,0.000,1431,47,0
roi-optimal,668.50,4,0.00,0.000,0.000,1431,47,0
roi-optimal,669.00,4,0.00,0.000,0.000,1431,47,0
roi-optimal,669.50,4,0.00,0.000,0.000,1431,47,0
roi-optimal,670.00,4,0.00,0.000,0.000,1431,47,0
roi-optimal,670.50,4,0.00,0.000,0.000,1431,47,0
roi-optimal,671.00,4,0.00,0.000,0.000,1431,47,0
roi-optimal,671.50,4,0.00,0.000,0.000,1431,47,0
roi-optimal,672.00,4,0.00,0.000,0.000,1431,47,0
roi-optimal,672.50,4,0.00,0.000,0.000,1431,47,0
roi-optimal,673.00,4,0.00,0.000,0.000,1431,47,0
roi-optimal,673.50,4,0.00,0.000,0.000,1431,47,0
roi-optimal,674.00,4,0.00,0.000,0.000,1431,47,0
roi-optimal,674.50,4,0.00,0.000,0.000,1431,47,0
roi-optimal,675.00,4,0.00,0.000,0.000,1431,47,0
roi-optimal,675.50,4,0.00,0.000,0.000,1431,47,0
roi-optimal,676.00,4,0.00,0.000,0.000,1431,47,0
roi-optimal,676.50,4,0.00,0.000,0.000,1431,47,0
roi-optimal,677.00,4,0.00,0.000,0.000,1431,47,0
roi-optimal,677.50,4,0.00,0.000,0.000,1431,47,0
roi-optimal,678.00,4,0.00,0.000,0.000,1431,47,0
roi-optimal,678.50,4,0.00,0.000,0.000,1431,47,0
roi-optimal,679.00,4,0.00,0.000,0.000,1431,47,0
roi-optimal,679.50,4,0.00,0.000,0.000,1431,47,0
roi-optimal,680.00,4,0.00,0.000,0.000,1431,47,0
roi-optimal,680.50,4,0.00,0.000,0.000,1431,47,0
roi-optimal,681.00,4,0.00,0.000,0.000,1431,47,0
roi-optimal,681.50,4,0.00,0.000,0.000,1431,47,0
roi-optimal,682.00,4,0.00,0.000,0.000,1431,47,0
roi-optimal,682.50,4,0.00,0.000,0.000,1431,47,0
roi-optimal,683.00,4,0.00,0.000,0.000,1431,47,0
roi-optimal,683.50,4,0.00,0.000,0.000,1431,47,0
roi-optimal,684.00,4,0.00,0.000,0.000,1431,47,0
roi-optimal,684.50,4,0.00,0.000,0.000,1431,47,0
roi-optimal,685.00,4,0.00,0.000,0.000,1431,47,0
roi-optimal,685.50,4,0.00,0.000,0.000,1431,47,0
roi-optimal,686.00,4,0.00,0.000,0.000,1431,47,0
roi-optimal,686.50,4,0.00,0.000,0.000,1431,47,0
roi-optimal,687.00,4,0.00,0.000,0.000,1431,47,0
roi-optimal,687.50,4,0.00,0.000,0.000,1431,47,0
roi-optimal,688.00,4,0.00,0.000,0.000,1431,47,0
roi-optimal,688.50,4,0.00,0.000,0.000,1431,47,0
roi-optimal,689.00,4,0.00,0.000,0.000,1431,47,0
roi-optimal,689.50,4,0.00,0.000,0.000,1431,47,0
roi-optimal,690.00,4,0.00,0.000,0.000,1431,47,0
roi-optimal,690.50,4,0.00,0.000,0.000,1431,47,0
roi-optimal,691.00,4,0.00,0.000,0.000,1431,47,0
roi-optimal,691.50,4,0.00,0.000,0.000,1431,47,0
roi-optimal,692.00,4,0.00,0.000,0.000,1431,47,0
roi-optimal,692.50,4,0.00,0.000,0.000,1431,47,0
roi-optimal,693.00,4,0.00,0.000,0.000,1431,47,0
roi-optimal,693.50,4,0.00,0.000,0.000,1431,47,0
roi-optimal,694.00,4,0.00,0.000,0.000,1431,47,0
roi-optimal,694.50,4,0.00,0.000,0.000,1431,47,0
roi-optimal,695.00,4,0.00,0.000,0.000,1431,47,0
roi-optimal,695.50,4,0.00,0.000,0.000,1431,47,0
roi-optimal,696.00,4,0.00,0.000,0.000,1431,47,0
roi-optimal,696.50,4,0.00,0.000,0.000,1431,47,0
roi-optimal,697.00,4,0.00,0.000,0.000,1431,47,0
roi-optimal,697.50,4,0.00,0.000,0.000,1431,47,0
roi-optimal,698.00,4,0.00,0.000,0.000,1431,47,0
roi-optimal,698.50,4,0.00,0.000,0.000,1431,47,0
roi-optimal,699.00,4,0.00,0.000,0.000,1431,47,0
roi-optimal,699.50,4,0.00,0.000,0.000,1431,47,0
roi-optimal,700.00,4,0.00,0.000,0.000,1431,47,0
roi-optimal,700.50,4,0.00,0.000,0.000,1431,47,0
roi-optimal,701.00,4,0.00,0.000,0.000,1431,47,0
roi-optimal,701.50,4,0.00,0.000,0.000,1431,47,0
roi-optimal,702.00,4,0.00,0.000,0.000,1431,47,0
roi-optimal,702.50,4,0.00,0.000,0.000,1431,47,0
roi-optimal,703.00,4,0.00,0.000,0.000,1431,47,0
roi-optimal,703.50,4,0.00,0.000,0.000,1431,47,0
roi-optimal,704.00,4,0.00,0.000,0.000,1431,47,0
roi-optimal,704.50,4,0.00,0.000,0.000,1431,47,0
roi-optimal,705.00,4,0.00,0.000,0.000,1431,47,0
roi-optimal,705.50,4,0.00,0.000,0.000,1431,47,0
roi-optimal,706.00,4,0.00,0.000,0.000,1431,47,0
roi-optimal,706.50,4,0.00,0.000,0.000,1431,47,0
roi-optimal,707.00,4,0.00,0.000,0.000,1431,47,0
roi-optimal,707.50,4,0.00,0.000,0.000,1431,47,0
roi-optimal,708.00,4,0.00,0.000,0.000,1431,47,0
roi-optimal,708.50,4,0.00,0.000,0.000,1431,47,0
roi-optimal,709.00,4,0.00,0.000,0.000,1431,47,0
roi-optimal,709.50,4,0.00,0.000,0.000,1431,47,0
roi-optimal,710.00,4,0.00,0.000,0.000,1431,47,0
roi-optimal,710.50,4,0.00,0.000,0.000,1431,47,0
roi-optimal,711.00,4,0.00,0.000,0.000,1431,47,0
roi-optimal,711.50,4,0.00,0.000,0.000,1431,47,0
roi-optimal,712.00,4,0.00,0.000,0.000,1431,47,0
roi-optimal,712.50,4,0.00,0.000,0.000,1431,47,0
roi-optimal,713.00,4,0.00,0.000,0.000,1431,47,0
roi-optimal,713.50,4,0.00,0.000,0.000,1431,47,0
roi-optimal,714.00,4,0.00,0.000,0.000,1431,47,0
roi-optimal,714.50,4,0.00,0.000,0.000,1431,47,0
roi-optimal,715.00,4,0.00,0.000,0.000,1431,47,0
roi-optimal,715.50,4,0.00,0.000,0.000,1431,47,0
roi-optimal,716.00,4,0.00,0.000,0.000,1431,47,0
roi-optimal,716.50,4,0.00,0.000,0.000,1431,47,0
roi-optimal,717.00,4,0.00,0.000,0.000,1431,47,0
roi-optimal,717.50,4,0.00,0.000,0.000,1431,47,0
roi-optimal,718.00,4,0.00,0.000,0.000,1431,47,0
roi-optimal,718.50,4,0.00,0.000,0.000,1431,47,0
roi-optimal,719.00,4,0.00,0.000,0.000,1431,47,0
roi-optimal,719.50,4,0.00,0.000,0.000,1431,47,0
throughput-first,0.00,1,0.00,0.000,0.000,0,0,0
throughput-first,0.50,1,0.00,0.000,0.000,0,0,0
throughput-first,1.00,1,3.72,3.723,0.000,1,0,0
throughput-first,1.50,1,1.62,15.615,0.000,4,2,0
throughput-first,2.00,1,18.42,22.520,0.000,9,2,0
throughput-first,2.50,1,22.15,18.074,0.000,10,2,0
throughput-first,3.00,1,37.76,19.338,0.000,14,2,0
throughput-first,3.50,1,47.20,22.591,0.000,16,2,0
throughput-first,4.00,1,59.09,21.327,0.000,19,2,0
throughput-first,4.50,1,65.27,14.351,0.000,21,2,0
throughput-first,5.00,1,74.71,15.615,0.000,23,2,0
throughput-first,5.50,1,91.04,25.773,0.000,27,2,0
throughput-first,6.00,1,106.66,31.955,0.000,31,2,0
throughput-first,6.50,1,114.04,22.996,0.000,32,2,0
throughput-first,7.00,1,116.50,9.839,0.000,33,2,0
throughput-first,7.50,1,120.22,6.181,0.000,34,2,0
throughput-first,8.00,1,122.68,6.181,0.000,35,2,0
throughput-first,8.50,1,122.68,2.458,0.000,35,2,0
throughput-first,9.00,1,122.68,0.000,0.000,35,2,0
throughput-first,9.50,1,122.68,0.000,0.000,35,2,0
throughput-first,10.00,1,122.68,0.000,0.000,35,2,0
throughput-first,10.50,1,122.68,0.000,0.000,35,2,0
throughput-first,11.00,1,122.68,0.000,0.000,35,2,0
throughput-first,11.50,1,126.40,3.723,10.928,36,2,0
throughput-first,12.00,1,128.86,6.181,11.185,37,2,0
throughput-first,12.50,1,145.20,18.798,11.968,41,2,0
throughput-first,13.00,1,148.92,20.062,12.649,42,2,0
throughput-first,13.50,1,157.09,11.892,12.494,44,2,0
throughput-first,14.00,1,157.09,8.170,11.896,44,2,0
throughput-first,14.50,1,162.80,5.711,11.381,45,2,0
throughput-first,15.00,1,182.87,25.773,11.649,50,2,0
throughput-first,15.50,1,192.77,21.797,11.616,53,2,0
throughput-first,16.00,1,205.93,19.338,11.533,56,2,0
throughput-first,16.50,1,210.84,14.351,11.533,58,2,0
throughput-first,17.00,1,85.20,19.268,11.685,62,2,0
throughput-first,17.50,2,34.44,31.875,11.940,64,4,2
throughput-first,18.00,2,23.34,48.144,12.614,66,6,2
throughput-first,18.50,2,39.22,42.897,13.443,68,6,2
throughput-first,19.00,2,26.55,34.697,14.479,71,8,2
throughput-first,19.50,2,29.56,24.284,15.233,72,8,2
throughput-first,20.00,2,28.84,2.412,15.076,72,8,2
throughput-first,20.50,2,28.13,-1.311,14.919,72,8,2
throughput-first,21.00,2,27.41,-1.311,14.865,72,8,2
throughput-first,21.50,2,26.70,-1.311,14.810,72,8,2
throughput-first,22.00,2,25.98,-1.311,14.755,72,8,2
throughput-first,22.50,2,25.27,-1.311,14.701,72,8,2
throughput-first,23.00,2,24.55,-1.311,14.646,72,8,2
throughput-first,23.50,2,23.84,-1.311,14.436,72,8,2
throughput-first,24.00,2,28.83,44.403,16.029,76,9,2
throughput-first,24.50,2,41.76,49.377,17.303,78,9,2
throughput-first,25.00,2,48.39,39.968,18.133,82,10,2
throughput-first,25.50,2,23.06,42.416,19.404,84,11,2
throughput-first,26.00,2,45.35,32.077,20.400,87,11,2
throughput-first,26.50,2,53.54,30.605,21.438,88,11,2
throughput-first,27.00,2,42.07,53.928,22.611,92,13,2
throughput-first,27.50,2,23.84,65.144,24.417,96,14,2
throughput-first,28.00,2,35.51,37.564,25.176,97,14,2
throughput-first,28.50,2,53.10,29.386,25.803,100,14,2
throughput-first,29.00,2,22.65,55.260,27.302,104,16,2
throughput-first,29.50,2,40.28,41.076,27.686,106,16,2
throughput-first,30.00,2,54.94,32.408,27.030,109,16,2
throughput-first,30.50,2,30.99,34.831,26.694,112,17,2
throughput-first,31.00,2,65.50,54.683,27.527,115,17,2
throughput-first,31.50,2,70.95,40.083,28.185,116,17,2
throughput-first,32.00,2,70.24,4.855,28.287,116,17,2
throughput-first,32.50,2,80.62,9.780,28.749,117,17,2
throughput-first,33.00,2,79.90,9.780,29.211,117,17,2
throughput-first,33.50,2,79.19,-1.311,29.211,117,17,2
throughput-first,34.00,2,78.47,-1.311,29.211,117,17,2
throughput-first,34.50,2,77.76,-1.311,29.211,117,17,2
throughput-first,35.00,2,81.99,3.639,29.417,118,17,2
throughput-first,35.50,2,91.65,14.014,30.056,119,17,2
throughput-first,36.00,2,99.82,17.947,28.954,121,17,2
throughput-first,36.50,2,129.22,37.687,28.467,124,17,2
throughput-first,37.00,2,160.37,60.668,29.329,127,17,2
throughput-first,37.50,2,193.08,55.076,29.857,130,17,2
throughput-first,38.00,2,210.55,40.896,30.224,132,17,2
throughput-first,38.50,2,249.83,56.863,31.318,136,17,2
throughput-first,39.00,2,269.65,59.220,31.539,139,17,2
throughput-first,39.50,2,281.54,28.113,29.996,142,17,2
throughput-first,40.00,2,298.02,28.492,29.618,145,17,2
throughput-first,40.50,2,320.72,39.295,30.030,147,17,2
throughput-first,41.00,2,353.14,45.829,29.638,151,17,2
throughput-first,41.50,2,370.73,50.133,30.015,154,17,2
throughput-first,42.00,2,391.71,38.687,30.277,157,17,2
throughput-first,42.50,2,404.81,30.475,30.095,159,17,2
throughput-first,43.00,2,417.17,25.586,28.883,161,17,2
throughput-first,43.50,2,416.46,-1.311,27.158,161,17,2
throughput-first,44.00,2,421.46,4.400,27.139,162,17,2
throughput-first,44.50,2,433.35,17.011,27.440,163,17,2
throughput-first,45.00,2,442.04,20.707,27.896,164,17,2
throughput-first,45.50,2,441.33,8.096,28.287,164,17,2
throughput-first,46.00,2,450.51,8.590,28.700,165,17,2
throughput-first,46.50,2,454.75,13.540,29.319,166,17,2
throughput-first,47.00,2,454.03,3.639,29.319,166,17,2
throughput-first,47.50,2,460.69,6.057,28.987,167,17,2
throughput-first,48.00,2,482.19,28.280,29.418,171,17,2
throughput-first,48.50,2,504.37,40.075,29.517,173,17,2
throughput-first,49.00,2,529.63,38.888,28.610,177,17,2
throughput-first,49.50,2,538.81,28.146,27.488,179,17,2
throughput-first,50.00,2,574.30,44.782,27.650,183,17,2
throughput-first,50.50,2,600.32,52.963,27.487,186,17,2
throughput-first,51.00,2,624.11,49.931,27.100,189,17,2
throughput-first,51.50,2,646.89,32.331,27.276,193,17,2
throughput-first,52.00,2,657.83,31.380,27.396,195,17,2
throughput-first,52.50,2,691.83,45.061,27.637,198,17,2
throughput-first,53.00,2,727.67,69.958,28.642,202,17,2
throughput-first,53.50,2,729.41,37.699,28.124,203,17,2
throughput-first,54.00,2,728.69,1.148,26.560,203,17,2
throughput-first,54.50,2,762.48,33.186,26.673,207,17,2
throughput-first,55.00,2,772.93,23.724,26.595,209,17,2
throughput-first,55.50,2,772.21,9.858,27.060,209,17,2
throughput-first,56.00,2,771.50,-1.311,26.823,209,17,2
throughput-first,56.50,2,776.95,4.855,26.316,210,17,2
throughput-first,57.00,2,776.24,4.855,25.655,210,17,2
throughput-first,57.50,2,785.42,8.590,25.676,211,17,2
throughput-first,58.00,2,784.71,8.590,25.676,211,17,2
throughput-first,58.50,2,783.99,-1.311,25.057,211,17,2
throughput-first,59.00,2,783.28,-1.311,24.851,211,17,2
throughput-first,59.50,2,801.50,17.633,25.333,212,17,2
throughput-first,60.00,2,817.37,34.209,25.580,214,17,2
throughput-first,60.50,2,847.11,45.721,25.816,218,17,2
throughput-first,61.00,2,857.48,40.235,25.872,220,17,2
throughput-first,61.50,2,877.86,30.869,25.985,223,17,2
throughput-first,62.00,2,886.82,29.454,25.347,225,17,2
throughput-first,62.50,2,917.89,40.151,24.813,229,17,2
throughput-first,63.00,2,126.06,39.357,24.372,231,17,2
throughput-first,63.50,3,43.06,13.293,23.579,232,18,4
throughput-first,64.00,3,52.93,84.990,25.813,236,19,4
throughput-first,64.50,3,62.66,63.313,26.573,237,19,4
throughput-first,65.00,3,75.51,22.802,24.608,239,19,4
throughput-first,65.50,3,106.90,38.153,24.627,241,19,4
throughput-first,66.00,3,80.60,62.394,27.179,244,20,4
throughput-first,66.50,3,88.75,31.220,27.097,245,20,4
throughput-first,67.00,3,40.90,58.517,28.547,248,21,4
throughput-first,67.50,3,59.08,51.426,30.279,249,21,4
throughput-first,68.00,3,117.57,76.885,33.537,252,21,4
throughput-first,68.50,3,116.27,31.963,34.667,252,21,4
throughput-first,69.00,3,114.97,-2.383,34.365,252,21,4
throughput-first,69.50,3,113.67,-2.383,33.908,252,21,4
throughput-first,70.00,3,112.37,-2.383,33.451,252,21,4
throughput-first,70.50,3,114.87,1.421,33.564,253,21,4
throughput-first,71.00,3,113.57,1.421,33.678,253,21,4
throughput-first,71.50,3,112.27,-2.383,32.844,253,21,4
throughput-first,72.00,3,110.97,-2.383,31.320,253,21,4
throughput-first,72.50,3,97.86,69.802,32.323,256,22,4
throughput-first,73.00,3,123.02,81.555,34.045,258,22,4
throughput-first,73.50,3,72.42,66.230,35.518,261,23,4
throughput-first,74.00,3,95.56,70.758,37.239,262,23,4
throughput-first,74.50,3,150.94,78.734,38.847,265,23,4
throughput-first,75.00,3,50.07,30.903,38.494,266,24,4
throughput-first,75.50,3,98.38,70.655,40.884,269,24,4
throughput-first,76.00,3,112.21,62.362,39.942,270,24,4
throughput-first,76.50,3,45.92,59.756,39.793,273,25,4
throughput-first,77.00,3,62.53,62.535,41.449,275,25,4
throughput-first,77.50,3,115.82,70.123,42.781,278,25,4
throughput-first,78.00,3,127.78,65.466,42.909,279,25,4
throughput-first,78.50,3,172.65,43.787,43.433,283,25,4
throughput-first,79.00,3,171.35,43.787,42.819,283,25,4
throughput-first,79.50,3,186.49,14.053,41.262,284,25,4
throughput-first,80.00,3,53.47,19.901,38.887,285,26,4
throughput-first,80.50,3,52.17,-2.383,37.456,285,26,4
throughput-first,81.00,3,103.19,49.938,39.636,288,26,4
throughput-first,81.50,3,101.89,49.938,41.816,288,26,4
throughput-first,82.00,3,100.59,-2.383,41.816,288,26,4
throughput-first,82.50,3,99.29,-2.383,41.658,288,26,4
throughput-first,83.00,3,97.99,-2.383,41.499,288,26,4
throughput-first,83.50,3,112.95,13.880,42.177,289,26,4
throughput-first,84.00,3,111.65,13.880,42.855,289,26,4
throughput-first,84.50,3,110.35,-2.383,39.847,289,26,4
throughput-first,85.00,3,109.05,-2.383,36.349,289,26,4
throughput-first,85.50,3,130.47,20.332,34.437,290,26,4
throughput-first,86.00,3,158.40,49.564,33.554,293,26,4
throughput-first,86.50,3,42.37,53.654,32.509,295,27,4
throughput-first,87.00,3,58.33,54.146,33.477,296,27,4
throughput-first,87.50,3,100.90,58.744,32.981,299,27,4
throughput-first,88.00,3,120.87,32.616,31.742,300,27,4
throughput-first,88.50,3,183.78,83.096,32.714,303,27,4
throughput-first,89.00,3,46.47,94.815,34.059,305,28,4
throughput-first,89.50,3,113.79,99.230,35.272,308,28,4
throughput-first,90.00,3,129.01,82.755,35.992,309,28,4
throughput-first,90.50,3,160.59,30.500,35.439,312,28,4
throughput-first,91.00,3,179.26,50.464,35.717,313,28,4
throughput-first,91.50,3,210.57,30.228,36.391,316,28,4
throughput-first,92.00,3,50.08,40.034,37.230,317,29,4
throughput-first,92.50,3,48.78,-2.383,37.230,317,29,4
throughput-first,93.00,3,47.48,-2.383,35.050,317,29,4
throughput-first,93.50,3,46.18,-2.383,32.870,317,29,4
throughput-first,94.00,3,44.88,-2.383,32.870,317,29,4
throughput-first,94.50,3,43.58,-2.383,32.870,317,29,4
throughput-first,95.00,3,58.64,13.980,33.551,318,29,4
throughput-first,95.50,3,81.26,37.904,34.552,320,29,4
throughput-first,96.00,3,127.52,69.098,36.853,323,29,4
throughput-first,96.50,3,159.30,78.251,40.213,324,29,4
throughput-first,97.00,3,177.45,17.067,41.023,325,29,4
throughput-first,97.50,3,81.17,91.085,43.971,329,30,4
throughput-first,98.00,3,99.65,91.417,45.715,330,30,4
throughput-first,98.50,3,109.89,28.939,44.685,331,30,4
throughput-first,99.00,3,151.39,40.421,44.114,333,30,4
throughput-first,99.50,3,199.67,47.191,43.632,336,30,4
throughput-first,100.00,3,64.87,67.934,45.104,338,31,4
throughput-first,100.50,3,97.12,66.666,44.419,340,31,4
throughput-first,101.00,3,128.05,38.866,42.088,342,31,4
throughput-first,101.50,3,157.95,61.048,40.497,344,31,4
throughput-first,102.00,3,175.58,26.589,38.157,346,31,4
throughput-first,102.50,3,211.58,53.847,39.130,349,31,4
throughput-first,103.00,3,61.89,71.531,40.007,351,32,4
throughput-first,103.50,3,84.05,57.692,41.152,353,32,4
throughput-first,104.00,3,152.11,80.107,42.821,356,32,4
throughput-first,104.50,3,150.81,38.834,44.539,356,32,4
throughput-first,105.00,3,149.51,-2.383,44.539,356,32,4
throughput-first,105.50,3,148.21,-2.383,44.539,356,32,4
throughput-first,106.00,3,167.21,17.908,45.384,357,32,4
throughput-first,106.50,3,182.61,34.616,46.926,358,32,4
throughput-first,107.00,3,181.31,-2.383,46.244,358,32,4
throughput-first,107.50,3,208.39,25.992,45.748,359,32,4
throughput-first,108.00,3,45.55,49.451,44.929,361,33,4
throughput-first,108.50,3,108.95,75.449,44.812,364,33,4
throughput-first,109.00,3,118.63,73.300,47.156,365,33,4
throughput-first,109.50,3,202.89,94.154,47.283,369,33,4
throughput-first,110.00,3,230.98,112.565,48.165,371,33,4
throughput-first,110.50,3,59.75,73.078,50.004,374,34,4
throughput-first,111.00,3,66.44,51.675,50.473,375,34,4
throughput-first,111.50,3,74.39,6.873,48.793,376,34,4
throughput-first,112.00,3,145.08,69.598,48.862,380,34,4
throughput-first,112.50,3,169.70,78.072,49.337,381,34,4
throughput-first,113.00,3,219.35,74.488,50.822,385,34,4
throughput-first,113.50,3,226.03,38.282,49.873,386,34,4
throughput-first,114.00,3,53.94,80.805,52.132,391,35,4
throughput-first,114.50,3,52.64,44.926,51.760,391,35,4
throughput-first,115.00,3,88.74,35.026,50.239,394,35,4
throughput-first,115.50,3,122.17,49.051,49.879,396,35,4
throughput-first,116.00,3,167.59,79.058,49.835,398,35,4
throughput-first,116.50,3,166.29,15.957,48.882,398,35,4
throughput-first,117.00,3,164.99,-2.383,48.882,398,35,4
throughput-first,117.50,3,163.69,-2.383,48.882,398,35,4
throughput-first,118.00,3,162.39,-2.383,48.037,398,35,4
throughput-first,118.50,3,161.09,-2.383,46.495,398,35,4
throughput-first,119.00,3,159.79,-2.383,46.495,398,35,4
throughput-first,119.50,3,215.95,55.080,47.707,400,35,4
throughput-first,120.00,3,238.99,79.422,48.956,402,35,4
throughput-first,120.50,3,281.71,65.981,48.562,405,35,4
throughput-first,121.00,3,79.38,86.604,49.116,407,36,4
throughput-first,121.50,3,131.26,70.661,48.137,411,36,4
throughput-first,122.00,3,146.71,67.549,46.261,412,36,4
throughput-first,122.50,3,168.73,37.691,44.787,414,36,4
throughput-first,123.00,3,205.14,58.642,45.077,416,36,4
throughput-first,123.50,3,238.34,58.041,47.209,419,36,4
throughput-first,124.00,3,289.38,84.464,47.829,422,36,4
throughput-first,124.50,3,321.62,72.972,47.616,424,36,4
throughput-first,125.00,3,40.78,59.608,46.996,426,37,4
throughput-first,125.50,3,81.60,68.191,48.242,429,37,4
throughput-first,126.00,3,128.43,63.971,47.541,432,37,4
throughput-first,126.50,3,149.65,68.271,48.514,433,37,4
throughput-first,127.00,3,223.00,72.260,50.065,437,37,4
throughput-first,127.50,3,250.01,100.577,52.212,438,37,4
throughput-first,128.00,3,310.60,87.826,52.577,441,37,4
throughput-first,128.50,3,329.96,80.168,55.253,442,37,4
throughput-first,129.00,3,328.66,18.277,56.113,442,37,4
throughput-first,129.50,3,357.24,27.497,57.358,444,37,4
throughput-first,130.00,3,355.94,27.497,58.603,444,37,4
throughput-first,130.50,3,364.45,7.423,59.012,445,37,4
throughput-first,131.00,3,363.15,7.423,59.421,445,37,4
throughput-first,131.50,3,42.63,17.399,57.851,446,38,4
throughput-first,132.00,3,104.24,60.523,57.063,449,38,4
throughput-first,132.50,3,117.45,75.032,57.440,450,38,4
throughput-first,133.00,3,160.88,56.862,56.201,453,38,4
throughput-first,133.50,3,215.42,69.072,56.135,456,38,4
throughput-first,134.00,3,258.65,97.982,57.403,459,38,4
throughput-first,134.50,3,269.30,54.097,58.086,460,38,4
throughput-first,135.00,3,314.42,55.991,57.976,463,38,4
throughput-first,135.50,3,340.21,71.132,58.521,465,38,4
throughput-first,136.00,3,376.47,62.261,57.596,468,38,4
throughput-first,136.50,3,403.73,63.735,57.211,469,38,4
throughput-first,137.00,3,86.79,80.543,58.084,472,39,4
throughput-first,137.50,3,85.49,51.982,57.408,472,39,4
throughput-first,138.00,3,163.81,77.235,57.961,476,39,4
throughput-first,138.50,3,175.82,70.107,58.037,477,39,4
throughput-first,139.00,3,261.26,97.667,59.096,481,39,4
throughput-first,139.50,3,259.96,84.357,58.420,481,39,4
throughput-first,140.00,3,318.83,57.787,57.169,484,39,4
throughput-first,140.50,3,317.53,45.354,55.718,484,39,4
throughput-first,141.00,3,316.23,-2.383,54.857,484,39,4
throughput-first,141.50,3,314.93,-2.383,53.612,484,39,4
throughput-first,142.00,3,335.10,19.086,53.262,485,39,4
throughput-first,142.50,3,346.64,10.455,53.388,486,39,4
throughput-first,143.00,3,345.34,10.455,53.514,486,39,4
throughput-first,143.50,3,344.04,-2.383,52.690,486,39,4
throughput-first,144.00,3,384.59,39.461,51.813,488,39,4
throughput-first,144.50,3,411.21,67.382,51.494,490,39,4
throughput-first,145.00,3,63.42,86.047,52.710,493,40,4
throughput-first,145.50,3,101.97,85.547,53.396,496,40,4
throughput-first,146.00,3,119.86,56.656,51.674,497,40,4
throughput-first,146.50,3,145.31,43.557,51.235,500,40,4
throughput-first,147.00,3,166.23,46.594,50.844,502,40,4
throughput-first,147.50,3,215.17,56.407,50.230,506,40,4
throughput-first,148.00,3,213.87,47.850,49.630,506,40,4
throughput-first,148.50,3,288.04,73.088,50.019,510,40,4
throughput-first,149.00,3,312.76,79.612,49.981,512,40,4
throughput-first,149.50,3,366.19,78.366,51.080,515,40,4
throughput-first,150.00,3,387.95,75.405,51.004,516,40,4
throughput-first,150.50,3,394.50,28.531,49.271,517,40,4
throughput-first,151.00,3,446.26,58.532,47.641,521,40,4
throughput-first,151.50,3,444.96,34.233,45.552,521,40,4
throughput-first,152.00,3,496.17,50.124,45.233,524,40,4
throughput-first,152.50,3,503.96,59.219,45.811,525,40,4
throughput-first,153.00,3,502.66,6.712,46.190,525,40,4
throughput-first,153.50,3,501.36,-2.383,46.190,525,40,4
throughput-first,154.00,3,500.06,-2.383,45.295,525,40,4
throughput-first,154.50,3,513.27,12.126,45.365,526,40,4
throughput-first,155.00,3,519.83,19.980,45.762,527,40,4
throughput-first,155.50,3,518.53,5.471,46.089,527,40,4
throughput-first,156.00,3,566.93,47.323,46.416,531,40,4
throughput-first,156.50,3,43.13,59.605,46.092,532,41,4
throughput-first,157.00,3,103.95,79.232,45.808,536,41,4
throughput-first,157.50,3,102.65,51.637,44.395,536,41,4
throughput-first,158.00,3,162.71,58.980,44.492,540,41,4
throughput-first,158.50,3,181.44,79.012,45.970,541,41,4
throughput-first,159.00,3,268.06,105.569,48.427,545,41,4
throughput-first,159.50,3,276.50,95.272,50.046,546,41,4
throughput-first,160.00,3,289.49,21.641,48.954,547,41,4
throughput-first,160.50,3,347.75,71.467,48.887,550,41,4
throughput-first,161.00,3,386.15,96.882,49.606,552,41,4
throughput-first,161.50,3,435.88,88.343,50.022,555,41,4
throughput-first,162.00,3,445.93,59.998,49.380,556,41,4
throughput-first,162.50,3,500.95,65.292,50.912,559,41,4
throughput-first,163.00,3,571.81,103.843,52.800,562,41,4
throughput-first,163.50,3,592.01,91.275,55.176,563,41,4
throughput-first,164.00,3,641.38,48.289,55.100,566,41,4
throughput-first,164.50,3,665.65,73.863,55.710,567,41,4
throughput-first,165.00,3,664.35,23.190,56.397,567,41,4
throughput-first,165.50,3,663.05,-2.383,56.397,567,41,4
throughput-first,166.00,3,689.87,25.728,57.568,568,41,4
throughput-first,166.50,3,688.57,-2.383,56.964,568,41,4
throughput-first,167.00,3,727.02,37.368,57.688,570,41,4
throughput-first,167.50,3,756.53,47.931,59.457,572,41,4
throughput-first,168.00,3,796.32,49.177,59.534,575,41,4
throughput-first,168.50,3,833.19,76.877,60.254,577,41,4
throughput-first,169.00,3,851.71,55.603,59.270,579,41,4
throughput-first,169.50,3,80.48,60.498,59.639,581,42,4
throughput-first,170.00,3,97.58,16.022,57.849,582,42,4
throughput-first,170.50,3,153.62,73.361,57.613,586,42,4
throughput-first,171.00,3,183.85,66.435,55.983,588,42,4
throughput-first,171.50,3,225.69,72.290,55.025,590,42,4
throughput-first,172.00,3,250.47,66.834,56.908,592,42,4
throughput-first,172.50,3,280.28,54.802,56.214,594,42,4
throughput-first,173.00,3,331.55,81.298,55.565,596,42,4
throughput-first,173.50,3,373.97,93.906,55.796,598,42,4
throughput-first,174.00,3,403.64,72.301,56.309,600,42,4
throughput-first,174.50,3,438.55,64.795,56.288,603,42,4
throughput-first,175.00,3,464.82,46.887,53.915,605,42,4
throughput-first,175.50,3,511.56,73.230,53.163,608,42,4
throughput-first,176.00,3,556.68,73.728,54.223,610,42,4
throughput-first,176.50,3,586.82,75.475,54.290,612,42,4
throughput-first,177.00,3,585.52,9.563,53.723,612,42,4
throughput-first,177.50,3,584.22,-2.383,53.723,612,42,4
throughput-first,178.00,3,582.92,-2.383,52.551,612,42,4
throughput-first,178.50,3,581.62,-2.383,52.551,612,42,4
throughput-first,179.00,3,580.32,-2.383,50.895,612,42,4
throughput-first,179.50,3,609.82,28.415,50.082,614,42,4
throughput-first,180.00,3,627.70,47.602,50.016,616,42,4
throughput-first,180.50,3,682.58,72.979,49.854,619,42,4
throughput-first,181.00,3,681.28,53.792,49.778,619,42,4
throughput-first,181.50,3,738.35,55.983,49.590,623,42,4
throughput-first,182.00,3,780.06,82.651,52.366,625,42,4
throughput-first,182.50,3,830.35,68.855,52.179,628,42,4
throughput-first,183.00,3,876.73,85.184,52.960,631,42,4
throughput-first,183.50,3,909.53,79.397,53.256,633,42,4
throughput-first,184.00,3,960.57,84.054,53.974,636,42,4
throughput-first,184.50,3,977.75,68.434,54.541,637,42,4
throughput-first,185.00,3,1025.69,65.340,53.877,640,42,4
throughput-first,185.50,3,1024.39,46.859,51.916,640,42,4
throughput-first,186.00,3,1083.71,58.238,51.330,644,42,4
throughput-first,186.50,3,1134.05,98.952,52.754,647,42,4
throughput-first,187.00,3,1193.82,81.762,54.207,650,42,4
throughput-first,187.50,3,1215.32,81.492,54.551,652,42,4
throughput-first,188.00,3,1261.58,67.978,54.311,654,42,4
throughput-first,188.50,3,1300.88,85.775,54.741,656,42,4
throughput-first,189.00,3,1299.58,38.214,55.934,656,42,4
throughput-first,189.50,3,1298.28,-2.383,55.934,656,42,4
throughput-first,190.00,3,1333.92,34.560,57.474,658,42,4
throughput-first,190.50,3,1332.62,34.560,59.013,658,42,4
throughput-first,191.00,3,1345.23,11.521,59.592,659,42,4
throughput-first,191.50,3,1365.23,32.825,59.776,660,42,4
throughput-first,192.00,3,1435.87,90.858,61.578,663,42,4
throughput-first,192.50,3,1456.04,91.024,62.330,664,42,4
throughput-first,193.00,3,1538.61,102.953,64.379,668,42,4
throughput-first,193.50,3,1537.31,81.484,65.441,668,42,4
throughput-first,194.00,3,1598.53,60.144,64.503,671,42,4
throughput-first,194.50,3,1624.38,87.286,65.271,673,42,4
throughput-first,195.00,3,1680.67,67.161,64.520,677,42,4
throughput-first,195.50,3,1704.74,80.582,64.570,678,42,4
throughput-first,196.00,3,1747.94,67.482,63.879,681,42,4
throughput-first,196.50,3,1793.68,89.153,64.743,684,42,4
throughput-first,197.00,3,1838.06,73.889,65.099,687,42,4
throughput-first,197.50,3,1857.23,63.772,65.803,689,42,4
throughput-first,198.00,3,1883.10,35.873,64.872,691,42,4
throughput-first,198.50,3,1927.96,70.943,63.705,694,42,4
throughput-first,199.00,3,1955.54,55.675,62.618,696,42,4
throughput-first,199.50,3,1987.51,59.770,61.712,698,42,4
throughput-first,200.00,3,2008.84,33.794,60.288,700,42,4
throughput-first,200.50,3,2007.54,20.243,57.558,700,42,4
throughput-first,201.00,3,2029.12,20.493,56.819,701,42,4
throughput-first,201.50,3,2027.82,20.493,57.772,701,42,4
throughput-first,202.00,3,2026.52,-2.383,56.233,701,42,4
throughput-first,202.50,3,2036.31,8.710,55.156,702,42,4
throughput-first,203.00,3,2035.01,8.710,55.039,702,42,4
throughput-first,203.50,3,2046.14,10.050,54.090,703,42,4
throughput-first,204.00,3,2044.84,10.050,50.723,703,42,4
throughput-first,204.50,3,2107.94,62.009,49.514,707,42,4
throughput-first,205.00,3,2106.64,46.256,47.152,707,42,4
throughput-first,205.50,3,2195.34,87.624,47.407,711,42,4
throughput-first,206.00,3,2194.04,47.628,46.886,711,42,4
throughput-first,206.50,3,2272.91,77.789,46.490,716,42,4
throughput-first,207.00,3,2301.67,66.371,46.457,718,42,4
throughput-first,207.50,3,2373.57,100.869,47.303,721,42,4
throughput-first,208.00,3,2372.27,70.812,47.441,721,42,4
throughput-first,208.50,3,2428.74,55.394,46.035,724,42,4
throughput-first,209.00,3,2446.63,74.579,46.063,725,42,4
throughput-first,209.50,3,2520.42,91.890,47.235,728,42,4
throughput-first,210.00,3,2532.19,85.776,49.314,729,42,4
throughput-first,210.50,3,2583.07,62.868,48.978,732,42,4
throughput-first,211.00,3,2615.41,71.737,49.647,735,42,4
throughput-first,211.50,3,2635.77,52.914,49.361,737,42,4
throughput-first,212.00,3,2683.90,68.705,50.816,740,42,4
throughput-first,212.50,3,2721.21,85.664,53.542,742,42,4
throughput-first,213.00,3,2719.91,36.230,54.198,742,42,4
throughput-first,213.50,3,2718.61,-2.383,53.245,742,42,4
throughput-first,214.00,3,2717.31,-2.383,53.245,742,42,4
throughput-first,214.50,3,2716.01,-2.383,52.782,742,42,4
throughput-first,215.00,3,2730.12,13.024,52.962,743,42,4
throughput-first,215.50,3,2740.18,24.382,53.559,744,42,4
throughput-first,216.00,3,2797.72,67.818,55.966,746,42,4
throughput-first,216.50,3,2842.05,102.089,57.636,749,42,4
throughput-first,217.00,3,2858.93,61.422,58.268,750,42,4
throughput-first,217.50,3,2927.89,86.050,58.202,754,42,4
throughput-first,218.00,3,2949.35,90.637,59.995,755,42,4
throughput-first,218.50,3,3012.30,84.632,60.280,759,42,4
throughput-first,219.00,3,3027.65,78.523,60.786,761,42,4
throughput-first,219.50,3,3068.88,56.795,58.950,763,42,4
throughput-first,220.00,3,3107.59,80.154,59.339,765,42,4
throughput-first,220.50,3,3153.57,44.896,58.902,768,42,4
throughput-first,221.00,3,3204.33,96.953,59.834,771,42,4
throughput-first,221.50,3,3219.95,66.600,58.780,772,42,4
throughput-first,222.00,3,3269.81,65.700,57.943,775,42,4
throughput-first,222.50,3,3297.19,77.450,58.551,777,42,4
throughput-first,223.00,3,3323.35,53.759,57.802,779,42,4
throughput-first,223.50,3,3379.78,82.804,59.047,782,42,4
throughput-first,224.00,3,3404.44,70.627,59.127,784,42,4
throughput-first,224.50,3,3434.13,54.575,57.832,786,42,4
throughput-first,225.00,3,3447.79,36.814,57.856,787,42,4
throughput-first,225.50,3,3480.48,46.566,59.896,789,42,4
throughput-first,226.00,3,3479.18,31.613,61.313,789,42,4
throughput-first,226.50,3,3481.81,1.544,61.476,790,42,4
throughput-first,227.00,3,3480.51,1.544,60.998,790,42,4
throughput-first,227.50,3,3479.21,-2.383,59.883,790,42,4
throughput-first,228.00,3,3519.96,39.662,58.709,793,42,4
throughput-first,228.50,3,3566.50,70.215,57.381,796,42,4
throughput-first,229.00,3,3590.56,70.823,57.773,797,42,4
throughput-first,229.50,3,3649.33,83.050,57.648,800,42,4
throughput-first,230.00,3,3710.59,120.242,58.882,803,42,4
throughput-first,230.50,3,3728.19,79.077,58.650,805,42,4
throughput-first,231.00,3,3771.30,60.930,57.917,808,42,4
throughput-first,231.50,3,3788.32,60.347,58.065,809,42,4
throughput-first,232.00,3,3833.60,62.514,57.330,812,42,4
throughput-first,232.50,3,3869.88,58.200,57.884,814,42,4
throughput-first,233.00,3,3910.46,77.076,57.056,817,42,4
throughput-first,233.50,3,3926.86,49.337,56.337,818,42,4
throughput-first,234.00,3,3977.63,67.393,56.407,823,42,4
throughput-first,234.50,3,3993.77,49.501,55.243,824,42,4
throughput-first,235.00,3,4035.60,58.188,55.427,826,42,4
throughput-first,235.50,3,4106.13,69.442,54.871,830,42,4
throughput-first,236.00,3,4104.83,45.197,53.811,830,42,4
throughput-first,236.50,3,4201.55,95.637,55.522,834,42,4
throughput-first,237.00,3,4200.25,68.705,56.851,834,42,4
throughput-first,237.50,3,4198.95,-2.383,54.811,834,42,4
throughput-first,238.00,3,4221.89,21.861,54.405,835,42,4
throughput-first,238.50,3,4231.72,32.986,55.715,836,42,4
throughput-first,239.00,3,4258.18,36.501,57.172,838,42,4
throughput-first,239.50,3,4274.35,42.848,59.056,839,42,4
throughput-first,240.00,3,4345.37,69.941,60.318,843,42,4
throughput-first,240.50,3,4368.18,68.640,60.252,845,42,4
throughput-first,241.00,3,4415.84,57.840,59.711,847,42,4
throughput-first,241.50,3,4451.84,66.363,59.016,850,42,4
throughput-first,242.00,3,4483.46,57.364,56.396,853,42,4
throughput-first,242.50,3,4488.66,28.946,54.307,854,42,4
throughput-first,243.00,3,4536.24,53.004,53.977,857,42,4
throughput-first,243.50,3,4578.12,76.407,54.646,860,42,4
throughput-first,244.00,3,4604.07,68.047,54.877,862,42,4
throughput-first,244.50,3,4657.26,62.777,55.067,866,42,4
throughput-first,245.00,3,4689.34,85.482,55.418,867,42,4
throughput-first,245.50,3,4737.36,80.315,56.708,870,42,4
throughput-first,246.00,3,4783.41,94.287,57.829,872,42,4
throughput-first,246.50,3,4812.92,58.127,58.188,874,42,4
throughput-first,247.00,3,4847.34,64.145,58.437,876,42,4
throughput-first,247.50,3,4885.65,72.940,58.582,879,42,4
throughput-first,248.00,3,4923.33,62.893,59.320,882,42,4
throughput-first,248.50,3,4966.89,81.459,58.729,884,42,4
throughput-first,249.00,3,4965.59,42.481,57.636,884,42,4
throughput-first,249.50,3,5010.06,43.385,59.543,886,42,4
throughput-first,250.00,3,5008.76,43.385,60.440,886,42,4
throughput-first,250.50,3,5024.04,14.198,59.657,887,42,4
throughput-first,251.00,3,5022.74,14.198,58.728,887,42,4
throughput-first,251.50,3,5086.18,62.359,59.541,890,42,4
throughput-first,252.00,3,5106.61,84.084,60.130,891,42,4
throughput-first,252.50,3,5150.56,42.873,59.057,895,42,4
throughput-first,253.00,3,5164.89,58.498,59.084,896,42,4
throughput-first,253.50,3,5189.67,39.324,57.957,898,42,4
throughput-first,254.00,3,5219.40,54.731,57.848,901,42,4
throughput-first,254.50,3,5228.28,13.012,57.184,902,42,4
throughput-first,255.00,3,5284.67,55.312,57.280,905,42,4
throughput-first,255.50,3,5319.20,71.110,57.059,907,42,4
throughput-first,256.00,3,5367.88,63.220,56.858,910,42,4
throughput-first,256.50,3,5387.14,68.158,57.082,911,42,4
throughput-first,257.00,3,5450.24,62.015,56.105,915,42,4
throughput-first,257.50,3,5448.94,62.015,55.342,915,42,4
throughput-first,258.00,3,5515.19,65.169,54.129,918,42,4
throughput-first,258.50,3,5542.63,93.904,55.620,919,42,4
throughput-first,259.00,3,5576.18,32.464,54.300,921,42,4
throughput-first,259.50,3,5616.22,73.807,54.336,923,42,4
throughput-first,260.00,3,5628.23,18.703,52.494,924,42,4
throughput-first,260.50,3,5626.93,-2.383,49.001,924,42,4
throughput-first,261.00,3,5625.63,-2.383,47.132,924,42,4
throughput-first,261.50,3,5640.91,14.198,45.915,925,42,4
throughput-first,262.00,3,5639.61,14.198,44.699,925,42,4
throughput-first,262.50,3,5638.31,-2.383,44.008,925,42,4
throughput-first,263.00,3,5683.74,44.348,45.265,927,42,4
throughput-first,263.50,3,5682.44,44.348,44.514,927,42,4
throughput-first,264.00,3,5755.29,71.762,44.001,931,42,4
throughput-first,264.50,3,5753.99,71.762,45.204,931,42,4
throughput-first,265.00,3,5767.96,12.894,43.304,932,42,4
throughput-first,265.50,3,5766.66,12.894,42.203,932,42,4
throughput-first,266.00,3,5765.36,-2.383,39.823,932,42,4
throughput-first,266.50,3,5764.06,-2.383,39.182,932,42,4
throughput-first,267.00,3,5762.76,-2.383,36.778,932,42,4
throughput-first,267.50,3,5804.79,40.944,35.521,935,42,4
throughput-first,268.00,3,5821.67,59.120,35.350,936,42,4
throughput-first,268.50,3,5854.16,49.583,34.576,939,42,4
throughput-first,269.00,3,5901.06,79.604,35.309,941,42,4
throughput-first,269.50,3,5943.10,89.156,36.440,944,42,4
throughput-first,270.00,3,5971.81,45.509,35.621,946,42,4
throughput-first,270.50,3,5995.24,52.357,33.890,947,42,4
throughput-first,271.00,3,6068.53,96.930,36.576,951,42,4
throughput-first,271.50,3,6067.23,72.204,36.509,951,42,4
throughput-first,272.00,3,6125.28,56.972,38.103,954,42,4
throughput-first,272.50,3,6144.93,64.258,40.880,955,42,4
throughput-first,273.00,3,6143.63,-2.383,40.880,955,42,4
throughput-first,273.50,3,6167.91,23.190,41.255,956,42,4
throughput-first,274.00,3,6180.97,37.556,42.228,957,42,4
throughput-first,274.50,3,6179.67,11.983,42.827,957,42,4
throughput-first,275.00,3,6190.68,9.922,41.392,958,42,4
throughput-first,275.50,3,6206.66,27.208,40.678,959,42,4
throughput-first,276.00,3,6218.67,10.927,38.143,960,42,4
throughput-first,276.50,3,6251.25,44.808,37.020,963,42,4
throughput-first,277.00,3,6315.14,77.778,39.724,966,42,4
throughput-first,277.50,3,6354.66,89.338,42.909,968,42,4
throughput-first,278.00,3,6392.96,78.036,46.260,970,42,4
throughput-first,278.50,3,6457.77,86.562,49.966,974,42,4
throughput-first,279.00,3,6456.47,63.727,52.720,974,42,4
throughput-first,279.50,3,6480.78,23.228,51.982,976,42,4
throughput-first,280.00,3,6517.21,60.961,52.059,979,42,4
throughput-first,280.50,3,6532.49,25.901,51.072,980,42,4
throughput-first,281.00,3,6591.27,57.696,50.159,984,42,4
throughput-first,281.50,3,6607.26,56.804,48.811,985,42,4
throughput-first,282.00,3,6682.63,91.579,50.731,989,42,4
throughput-first,282.50,3,6701.39,94.346,52.480,990,42,4
throughput-first,283.00,3,6765.33,82.917,51.897,994,42,4
throughput-first,283.50,3,6783.75,82.585,52.329,995,42,4
throughput-first,284.00,3,6819.66,54.546,52.228,998,42,4
throughput-first,284.50,3,6839.89,56.354,51.899,999,42,4
throughput-first,285.00,3,6845.81,4.833,52.199,1000,42,4
throughput-first,285.50,3,6844.51,4.833,51.434,1000,42,4
throughput-first,286.00,3,6857.72,12.126,50.375,1001,42,4
throughput-first,286.50,3,6856.42,12.126,50.381,1001,42,4
throughput-first,287.00,3,6855.12,-2.383,49.868,1001,42,4
throughput-first,287.50,3,6940.76,84.561,52.258,1005,42,4
throughput-first,288.00,3,6952.30,80.955,55.176,1006,42,4
throughput-first,288.50,3,6991.02,50.475,55.412,1009,42,4
throughput-first,289.00,3,7026.43,58.595,54.612,1012,42,4
throughput-first,289.50,3,7043.54,52.733,53.087,1013,42,4
throughput-first,290.00,3,7100.82,74.607,52.944,1016,42,4
throughput-first,290.50,3,7134.38,91.064,53.132,1018,42,4
throughput-first,291.00,3,7171.79,71.184,53.443,1021,42,4
throughput-first,291.50,3,7170.49,36.322,53.988,1021,42,4
throughput-first,292.00,3,7238.86,67.292,54.252,1025,42,4
throughput-first,292.50,3,7237.56,67.292,55.977,1025,42,4
throughput-first,293.00,3,7277.94,39.291,55.210,1027,42,4
throughput-first,293.50,3,7322.19,84.839,56.378,1029,42,4
throughput-first,294.00,3,7336.06,34.094,53.983,1030,42,4
throughput-first,294.50,3,7381.83,44.688,51.914,1034,42,4
throughput-first,295.00,3,7380.53,30.179,49.716,1034,42,4
throughput-first,295.50,3,7455.96,74.346,49.373,1038,42,4
throughput-first,296.00,3,7495.28,81.587,50.500,1041,42,4
throughput-first,296.50,3,7511.45,55.707,50.473,1042,42,4
throughput-first,297.00,3,7520.60,25.533,51.335,1043,42,4
throughput-first,297.50,3,7531.78,20.547,51.990,1044,42,4
throughput-first,298.00,3,7530.48,10.102,51.906,1044,42,4
throughput-first,298.50,3,7529.18,-2.383,51.301,1044,42,4
throughput-first,299.00,3,7527.88,-2.383,51.301,1044,42,4
throughput-first,299.50,3,7573.55,44.584,49.635,1046,42,4
throughput-first,300.00,3,7600.36,72.696,49.291,1047,42,4
throughput-first,300.50,3,7667.08,93.744,51.094,1051,42,4
throughput-first,301.00,3,7665.78,65.632,51.387,1051,42,4
throughput-first,301.50,3,7715.80,48.944,51.229,1055,42,4
throughput-first,302.00,3,7714.50,48.944,50.160,1055,42,4
throughput-first,302.50,3,7713.20,-2.383,46.266,1055,42,4
throughput-first,303.00,3,7711.90,-2.383,43.201,1055,42,4
throughput-first,303.50,3,7710.60,-2.383,41.588,1055,42,4
throughput-first,304.00,3,7759.81,48.119,40.790,1059,42,4
throughput-first,304.50,3,7758.51,32.928,39.358,1059,42,4
throughput-first,305.00,3,7796.18,36.592,39.245,1061,42,4
throughput-first,305.50,3,7847.84,89.556,39.442,1063,42,4
throughput-first,306.00,3,7885.32,89.355,41.744,1065,42,4
throughput-first,306.50,3,7925.08,77.455,43.110,1068,42,4
throughput-first,307.00,3,7941.86,28.126,43.024,1070,42,4
throughput-first,307.50,3,7980.53,55.661,42.246,1072,42,4
throughput-first,308.00,3,7991.17,49.532,40.910,1073,42,4
throughput-first,308.50,3,8009.06,28.748,39.787,1074,42,4
throughput-first,309.00,3,8007.76,16.802,39.423,1074,42,4
throughput-first,309.50,3,8013.67,4.833,38.768,1075,42,4
throughput-first,310.00,3,8037.78,30.236,39.607,1076,42,4
throughput-first,310.50,3,8036.48,23.020,40.666,1076,42,4
throughput-first,311.00,3,8035.18,-2.383,40.666,1076,42,4
throughput-first,311.50,3,8033.88,-2.383,38.709,1076,42,4
throughput-first,312.00,3,8113.03,78.071,38.932,1080,42,4
throughput-first,312.50,3,8145.56,111.898,39.689,1082,42,4
throughput-first,313.00,3,8194.10,81.286,40.341,1085,42,4
throughput-first,313.50,3,8242.57,97.232,42.353,1088,42,4
throughput-first,314.00,3,8284.39,77.149,43.528,1090,42,4
throughput-first,314.50,3,8308.89,66.531,46.400,1092,42,4
throughput-first,315.00,3,8307.59,10.927,46.954,1092,42,4
throughput-first,315.50,3,8314.63,5.956,47.302,1093,42,4
throughput-first,316.00,3,8313.33,-2.383,45.198,1093,42,4
throughput-first,316.50,3,8348.96,34.550,45.265,1095,42,4
throughput-first,317.00,3,8391.05,77.941,46.988,1097,42,4
throughput-first,317.50,3,8416.42,67.670,46.076,1099,42,4
throughput-first,318.00,3,8466.40,75.561,45.501,1102,42,4
throughput-first,318.50,3,8509.66,93.462,46.168,1104,42,4
throughput-first,319.00,3,8553.07,86.888,48.617,1106,42,4
throughput-first,319.50,3,8607.27,97.829,50.374,1109,42,4
throughput-first,320.00,3,8636.28,83.427,51.786,1111,42,4
throughput-first,320.50,3,8679.48,72.423,53.606,1113,42,4
throughput-first,321.00,3,8714.55,68.055,55.742,1115,42,4
throughput-first,321.50,3,8722.39,43.128,57.337,1116,42,4
throughput-first,322.00,3,8721.09,6.762,56.359,1116,42,4
throughput-first,322.50,3,8719.79,-2.383,55.301,1116,42,4
throughput-first,323.00,3,8718.49,-2.383,55.301,1116,42,4
throughput-first,323.50,3,8760.01,40.434,57.085,1119,42,4
throughput-first,324.00,3,8773.55,55.280,56.135,1121,42,4
throughput-first,324.50,3,8787.66,21.364,52.363,1122,42,4
throughput-first,325.00,3,8834.96,61.623,51.543,1125,42,4
throughput-first,325.50,3,8860.68,57.830,49.902,1127,42,4
throughput-first,326.00,3,8920.81,86.070,50.273,1130,42,4
throughput-first,326.50,3,8957.26,76.210,50.677,1133,42,4
throughput-first,327.00,3,9009.37,88.771,53.920,1136,42,4
throughput-first,327.50,3,9054.32,97.277,57.725,1138,42,4
throughput-first,328.00,3,9093.01,83.861,61.319,1140,42,4
throughput-first,328.50,3,9107.26,53.166,62.094,1142,42,4
throughput-first,329.00,3,9144.71,51.915,61.010,1144,42,4
throughput-first,329.50,3,9149.92,42.869,59.977,1145,42,4
throughput-first,330.00,3,9182.20,37.701,58.399,1148,42,4
throughput-first,330.50,3,9196.52,33.750,55.911,1149,42,4
throughput-first,331.00,3,9264.46,66.857,55.076,1153,42,4
throughput-first,331.50,3,9272.31,28.944,52.206,1154,42,4
throughput-first,332.00,3,9313.94,49.692,50.801,1156,42,4
throughput-first,332.50,3,9361.31,46.291,49.712,1158,42,4
throughput-first,333.00,3,9409.94,81.614,50.277,1160,42,4
throughput-first,333.50,3,9425.39,32.854,49.849,1161,42,4
throughput-first,334.00,3,9424.09,14.373,50.166,1161,42,4
throughput-first,334.50,3,9422.79,-2.383,50.166,1161,42,4
throughput-first,335.00,3,9421.49,-2.383,50.166,1161,42,4
throughput-first,335.50,3,9420.19,-2.383,48.382,1161,42,4
throughput-first,336.00,3,9458.04,36.762,47.610,1164,42,4
throughput-first,336.50,3,9490.73,70.759,49.668,1166,42,4
throughput-first,337.00,3,9534.83,67.863,49.928,1168,42,4
throughput-first,337.50,3,9621.34,130.823,52.970,1172,42,4
throughput-first,338.00,3,9634.86,100.249,53.560,1173,42,4
throughput-first,338.50,3,9698.45,77.324,53.607,1177,42,4
throughput-first,339.00,3,9709.10,74.451,53.010,1178,42,4
throughput-first,339.50,3,9733.02,34.784,50.406,1179,42,4
throughput-first,340.00,3,9799.24,90.359,50.677,1183,42,4
throughput-first,340.50,3,9842.40,103.091,52.757,1185,42,4
throughput-first,341.00,3,9897.39,98.372,54.693,1188,42,4
throughput-first,341.50,3,9913.02,70.839,55.858,1189,42,4
throughput-first,342.00,3,9964.22,50.121,56.376,1193,42,4
throughput-first,342.50,3,9962.92,50.121,57.058,1193,42,4
throughput-first,343.00,3,10026.44,62.436,56.874,1197,42,4
throughput-first,343.50,3,10053.70,68.157,58.508,1198,42,4
throughput-first,344.00,3,10077.47,51.241,58.572,1200,42,4
throughput-first,344.50,3,10104.86,39.666,58.296,1202,42,4
throughput-first,345.00,3,10103.56,26.307,55.992,1202,42,4
throughput-first,345.50,3,10114.56,9.922,55.036,1203,42,4
throughput-first,346.00,3,10113.26,9.922,54.851,1203,42,4
throughput-first,346.50,3,10111.96,-2.383,54.851,1203,42,4
throughput-first,347.00,3,10110.66,-2.383,54.851,1203,42,4
throughput-first,347.50,3,10151.47,39.719,56.605,1205,42,4
throughput-first,348.00,3,10168.65,58.200,57.498,1206,42,4
throughput-first,348.50,3,10247.64,96.390,58.566,1210,42,4
throughput-first,349.00,3,10246.34,58.412,58.173,1210,42,4
throughput-first,349.50,3,10311.38,63.961,55.387,1214,42,4
throughput-first,350.00,3,10335.49,61.706,53.781,1215,42,4
throughput-first,350.50,3,10416.96,105.793,54.967,1219,42,4
throughput-first,351.00,3,10440.51,88.078,55.535,1220,42,4
throughput-first,351.50,3,10518.90,102.152,58.342,1224,42,4
throughput-first,352.00,3,10517.60,77.300,57.797,1224,42,4
throughput-first,352.50,3,10575.75,57.072,55.880,1228,42,4
throughput-first,353.00,3,10588.88,71.504,54.761,1229,42,4
throughput-first,353.50,3,10629.04,53.507,54.038,1232,42,4
throughput-first,354.00,3,10659.70,71.033,54.910,1234,42,4
throughput-first,354.50,3,10666.74,37.914,54.401,1235,42,4
throughput-first,355.00,3,10723.90,64.420,54.484,1238,42,4
throughput-first,355.50,3,10722.60,56.081,53.981,1238,42,4
throughput-first,356.00,3,10738.95,15.260,52.481,1240,42,4
throughput-first,356.50,3,10768.50,38.895,52.449,1241,42,4
throughput-first,357.00,3,10767.20,28.467,52.539,1241,42,4
throughput-first,357.50,3,10765.90,-2.383,52.027,1241,42,4
throughput-first,358.00,3,10764.60,-2.383,51.514,1241,42,4
throughput-first,358.50,3,10763.30,-2.383,51.514,1241,42,4
throughput-first,359.00,3,10762.00,-2.383,51.514,1241,42,4
throughput-first,359.50,3,10795.45,32.367,51.207,1243,42,4
throughput-first,360.00,3,10816.70,54.917,51.071,1244,42,4
throughput-first,360.50,3,10833.57,38.343,48.652,1245,42,4
throughput-first,361.00,3,10848.72,32.237,47.561,1246,42,4
throughput-first,361.50,3,10888.44,55.081,47.191,1249,42,4
throughput-first,362.00,3,10904.12,55.624,46.938,1250,42,4
throughput-first,362.50,3,10948.02,59.802,45.022,1253,42,4
throughput-first,363.00,3,10957.71,53.802,43.594,1254,42,4
throughput-first,363.50,3,10975.91,28.101,40.508,1255,42,4
throughput-first,364.00,3,11029.23,71.734,40.276,1258,42,4
throughput-first,364.50,3,11039.29,50.756,40.013,1259,42,4
throughput-first,365.00,3,11054.33,25.322,38.089,1260,42,4
throughput-first,365.50,3,11081.86,42.796,37.642,1262,42,4
throughput-first,366.00,3,11122.21,51.743,36.839,1264,42,4
throughput-first,366.50,3,11150.60,68.954,38.132,1265,42,4
throughput-first,367.00,3,11178.87,56.879,37.818,1267,42,4
throughput-first,367.50,3,11222.72,49.273,37.534,1269,42,4
throughput-first,368.00,3,11268.81,70.441,39.833,1271,42,4
throughput-first,368.50,3,11285.83,63.331,40.852,1272,42,4
throughput-first,369.00,3,11299.49,30.888,40.952,1273,42,4
throughput-first,369.50,3,11313.81,28.194,42.226,1274,42,4
throughput-first,370.00,3,11312.51,13.242,42.878,1274,42,4
throughput-first,370.50,3,11311.21,-2.383,42.878,1274,42,4
throughput-first,371.00,3,11309.91,-2.383,42.878,1274,42,4
throughput-first,371.50,3,11317.17,6.174,41.786,1275,42,4
throughput-first,372.00,3,11335.90,26.206,40.590,1276,42,4
throughput-first,372.50,3,11392.78,75.828,42.152,1279,42,4
throughput-first,373.00,3,11402.60,15.247,41.444,1280,42,4
throughput-first,373.50,3,11424.61,32.046,40.484,1282,42,4
throughput-first,374.00,3,11458.31,32.621,39.526,1285,42,4
throughput-first,374.50,3,11493.82,69.427,39.927,1286,42,4
throughput-first,375.00,3,11562.04,103.943,42.016,1289,42,4
throughput-first,375.50,3,11560.74,67.137,43.642,1289,42,4
throughput-first,376.00,3,11604.48,42.656,42.431,1291,42,4
throughput-first,376.50,3,11613.65,53.131,42.530,1292,42,4
throughput-first,377.00,3,11646.17,41.911,43.221,1294,42,4
throughput-first,377.50,3,11693.10,79.663,44.757,1296,42,4
throughput-first,378.00,3,11708.79,62.831,45.219,1297,42,4
throughput-first,378.50,3,11756.98,64.092,45.016,1300,42,4
throughput-first,379.00,3,11760.86,38.006,44.230,1301,42,4
throughput-first,379.50,3,11815.57,58.814,44.628,1304,42,4
throughput-first,380.00,3,11819.50,39.125,43.323,1305,42,4
throughput-first,380.50,3,11818.20,-2.383,40.585,1305,42,4
throughput-first,381.00,3,11832.30,13.024,39.840,1306,42,4
throughput-first,381.50,3,11831.00,13.024,39.208,1306,42,4
throughput-first,382.00,3,11859.40,27.313,39.794,1307,42,4
throughput-first,382.50,3,11858.10,27.313,41.032,1307,42,4
throughput-first,383.00,3,11864.90,5.714,41.369,1308,42,4
throughput-first,383.50,3,11913.66,55.780,43.436,1310,42,4
throughput-first,384.00,3,11950.05,85.369,45.901,1312,42,4
throughput-first,384.50,3,11970.25,56.806,45.109,1313,42,4
throughput-first,385.00,3,12022.88,51.541,46.621,1316,42,4
throughput-first,385.50,3,12021.58,51.541,47.433,1316,42,4
throughput-first,386.00,3,12036.72,14.061,46.660,1317,42,4
throughput-first,386.50,3,12058.38,37.021,45.310,1319,42,4
throughput-first,387.00,3,12083.19,34.197,42.404,1321,42,4
throughput-first,387.50,3,12096.87,25.435,40.666,1322,42,4
throughput-first,388.00,3,12115.29,32.319,40.235,1323,42,4
throughput-first,388.50,3,12144.92,48.266,40.033,1325,42,4
throughput-first,389.00,3,12186.17,50.847,40.405,1328,42,4
throughput-first,389.50,3,12184.87,40.174,38.760,1328,42,4
throughput-first,390.00,3,12222.22,36.266,37.653,1330,42,4
throughput-first,390.50,3,256.37,71.712,37.970,1332,42,4
throughput-first,391.00,4,245.41,41.403,38.112,1333,42,5
throughput-first,391.50,4,226.01,39.861,37.322,1335,42,8
throughput-first,392.00,4,223.45,30.308,36.955,1335,42,8
throughput-first,392.50,4,220.88,-4.707,36.858,1335,42,8
throughput-first,393.00,4,218.31,-4.707,36.119,1335,42,8
throughput-first,393.50,4,215.74,-4.707,35.380,1335,42,8
throughput-first,394.00,4,213.18,-4.707,34.046,1335,42,8
throughput-first,394.50,4,210.61,-4.707,32.712,1335,42,8
throughput-first,395.00,4,208.04,-4.707,32.278,1335,42,8
throughput-first,395.50,4,205.47,-4.707,29.757,1335,42,8
throughput-first,396.00,4,202.91,-4.707,26.004,1335,42,8
throughput-first,396.50,4,200.34,-4.707,23.441,1335,42,8
throughput-first,397.00,4,197.77,-4.707,21.098,1335,42,8
throughput-first,397.50,4,195.20,-4.707,18.754,1335,42,8
throughput-first,398.00,4,192.64,-4.707,17.972,1335,42,8
throughput-first,398.50,4,190.07,-4.707,16.233,1335,42,8
throughput-first,399.00,4,187.50,-4.707,14.612,1335,42,8
throughput-first,399.50,4,184.93,-4.707,13.356,1335,42,8
throughput-first,400.00,4,182.37,-4.707,11.813,1335,42,8
throughput-first,400.50,4,179.80,-4.707,9.606,1335,42,8
throughput-first,401.00,4,177.23,-4.707,7.291,1335,42,8
throughput-first,401.50,4,174.66,-4.707,5.421,1335,42,8
throughput-first,402.00,4,172.10,-4.707,3.714,1335,42,8
throughput-first,402.50,4,169.53,-4.707,0.530,1335,42,8
throughput-first,403.00,4,166.96,-4.707,-1.391,1335,42,8
throughput-first,403.50,4,164.39,-4.707,-3.248,1335,42,8
throughput-first,404.00,4,161.83,-4.707,-4.707,1335,42,8
throughput-first,404.50,4,159.26,-4.707,-4.707,1335,42,8
throughput-first,405.00,4,156.69,-4.707,-4.707,1335,42,8
throughput-first,405.50,4,154.12,-4.707,-4.707,1335,42,8
throughput-first,406.00,4,151.56,-4.707,-4.707,1335,42,8
throughput-first,406.50,4,148.99,-4.707,-4.707,1335,42,8
throughput-first,407.00,4,146.42,-4.707,-4.707,1335,42,8
throughput-first,407.50,4,143.85,-4.707,-4.707,1335,42,8
throughput-first,408.00,4,141.29,-4.707,-4.707,1335,42,8
throughput-first,408.50,4,138.72,-4.707,-4.707,1335,42,8
throughput-first,409.00,4,136.15,-4.707,-4.707,1335,42,8
throughput-first,409.50,4,133.58,-4.707,-4.707,1335,42,8
throughput-first,410.00,4,131.02,-4.707,-4.707,1335,42,8
throughput-first,410.50,4,128.45,-4.707,-4.707,1335,42,8
throughput-first,411.00,4,125.88,-4.707,-4.707,1335,42,8
throughput-first,411.50,4,123.31,-4.707,-4.707,1335,42,8
throughput-first,412.00,4,120.75,-4.707,-4.707,1335,42,8
throughput-first,412.50,4,118.18,-4.707,-4.707,1335,42,8
throughput-first,413.00,4,115.61,-4.707,-4.707,1335,42,8
throughput-first,413.50,4,113.04,-4.707,-4.707,1335,42,8
throughput-first,414.00,4,110.48,-4.707,-4.707,1335,42,8
throughput-first,414.50,4,107.91,-4.707,-4.707,1335,42,8
throughput-first,415.00,4,105.34,-4.707,-4.707,1335,42,8
throughput-first,415.50,4,102.77,-4.707,-4.707,1335,42,8
throughput-first,416.00,4,100.21,-4.707,-4.707,1335,42,8
throughput-first,416.50,4,97.64,-4.707,-4.707,1335,42,8
throughput-first,417.00,4,95.07,-4.707,-4.707,1335,42,8
throughput-first,417.50,4,92.50,-4.707,-4.707,1335,42,8
throughput-first,418.00,4,89.94,-4.707,-4.707,1335,42,8
throughput-first,418.50,4,87.37,-4.707,-4.707,1335,42,8
throughput-first,419.00,4,84.80,-4.707,-4.707,1335,42,8
throughput-first,419.50,4,82.23,-4.707,-4.707,1335,42,8
throughput-first,420.00,4,79.67,-4.707,-4.707,1335,42,8
throughput-first,420.50,4,77.10,-4.707,-4.707,1335,42,8
throughput-first,421.00,4,74.53,-4.707,-4.707,1335,42,8
throughput-first,421.50,4,71.96,-4.707,-4.707,1335,42,8
throughput-first,422.00,4,69.40,-4.707,-4.707,1335,42,8
throughput-first,422.50,4,66.83,-4.707,-4.707,1335,42,8
throughput-first,423.00,4,64.26,-4.707,-4.707,1335,42,8
throughput-first,423.50,4,61.69,-4.707,-4.707,1335,42,8
throughput-first,424.00,4,59.13,-4.707,-4.707,1335,42,8
throughput-first,424.50,4,56.56,-4.707,-4.707,1335,42,8
throughput-first,425.00,4,53.99,-4.707,-4.707,1335,42,8
throughput-first,425.50,4,51.42,-4.707,-4.707,1335,42,8
throughput-first,426.00,4,48.86,-4.707,-4.707,1335,42,8
throughput-first,426.50,4,46.29,-4.707,-4.707,1335,42,8
throughput-first,427.00,4,43.72,-4.707,-4.707,1335,42,8
throughput-first,427.50,4,41.15,-4.707,-4.707,1335,42,8
throughput-first,428.00,4,38.59,-4.707,-4.707,1335,42,8
throughput-first,428.50,4,36.02,-4.707,-4.707,1335,42,8
throughput-first,429.00,4,33.45,-4.707,-4.707,1335,42,8
throughput-first,429.50,4,30.88,-4.707,-4.707,1335,42,8
throughput-first,430.00,4,28.32,-4.707,-4.707,1335,42,8
throughput-first,430.50,4,25.75,-4.707,-4.707,1335,42,8
throughput-first,431.00,4,23.18,-4.707,-4.707,1335,42,8
throughput-first,431.50,4,20.61,-4.707,-4.707,1335,42,8
throughput-first,432.00,4,18.05,-4.707,-4.707,1335,42,8
throughput-first,432.50,4,15.48,-4.707,-4.707,1335,42,8
throughput-first,433.00,4,12.91,-4.707,-4.707,1335,42,8
throughput-first,433.50,4,10.34,-4.707,-4.707,1335,42,8
throughput-first,434.00,4,7.78,-4.707,-4.707,1335,42,8
throughput-first,434.50,4,5.21,-4.707,-4.707,1335,42,8
throughput-first,435.00,4,2.64,-4.707,-4.707,1335,42,8
throughput-first,435.50,4,0.07,-4.707,-4.707,1335,42,8
throughput-first,436.00,4,0.00,-2.212,-4.603,1335,42,8
throughput-first,436.50,4,0.00,0.000,-4.407,1335,42,8
throughput-first,437.00,4,0.00,0.000,-4.211,1335,42,8
throughput-first,437.50,4,0.00,0.000,-4.015,1335,42,8
throughput-first,438.00,4,0.00,0.000,-3.819,1335,42,8
throughput-first,438.50,4,0.00,0.000,-3.622,1335,42,7
throughput-first,439.00,4,0.00,0.000,-3.426,1335,42,1
throughput-first,439.50,4,0.00,0.000,-3.230,1335,42,0
throughput-first,440.00,4,0.00,0.000,-3.034,1335,42,0
throughput-first,440.50,4,0.00,0.000,-2.838,1335,42,0
throughput-first,441.00,4,0.00,0.000,-2.642,1335,42,0
throughput-first,441.50,4,0.00,0.000,-2.446,1335,42,0
throughput-first,442.00,4,0.00,0.000,-2.250,1335,42,0
throughput-first,442.50,4,0.00,0.000,-2.053,1335,42,0
throughput-first,443.00,4,0.00,0.000,-1.857,1335,42,0
throughput-first,443.50,4,0.00,0.000,-1.661,1335,42,0
throughput-first,444.00,4,0.00,0.000,-1.465,1335,42,0
throughput-first,444.50,4,0.00,0.000,-1.269,1335,42,0
throughput-first,445.00,4,0.00,0.000,-1.073,1335,42,0
throughput-first,445.50,4,0.00,0.000,-0.877,1335,42,0
throughput-first,446.00,4,0.00,0.000,-0.681,1335,42,0
throughput-first,446.50,4,0.00,0.000,-0.484,1335,42,0
throughput-first,447.00,4,0.00,0.000,-0.288,1335,42,0
throughput-first,447.50,4,0.00,0.000,-0.092,1335,42,0
throughput-first,448.00,4,0.00,0.000,0.000,1335,42,0
throughput-first,448.50,4,0.00,0.000,0.000,1335,42,0
throughput-first,449.00,4,0.00,0.000,0.000,1335,42,0
throughput-first,449.50,4,0.00,0.000,0.000,1335,42,0
throughput-first,450.00,4,0.00,0.000,0.000,1335,42,0
throughput-first,450.50,4,0.00,0.000,0.000,1335,42,0
throughput-first,451.00,4,0.00,0.000,0.000,1335,42,0
throughput-first,451.50,4,0.00,0.000,0.000,1335,42,0
throughput-first,452.00,4,0.00,0.000,0.000,1335,42,0
throughput-first,452.50,4,0.00,0.000,0.000,1335,42,0
throughput-first,453.00,4,0.00,0.000,0.000,1335,42,0
throughput-first,453.50,4,0.00,0.000,0.000,1335,42,0
throughput-first,454.00,4,0.00,0.000,0.000,1335,42,0
throughput-first,454.50,4,0.00,0.000,0.000,1335,42,0
throughput-first,455.00,4,0.00,0.000,0.000,1335,42,0
throughput-first,455.50,4,0.00,0.000,0.000,1335,42,0
throughput-first,456.00,4,0.00,0.000,0.000,1335,42,0
throughput-first,456.50,4,0.00,0.000,0.000,1335,42,0
throughput-first,457.00,4,0.00,0.000,0.000,1335,42,0
throughput-first,457.50,4,0.00,0.000,0.000,1335,42,0
throughput-first,458.00,4,0.00,0.000,0.000,1335,42,0
throughput-first,458.50,4,0.00,0.000,0.000,1335,42,0
throughput-first,459.00,4,0.00,0.000,0.000,1335,42,0
throughput-first,459.50,4,0.00,0.000,0.000,1335,42,0
throughput-first,460.00,4,0.00,0.000,0.000,1335,42,0
throughput-first,460.50,4,0.00,0.000,0.000,1335,42,0
throughput-first,461.00,4,0.00,0.000,0.000,1335,42,0
throughput-first,461.50,4,0.00,0.000,0.000,1335,42,0
throughput-first,462.00,4,0.00,0.000,0.000,1335,42,0
throughput-first,462.50,4,0.00,0.000,0.000,1335,42,0
throughput-first,463.00,4,0.00,0.000,0.000,1335,42,0
throughput-first,463.50,4,0.00,0.000,0.000,1335,42,0
throughput-first,464.00,4,0.00,0.000,0.000,1335,42,0
throughput-first,464.50,4,0.00,0.000,0.000,1335,42,0
throughput-first,465.00,4,0.00,0.000,0.000,1335,42,0
throughput-first,465.50,4,0.00,0.000,0.000,1335,42,0
throughput-first,466.00,4,0.00,0.000,0.000,1335,42,0
throughput-first,466.50,4,0.00,0.000,0.000,1335,42,0
throughput-first,467.00,4,0.00,0.000,0.000,1335,42,0
throughput-first,467.50,4,0.00,0.000,0.000,1335,42,0
throughput-first,468.00,4,0.00,0.000,0.000,1335,42,0
throughput-first,468.50,4,0.00,0.000,0.000,1335,42,0
throughput-first,469.00,4,0.00,0.000,0.000,1335,42,0
throughput-first,469.50,4,0.00,0.000,0.000,1335,42,0
throughput-first,470.00,4,0.00,0.000,0.000,1335,42,0
throughput-first,470.50,4,0.00,0.000,0.000,1335,42,0
throughput-first,471.00,4,0.00,0.000,0.000,1335,42,0
throughput-first,471.50,4,0.00,0.000,0.000,1335,42,0
throughput-first,472.00,4,0.00,0.000,0.000,1335,42,0
throughput-first,472.50,4,0.00,0.000,0.000,1335,42,0
throughput-first,473.00,4,0.00,0.000,0.000,1335,42,0
throughput-first,473.50,4,0.00,0.000,0.000,1335,42,0
throughput-first,474.00,4,0.00,0.000,0.000,1335,42,0
throughput-first,474.50,4,0.00,0.000,0.000,1335,42,0
throughput-first,475.00,4,0.00,0.000,0.000,1335,42,0
throughput-first,475.50,4,0.00,0.000,0.000,1335,42,0
throughput-first,476.00,4,0.00,0.000,0.000,1335,42,0
throughput-first,476.50,4,0.00,0.000,0.000,1335,42,0
throughput-first,477.00,4,0.00,0.000,0.000,1335,42,0
throughput-first,477.50,4,0.00,0.000,0.000,1335,42,0
throughput-first,478.00,4,0.00,0.000,0.000,1335,42,0
throughput-first,478.50,4,0.00,0.000,0.000,1335,42,0
throughput-first,479.00,4,0.00,0.000,0.000,1335,42,0
throughput-first,479.50,4,0.00,0.000,0.000,1335,42,0
throughput-first,480.00,4,0.00,0.000,0.000,1335,42,0
throughput-first,480.50,4,0.00,0.000,0.000,1335,42,0
throughput-first,481.00,4,0.00,0.000,0.000,1335,42,0
throughput-first,481.50,4,0.00,0.000,0.000,1335,42,0
throughput-first,482.00,4,0.00,0.000,0.000,1335,42,0
throughput-first,482.50,4,0.00,0.000,0.000,1335,42,0
throughput-first,483.00,4,0.00,0.000,0.000,1335,42,0
throughput-first,483.50,4,0.00,0.000,0.000,1335,42,0
throughput-first,484.00,4,0.00,0.000,0.000,1335,42,0
throughput-first,484.50,4,0.00,0.000,0.000,1335,42,0
throughput-first,485.00,4,0.00,0.000,0.000,1335,42,0
throughput-first,485.50,4,0.00,0.000,0.000,1335,42,0
throughput-first,486.00,4,0.00,0.000,0.000,1335,42,0
throughput-first,486.50,4,0.00,0.000,0.000,1335,42,0
throughput-first,487.00,4,0.00,0.000,0.000,1335,42,0
throughput-first,487.50,4,0.00,0.000,0.000,1335,42,0
throughput-first,488.00,4,0.00,0.000,0.000,1335,42,0
throughput-first,488.50,4,0.00,0.000,0.000,1335,42,0
throughput-first,489.00,4,0.00,0.000,0.000,1335,42,0
throughput-first,489.50,4,0.00,0.000,0.000,1335,42,0
throughput-first,490.00,4,0.00,0.000,0.000,1335,42,0
throughput-first,490.50,4,0.00,0.000,0.000,1335,42,0
throughput-first,491.00,4,0.00,0.000,0.000,1335,42,0
throughput-first,491.50,4,0.00,0.000,0.000,1335,42,0
throughput-first,492.00,4,0.00,0.000,0.000,1335,42,0
throughput-first,492.50,4,0.00,0.000,0.000,1335,42,0
throughput-first,493.00,4,0.00,0.000,0.000,1335,42,0
throughput-first,493.50,4,0.00,0.000,0.000,1335,42,0
throughput-first,494.00,4,0.00,0.000,0.000,1335,42,0
throughput-first,494.50,4,0.00,0.000,0.000,1335,42,0
throughput-first,495.00,4,0.00,0.000,0.000,1335,42,0
throughput-first,495.50,4,0.00,0.000,0.000,1335,42,0
throughput-first,496.00,4,0.00,0.000,0.000,1335,42,0
throughput-first,496.50,4,0.00,0.000,0.000,1335,42,0
throughput-first,497.00,4,0.00,0.000,0.000,1335,42,0
throughput-first,497.50,4,0.00,0.000,0.000,1335,42,0
throughput-first,498.00,4,0.00,0.000,0.000,1335,42,0
throughput-first,498.50,4,0.00,0.000,0.000,1335,42,0
throughput-first,499.00,4,0.00,0.000,0.000,1335,42,0
throughput-first,499.50,4,0.00,0.000,0.000,1335,42,0
throughput-first,500.00,4,0.00,0.000,0.000,1335,42,0
throughput-first,500.50,4,0.00,0.000,0.000,1335,42,0
throughput-first,501.00,4,0.00,0.000,0.000,1335,42,0
throughput-first,501.50,4,0.00,0.000,0.000,1335,42,0
throughput-first,502.00,4,0.00,0.000,0.000,1335,42,0
throughput-first,502.50,4,0.00,0.000,0.000,1335,42,0
throughput-first,503.00,4,0.00,0.000,0.000,1335,42,0
throughput-first,503.50,4,0.00,0.000,0.000,1335,42,0
throughput-first,504.00,4,0.00,0.000,0.000,1335,42,0
throughput-first,504.50,4,0.00,0.000,0.000,1335,42,0
throughput-first,505.00,4,0.00,0.000,0.000,1335,42,0
throughput-first,505.50,4,0.00,0.000,0.000,1335,42,0
throughput-first,506.00,4,0.00,0.000,0.000,1335,42,0
throughput-first,506.50,4,0.00,0.000,0.000,1335,42,0
throughput-first,507.00,4,0.00,0.000,0.000,1335,42,0
throughput-first,507.50,4,0.00,0.000,0.000,1335,42,0
throughput-first,508.00,4,0.00,0.000,0.000,1335,42,0
throughput-first,508.50,4,0.00,0.000,0.000,1335,42,0
throughput-first,509.00,4,0.00,0.000,0.000,1335,42,0
throughput-first,509.50,4,0.00,0.000,0.000,1335,42,0
throughput-first,510.00,4,0.00,0.000,0.000,1335,42,0
throughput-first,510.50,4,0.00,0.000,0.000,1335,42,0
throughput-first,511.00,4,0.00,0.000,0.000,1335,42,0
throughput-first,511.50,4,0.00,0.000,0.000,1335,42,0
throughput-first,512.00,4,0.00,0.000,0.000,1335,42,0
throughput-first,512.50,4,0.00,0.000,0.000,1335,42,0
throughput-first,513.00,4,0.00,0.000,0.000,1335,42,0
throughput-first,513.50,4,0.00,0.000,0.000,1335,42,0
throughput-first,514.00,4,0.00,0.000,0.000,1335,42,0
throughput-first,514.50,4,0.00,0.000,0.000,1335,42,0
throughput-first,515.00,4,0.00,0.000,0.000,1335,42,0
throughput-first,515.50,4,0.00,0.000,0.000,1335,42,0
throughput-first,516.00,4,0.00,0.000,0.000,1335,42,0
throughput-first,516.50,4,0.00,0.000,0.000,1335,42,0
throughput-first,517.00,4,0.00,0.000,0.000,1335,42,0
throughput-first,517.50,4,0.00,0.000,0.000,1335,42,0
throughput-first,518.00,4,0.00,0.000,0.000,1335,42,0
throughput-first,518.50,4,0.00,0.000,0.000,1335,42,0
throughput-first,519.00,4,0.00,0.000,0.000,1335,42,0
throughput-first,519.50,4,0.00,0.000,0.000,1335,42,0
throughput-first,520.00,4,0.00,0.000,0.000,1335,42,0
throughput-first,520.50,4,0.00,0.000,0.000,1335,42,0
throughput-first,521.00,4,0.00,0.000,0.000,1335,42,0
throughput-first,521.50,4,0.00,0.000,0.000,1335,42,0
throughput-first,522.00,4,0.00,0.000,0.000,1335,42,0
throughput-first,522.50,4,0.00,0.000,0.000,1335,42,0
throughput-first,523.00,4,0.00,0.000,0.000,1335,42,0
throughput-first,523.50,4,0.00,0.000,0.000,1335,42,0
throughput-first,524.00,4,0.00,0.000,0.000,1335,42,0
throughput-first,524.50,4,0.00,0.000,0.000,1335,42,0
throughput-first,525.00,4,0.00,0.000,0.000,1335,42,0
throughput-first,525.50,4,0.00,0.000,0.000,1335,42,0
throughput-first,526.00,4,0.00,0.000,0.000,1335,42,0
throughput-first,526.50,4,0.00,0.000,0.000,1335,42,0
throughput-first,527.00,4,0.00,0.000,0.000,1335,42,0
throughput-first,527.50,4,0.00,0.000,0.000,1335,42,0
throughput-first,528.00,4,0.00,0.000,0.000,1335,42,0
throughput-first,528.50,4,0.00,0.000,0.000,1335,42,0
throughput-first,529.00,4,0.00,0.000,0.000,1335,42,0
throughput-first,529.50,4,0.00,0.000,0.000,1335,42,0
throughput-first,530.00,4,0.00,0.000,0.000,1335,42,0
throughput-first,530.50,4,0.00,0.000,0.000,1335,42,0
throughput-first,531.00,4,0.00,0.000,0.000,1335,42,0
throughput-first,531.50,4,0.00,0.000,0.000,1335,42,0
throughput-first,532.00,4,0.00,0.000,0.000,1335,42,0
throughput-first,532.50,4,0.00,0.000,0.000,1335,42,0
throughput-first,533.00,4,0.00,0.000,0.000,1335,42,0
throughput-first,533.50,4,0.00,0.000,0.000,1335,42,0
throughput-first,534.00,4,0.00,0.000,0.000,1335,42,0
throughput-first,534.50,4,0.00,0.000,0.000,1335,42,0
throughput-first,535.00,4,0.00,0.000,0.000,1335,42,0
throughput-first,535.50,4,0.00,0.000,0.000,1335,42,0
throughput-first,536.00,4,0.00,0.000,0.000,1335,42,0
throughput-first,536.50,4,0.00,0.000,0.000,1335,42,0
throughput-first,537.00,4,0.00,0.000,0.000,1335,42,0
throughput-first,537.50,4,0.00,0.000,0.000,1335,42,0
throughput-first,538.00,4,0.00,0.000,0.000,1335,42,0
throughput-first,538.50,4,0.00,0.000,0.000,1335,42,0
throughput-first,539.00,4,0.00,0.000,0.000,1335,42,0
throughput-first,539.50,4,0.00,0.000,0.000,1335,42,0
throughput-first,540.00,4,0.00,0.000,0.000,1335,42,0
throughput-first,540.50,4,0.00,0.000,0.000,1335,42,0
throughput-first,541.00,4,0.00,0.000,0.000,1335,42,0
throughput-first,541.50,4,0.00,0.000,0.000,1335,42,0
throughput-first,542.00,4,0.00,0.000,0.000,1335,42,0
throughput-first,542.50,4,0.00,0.000,0.000,1335,42,0
throughput-first,543.00,4,0.00,0.000,0.000,1335,42,0
throughput-first,543.50,4,0.00,0.000,0.000,1335,42,0
throughput-first,544.00,4,0.00,0.000,0.000,1335,42,0
throughput-first,544.50,4,0.00,0.000,0.000,1335,42,0
throughput-first,545.00,4,0.00,0.000,0.000,1335,42,0
throughput-first,545.50,4,0.00,0.000,0.000,1335,42,0
throughput-first,546.00,4,0.00,0.000,0.000,1335,42,0
throughput-first,546.50,4,0.00,0.000,0.000,1335,42,0
throughput-first,547.00,4,0.00,0.000,0.000,1335,42,0
throughput-first,547.50,4,0.00,0.000,0.000,1335,42,0
throughput-first,548.00,4,0.00,0.000,0.000,1335,42,0
throughput-first,548.50,4,0.00,0.000,0.000,1335,42,0
throughput-first,549.00,4,0.00,0.000,0.000,1335,42,0
throughput-first,549.50,4,0.00,0.000,0.000,1335,42,0
throughput-first,550.00,4,0.00,0.000,0.000,1335,42,0
throughput-first,550.50,4,0.00,0.000,0.000,1335,42,0
throughput-first,551.00,4,0.00,0.000,0.000,1335,42,0
throughput-first,551.50,4,0.00,0.000,0.000,1335,42,0
throughput-first,552.00,4,0.00,0.000,0.000,1335,42,0
throughput-first,552.50,4,0.00,0.000,0.000,1335,42,0
throughput-first,553.00,4,0.00,0.000,0.000,1335,42,0
throughput-first,553.50,4,0.00,0.000,0.000,1335,42,0
throughput-first,554.00,4,0.00,0.000,0.000,1335,42,0
throughput-first,554.50,4,0.00,0.000,0.000,1335,42,0
throughput-first,555.00,4,0.00,0.000,0.000,1335,42,0
throughput-first,555.50,4,0.00,0.000,0.000,1335,42,0
throughput-first,556.00,4,0.00,0.000,0.000,1335,42,0
throughput-first,556.50,4,0.00,0.000,0.000,1335,42,0
throughput-first,557.00,4,0.00,0.000,0.000,1335,42,0
throughput-first,557.50,4,0.00,0.000,0.000,1335,42,0
throughput-first,558.00,4,0.00,0.000,0.000,1335,42,0
throughput-first,558.50,4,0.00,0.000,0.000,1335,42,0
throughput-first,559.00,4,0.00,0.000,0.000,1335,42,0
throughput-first,559.50,4,0.00,0.000,0.000,1335,42,0
throughput-first,560.00,4,0.00,0.000,0.000,1335,42,0
throughput-first,560.50,4,0.00,0.000,0.000,1335,42,0
throughput-first,561.00,4,0.00,0.000,0.000,1335,42,0
throughput-first,561.50,4,0.00,0.000,0.000,1335,42,0
throughput-first,562.00,4,0.00,0.000,0.000,1335,42,0
throughput-first,562.50,4,0.00,0.000,0.000,1335,42,0
throughput-first,563.00,4,0.00,0.000,0.000,1335,42,0
throughput-first,563.50,4,0.00,0.000,0.000,1335,42,0
throughput-first,564.00,4,0.00,0.000,0.000,1335,42,0
throughput-first,564.50,4,0.00,0.000,0.000,1335,42,0
throughput-first,565.00,4,0.00,0.000,0.000,1335,42,0
throughput-first,565.50,4,0.00,0.000,0.000,1335,42,0
throughput-first,566.00,4,0.00,0.000,0.000,1335,42,0
throughput-first,566.50,4,0.00,0.000,0.000,1335,42,0
throughput-first,567.00,4,0.00,0.000,0.000,1335,42,0
throughput-first,567.50,4,0.00,0.000,0.000,1335,42,0
throughput-first,568.00,4,0.00,0.000,0.000,1335,42,0
throughput-first,568.50,4,0.00,0.000,0.000,1335,42,0
throughput-first,569.00,4,0.00,0.000,0.000,1335,42,0
throughput-first,569.50,4,0.00,0.000,0.000,1335,42,0
throughput-first,570.00,4,0.00,0.000,0.000,1335,42,0
throughput-first,570.50,4,0.00,0.000,0.000,1335,42,0
throughput-first,571.00,4,0.00,0.000,0.000,1335,42,0
throughput-first,571.50,4,0.00,0.000,0.000,1335,42,0
throughput-first,572.00,4,0.00,0.000,0.000,1335,42,0
throughput-first,572.50,4,0.00,0.000,0.000,1335,42,0
throughput-first,573.00,4,0.00,0.000,0.000,1335,42,0
throughput-first,573.50,4,0.00,0.000,0.000,1335,42,0
throughput-first,574.00,4,0.00,0.000,0.000,1335,42,0
throughput-first,574.50,4,0.00,0.000,0.000,1335,42,0
throughput-first,575.00,4,0.00,0.000,0.000,1335,42,0
throughput-first,575.50,4,0.00,0.000,0.000,1335,42,0
throughput-first,576.00,4,0.00,0.000,0.000,1335,42,0
throughput-first,576.50,4,0.00,0.000,0.000,1335,42,0
throughput-first,577.00,4,0.00,0.000,0.000,1335,42,0
throughput-first,577.50,4,0.00,0.000,0.000,1335,42,0
throughput-first,578.00,4,0.00,0.000,0.000,1335,42,0
throughput-first,578.50,4,0.00,0.000,0.000,1335,42,0
throughput-first,579.00,4,0.00,0.000,0.000,1335,42,0
throughput-first,579.50,4,0.00,0.000,0.000,1335,42,0
throughput-first,580.00,4,0.00,0.000,0.000,1335,42,0
throughput-first,580.50,4,0.00,0.000,0.000,1335,42,0
throughput-first,581.00,4,0.00,0.000,0.000,1335,42,0
throughput-first,581.50,4,0.00,0.000,0.000,1335,42,0
throughput-first,582.00,4,0.00,0.000,0.000,1335,42,0
throughput-first,582.50,4,0.00,0.000,0.000,1335,42,0
throughput-first,583.00,4,0.00,0.000,0.000,1335,42,0
throughput-first,583.50,4,0.00,0.000,0.000,1335,42,0
throughput-first,584.00,4,0.00,0.000,0.000,1335,42,0
throughput-first,584.50,4,0.00,0.000,0.000,1335,42,0
throughput-first,585.00,4,0.00,0.000,0.000,1335,42,0
throughput-first,585.50,4,0.00,0.000,0.000,1335,42,0
throughput-first,586.00,4,0.00,0.000,0.000,1335,42,0
throughput-first,586.50,4,0.00,0.000,0.000,1335,42,0
throughput-first,587.00,4,0.00,0.000,0.000,1335,42,0
throughput-first,587.50,4,0.00,0.000,0.000,1335,42,0
throughput-first,588.00,4,0.00,0.000,0.000,1335,42,0
throughput-first,588.50,4,0.00,0.000,0.000,1335,42,0
throughput-first,589.00,4,0.00,0.000,0.000,1335,42,0
throughput-first,589.50,4,0.00,0.000,0.000,1335,42,0
throughput-first,590.00,4,0.00,0.000,0.000,1335,42,0
throughput-first,590.50,4,0.00,0.000,0.000,1335,42,0
throughput-first,591.00,4,0.00,0.000,0.000,1335,42,0
throughput-first,591.50,4,0.00,0.000,0.000,1335,42,0
throughput-first,592.00,4,0.00,0.000,0.000,1335,42,0
throughput-first,592.50,4,0.00,0.000,0.000,1335,42,0
throughput-first,593.00,4,0.00,0.000,0.000,1335,42,0
throughput-first,593.50,4,0.00,0.000,0.000,1335,42,0
throughput-first,594.00,4,0.00,0.000,0.000,1335,42,0
throughput-first,594.50,4,0.00,0.000,0.000,1335,42,0
throughput-first,595.00,4,0.00,0.000,0.000,1335,42,0
throughput-first,595.50,4,0.00,0.000,0.000,1335,42,0
throughput-first,596.00,4,0.00,0.000,0.000,1335,42,0
throughput-first,596.50,4,0.00,0.000,0.000,1335,42,0
throughput-first,597.00,4,0.00,0.000,0.000,1335,42,0
throughput-first,597.50,4,0.00,0.000,0.000,1335,42,0
throughput-first,598.00,4,0.00,0.000,0.000,1335,42,0
throughput-first,598.50,4,0.00,0.000,0.000,1335,42,0
throughput-first,599.00,4,0.00,0.000,0.000,1335,42,0
throughput-first,599.50,4,0.00,0.000,0.000,1335,42,0
throughput-first,600.00,4,0.00,0.000,0.000,1335,42,0
throughput-first,600.50,4,0.00,0.000,0.000,1335,42,0
throughput-first,601.00,4,0.00,0.000,0.000,1335,42,0
throughput-first,601.50,4,0.00,0.000,0.000,1335,42,0
throughput-first,602.00,4,0.00,0.000,0.000,1335,42,0
throughput-first,602.50,4,0.00,0.000,0.000,1335,42,0
throughput-first,603.00,4,0.00,0.000,0.000,1335,42,0
throughput-first,603.50,4,0.00,0.000,0.000,1335,42,0
throughput-first,604.00,4,0.00,0.000,0.000,1335,42,0
throughput-first,604.50,4,0.00,0.000,0.000,1335,42,0
throughput-first,605.00,4,0.00,0.000,0.000,1335,42,0
throughput-first,605.50,4,0.00,0.000,0.000,1335,42,0
throughput-first,606.00,4,0.00,0.000,0.000,1335,42,0
throughput-first,606.50,4,0.00,0.000,0.000,1335,42,0
throughput-first,607.00,4,0.00,0.000,0.000,1335,42,0
throughput-first,607.50,4,0.00,0.000,0.000,1335,42,0
throughput-first,608.00,4,0.00,0.000,0.000,1335,42,0
throughput-first,608.50,4,0.00,0.000,0.000,1335,42,0
throughput-first,609.00,4,0.00,0.000,0.000,1335,42,0
throughput-first,609.50,4,0.00,0.000,0.000,1335,42,0
throughput-first,610.00,4,0.00,0.000,0.000,1335,42,0
throughput-first,610.50,4,0.00,0.000,0.000,1335,42,0
throughput-first,611.00,4,0.00,0.000,0.000,1335,42,0
throughput-first,611.50,4,0.00,0.000,0.000,1335,42,0
throughput-first,612.00,4,0.00,0.000,0.000,1335,42,0
throughput-first,612.50,4,0.00,0.000,0.000,1335,42,0
throughput-first,613.00,4,0.00,0.000,0.000,1335,42,0
throughput-first,613.50,4,0.00,0.000,0.000,1335,42,0
throughput-first,614.00,4,0.00,0.000,0.000,1335,42,0
throughput-first,614.50,4,0.00,0.000,0.000,1335,42,0
throughput-first,615.00,4,0.00,0.000,0.000,1335,42,0
throughput-first,615.50,4,0.00,0.000,0.000,1335,42,0
throughput-first,616.00,4,0.00,0.000,0.000,1335,42,0
throughput-first,616.50,4,0.00,0.000,0.000,1335,42,0
throughput-first,617.00,4,0.00,0.000,0.000,1335,42,0
throughput-first,617.50,4,0.00,0.000,0.000,1335,42,0
throughput-first,618.00,4,0.00,0.000,0.000,1335,42,0
throughput-first,618.50,4,0.00,0.000,0.000,1335,42,0
throughput-first,619.00,4,0.00,0.000,0.000,1335,42,0
throughput-first,619.50,4,0.00,0.000,0.000,1335,42,0
throughput-first,620.00,4,0.00,0.000,0.000,1335,42,0
throughput-first,620.50,4,0.00,0.000,0.000,1335,42,0
throughput-first,621.00,4,0.00,0.000,0.000,1335,42,0
throughput-first,621.50,4,0.00,0.000,0.000,1335,42,0
throughput-first,622.00,4,0.00,0.000,0.000,1335,42,0
throughput-first,622.50,4,0.00,0.000,0.000,1335,42,0
throughput-first,623.00,4,0.00,0.000,0.000,1335,42,0
throughput-first,623.50,4,0.00,0.000,0.000,1335,42,0
throughput-first,624.00,4,0.00,0.000,0.000,1335,42,0
throughput-first,624.50,4,0.00,0.000,0.000,1335,42,0
throughput-first,625.00,4,0.00,0.000,0.000,1335,42,0
throughput-first,625.50,4,0.00,0.000,0.000,1335,42,0
throughput-first,626.00,4,0.00,0.000,0.000,1335,42,0
throughput-first,626.50,4,0.00,0.000,0.000,1335,42,0
throughput-first,627.00,4,0.00,0.000,0.000,1335,42,0
throughput-first,627.50,4,0.00,0.000,0.000,1335,42,0
throughput-first,628.00,4,0.00,0.000,0.000,1335,42,0
throughput-first,628.50,4,0.00,0.000,0.000,1335,42,0
throughput-first,629.00,4,0.00,0.000,0.000,1335,42,0
throughput-first,629.50,4,0.00,0.000,0.000,1335,42,0
throughput-first,630.00,4,0.00,0.000,0.000,1335,42,0
throughput-first,630.50,4,0.00,0.000,0.000,1335,42,0
throughput-first,631.00,4,0.00,0.000,0.000,1335,42,0
throughput-first,631.50,4,0.00,0.000,0.000,1335,42,0
throughput-first,632.00,4,0.00,0.000,0.000,1335,42,0
throughput-first,632.50,4,0.00,0.000,0.000,1335,42,0
throughput-first,633.00,4,0.00,0.000,0.000,1335,42,0
throughput-first,633.50,4,0.00,0.000,0.000,1335,42,0
throughput-first,634.00,4,0.00,0.000,0.000,1335,42,0
throughput-first,634.50,4,0.00,0.000,0.000,1335,42,0
throughput-first,635.00,4,0.00,0.000,0.000,1335,42,0
throughput-first,635.50,4,0.00,0.000,0.000,1335,42,0
throughput-first,636.00,4,0.00,0.000,0.000,1335,42,0
throughput-first,636.50,4,0.00,0.000,0.000,1335,42,0
throughput-first,637.00,4,0.00,0.000,0.000,1335,42,0
throughput-first,637.50,4,0.00,0.000,0.000,1335,42,0
throughput-first,638.00,4,0.00,0.000,0.000,1335,42,0
throughput-first,638.50,4,0.00,0.000,0.000,1335,42,0
throughput-first,639.00,4,0.00,0.000,0.000,1335,42,0
throughput-first,639.50,4,0.00,0.000,0.000,1335,42,0
throughput-first,640.00,4,0.00,0.000,0.000,1335,42,0
throughput-first,640.50,4,0.00,0.000,0.000,1335,42,0
throughput-first,641.00,4,0.00,0.000,0.000,1335,42,0
throughput-first,641.50,4,0.00,0.000,0.000,1335,42,0
throughput-first,642.00,4,0.00,0.000,0.000,1335,42,0
throughput-first,642.50,4,0.00,0.000,0.000,1335,42,0
throughput-first,643.00,4,0.00,0.000,0.000,1335,42,0
throughput-first,643.50,4,0.00,0.000,0.000,1335,42,0
throughput-first,644.00,4,0.00,0.000,0.000,1335,42,0
throughput-first,644.50,4,0.00,0.000,0.000,1335,42,0
throughput-first,645.00,4,0.00,0.000,0.000,1335,42,0
throughput-first,645.50,4,0.00,0.000,0.000,1335,42,0
throughput-first,646.00,4,0.00,0.000,0.000,1335,42,0
throughput-first,646.50,4,0.00,0.000,0.000,1335,42,0
throughput-first,647.00,4,0.00,0.000,0.000,1335,42,0
throughput-first,647.50,4,0.00,0.000,0.000,1335,42,0
throughput-first,648.00,4,0.00,0.000,0.000,1335,42,0
throughput-first,648.50,4,0.00,0.000,0.000,1335,42,0
throughput-first,649.00,4,0.00,0.000,0.000,1335,42,0
throughput-first,649.50,4,0.00,0.000,0.000,1335,42,0
throughput-first,650.00,4,0.00,0.000,0.000,1335,42,0
throughput-first,650.50,4,0.00,0.000,0.000,1335,42,0
throughput-first,651.00,4,0.00,0.000,0.000,1335,42,0
throughput-first,651.50,4,0.00,0.000,0.000,1335,42,0
throughput-first,652.00,4,0.00,0.000,0.000,1335,42,0
throughput-first,652.50,4,0.00,0.000,0.000,1335,42,0
throughput-first,653.00,4,0.00,0.000,0.000,1335,42,0
throughput-first,653.50,4,0.00,0.000,0.000,1335,42,0
throughput-first,654.00,4,0.00,0.000,0.000,1335,42,0
throughput-first,654.50,4,0.00,0.000,0.000,1335,42,0
throughput-first,655.00,4,0.00,0.000,0.000,1335,42,0
throughput-first,655.50,4,0.00,0.000,0.000,1335,42,0
throughput-first,656.00,4,0.00,0.000,0.000,1335,42,0
throughput-first,656.50,4,0.00,0.000,0.000,1335,42,0
throughput-first,657.00,4,0.00,0.000,0.000,1335,42,0
throughput-first,657.50,4,0.00,0.000,0.000,1335,42,0
throughput-first,658.00,4,0.00,0.000,0.000,1335,42,0
throughput-first,658.50,4,0.00,0.000,0.000,1335,42,0
throughput-first,659.00,4,0.00,0.000,0.000,1335,42,0
throughput-first,659.50,4,0.00,0.000,0.000,1335,42,0
throughput-first,660.00,4,0.00,0.000,0.000,1335,42,0
throughput-first,660.50,4,0.00,0.000,0.000,1335,42,0
throughput-first,661.00,4,0.00,0.000,0.000,1335,42,0
throughput-first,661.50,4,0.00,0.000,0.000,1335,42,0
throughput-first,662.00,4,0.00,0.000,0.000,1335,42,0
throughput-first,662.50,4,0.00,0.000,0.000,1335,42,0
throughput-first,663.00,4,0.00,0.000,0.000,1335,42,0
throughput-first,663.50,4,0.00,0.000,0.000,1335,42,0
throughput-first,664.00,4,0.00,0.000,0.000,1335,42,0
throughput-first,664.50,4,0.00,0.000,0.000,1335,42,0
throughput-first,665.00,4,0.00,0.000,0.000,1335,42,0
throughput-first,665.50,4,0.00,0.000,0.000,1335,42,0
throughput-first,666.00,4,0.00,0.000,0.000,1335,42,0
throughput-first,666.50,4,0.00,0.000,0.000,1335,42,0
throughput-first,667.00,4,0.00,0.000,0.000,1335,42,0
throughput-first,667.50,4,0.00,0.000,0.000,1335,42,0
throughput-first,668.00,4,0.00,0.000,0.000,1335,42,0
throughput-first,668.50,4,0.00,0.000,0.000,1335,42,0
throughput-first,669.00,4,0.00,0.000,0.000,1335,42,0
throughput-first,669.50,4,0.00,0.000,0.000,1335,42,0
throughput-first,670.00,4,0.00,0.000,0.000,1335,42,0
throughput-first,670.50,4,0.00,0.000,0.000,1335,42,0
throughput-first,671.00,4,0.00,0.000,0.000,1335,42,0
throughput-first,671.50,4,0.00,0.000,0.000,1335,42,0
throughput-first,672.00,4,0.00,0.000,0.000,1335,42,0
throughput-first,672.50,4,0.00,0.000,0.000,1335,42,0
throughput-first,673.00,4,0.00,0.000,0.000,1335,42,0
throughput-first,673.50,4,0.00,0.000,0.000,1335,42,0
throughput-first,674.00,4,0.00,0.000,0.000,1335,42,0
throughput-first,674.50,4,0.00,0.000,0.000,1335,42,0
throughput-first,675.00,4,0.00,0.000,0.000,1335,42,0
throughput-first,675.50,4,0.00,0.000,0.000,1335,42,0
throughput-first,676.00,4,0.00,0.000,0.000,1335,42,0
throughput-first,676.50,4,0.00,0.000,0.000,1335,42,0
throughput-first,677.00,4,0.00,0.000,0.000,1335,42,0
throughput-first,677.50,4,0.00,0.000,0.000,1335,42,0
throughput-first,678.00,4,0.00,0.000,0.000,1335,42,0
throughput-first,678.50,4,0.00,0.000,0.000,1335,42,0
throughput-first,679.00,4,0.00,0.000,0.000,1335,42,0
throughput-first,679.50,4,0.00,0.000,0.000,1335,42,0
throughput-first,680.00,4,0.00,0.000,0.000,1335,42,0
throughput-first,680.50,4,0.00,0.000,0.000,1335,42,0
throughput-first,681.00,4,0.00,0.000,0.000,1335,42,0
throughput-first,681.50,4,0.00,0.000,0.000,1335,42,0
throughput-first,682.00,4,0.00,0.000,0.000,1335,42,0
throughput-first,682.50,4,0.00,0.000,0.000,1335,42,0
throughput-first,683.00,4,0.00,0.000,0.000,1335,42,0
throughput-first,683.50,4,0.00,0.000,0.000,1335,42,0
throughput-first,684.00,4,0.00,0.000,0.000,1335,42,0
throughput-first,684.50,4,0.00,0.000,0.000,1335,42,0
throughput-first,685.00,4,0.00,0.000,0.000,1335,42,0
throughput-first,685.50,4,0.00,0.000,0.000,1335,42,0
throughput-first,686.00,4,0.00,0.000,0.000,1335,42,0
throughput-first,686.50,4,0.00,0.000,0.000,1335,42,0
throughput-first,687.00,4,0.00,0.000,0.000,1335,42,0
throughput-first,687.50,4,0.00,0.000,0.000,1335,42,0
throughput-first,688.00,4,0.00,0.000,0.000,1335,42,0
throughput-first,688.50,4,0.00,0.000,0.000,1335,42,0
throughput-first,689.00,4,0.00,0.000,0.000,1335,42,0
throughput-first,689.50,4,0.00,0.000,0.000,1335,42,0
throughput-first,690.00,4,0.00,0.000,0.000,1335,42,0
throughput-first,690.50,4,0.00,0.000,0.000,1335,42,0
throughput-first,691.00,4,0.00,0.000,0.000,1335,42,0
throughput-first,691.50,4,0.00,0.000,0.000,1335,42,0
throughput-first,692.00,4,0.00,0.000,0.000,1335,42,0
throughput-first,692.50,4,0.00,0.000,0.000,1335,42,0
throughput-first,693.00,4,0.00,0.000,0.000,1335,42,0
throughput-first,693.50,4,0.00,0.000,0.000,1335,42,0
throughput-first,694.00,4,0.00,0.000,0.000,1335,42,0
throughput-first,694.50,4,0.00,0.000,0.000,1335,42,0
throughput-first,695.00,4,0.00,0.000,0.000,1335,42,0
throughput-first,695.50,4,0.00,0.000,0.000,1335,42,0
throughput-first,696.00,4,0.00,0.000,0.000,1335,42,0
throughput-first,696.50,4,0.00,0.000,0.000,1335,42,0
throughput-first,697.00,4,0.00,0.000,0.000,1335,42,0
throughput-first,697.50,4,0.00,0.000,0.000,1335,42,0
throughput-first,698.00,4,0.00,0.000,0.000,1335,42,0
throughput-first,698.50,4,0.00,0.000,0.000,1335,42,0
throughput-first,699.00,4,0.00,0.000,0.000,1335,42,0
throughput-first,699.50,4,0.00,0.000,0.000,1335,42,0
throughput-first,700.00,4,0.00,0.000,0.000,1335,42,0
throughput-first,700.50,4,0.00,0.000,0.000,1335,42,0
throughput-first,701.00,4,0.00,0.000,0.000,1335,42,0
throughput-first,701.50,4,0.00,0.000,0.000,1335,42,0
throughput-first,702.00,4,0.00,0.000,0.000,1335,42,0
throughput-first,702.50,4,0.00,0.000,0.000,1335,42,0
throughput-first,703.00,4,0.00,0.000,0.000,1335,42,0
throughput-first,703.50,4,0.00,0.000,0.000,1335,42,0
throughput-first,704.00,4,0.00,0.000,0.000,1335,42,0
throughput-first,704.50,4,0.00,0.000,0.000,1335,42,0
throughput-first,705.00,4,0.00,0.000,0.000,1335,42,0
throughput-first,705.50,4,0.00,0.000,0.000,1335,42,0
throughput-first,706.00,4,0.00,0.000,0.000,1335,42,0
throughput-first,706.50,4,0.00,0.000,0.000,1335,42,0
throughput-first,707.00,4,0.00,0.000,0.000,1335,42,0
throughput-first,707.50,4,0.00,0.000,0.000,1335,42,0
throughput-first,708.00,4,0.00,0.000,0.000,1335,42,0
throughput-first,708.50,4,0.00,0.000,0.000,1335,42,0
throughput-first,709.00,4,0.00,0.000,0.000,1335,42,0
throughput-first,709.50,4,0.00,0.000,0.000,1335,42,0
throughput-first,710.00,4,0.00,0.000,0.000,1335,42,0
throughput-first,710.50,4,0.00,0.000,0.000,1335,42,0
throughput-first,711.00,4,0.00,0.000,0.000,1335,42,0
throughput-first,711.50,4,0.00,0.000,0.000,1335,42,0
throughput-first,712.00,4,0.00,0.000,0.000,1335,42,0
throughput-first,712.50,4,0.00,0.000,0.000,1335,42,0
throughput-first,713.00,4,0.00,0.000,0.000,1335,42,0
throughput-first,713.50,4,0.00,0.000,0.000,1335,42,0
throughput-first,714.00,4,0.00,0.000,0.000,1335,42,0
throughput-first,714.50,4,0.00,0.000,0.000,1335,42,0
throughput-first,715.00,4,0.00,0.000,0.000,1335,42,0
throughput-first,715.50,4,0.00,0.000,0.000,1335,42,0
throughput-first,716.00,4,0.00,0.000,0.000,1335,42,0
throughput-first,716.50,4,0.00,0.000,0.000,1335,42,0
throughput-first,717.00,4,0.00,0.000,0.000,1335,42,0
throughput-first,717.50,4,0.00,0.000,0.000,1335,42,0
throughput-first,718.00,4,0.00,0.000,0.000,1335,42,0
throughput-first,718.50,4,0.00,0.000,0.000,1335,42,0
throughput-first,719.00,4,0.00,0.000,0.000,1335,42,0
throughput-first,719.50,4,0.00,0.000,0.000,1335,42,0
margin-first,0.00,1,0.00,0.000,0.000,0,0,0
margin-first,0.50,1,0.00,0.000,0.000,0,0,0
margin-first,1.00,1,3.72,3.723,0.000,1,0,0
margin-first,1.50,1,1.62,15.615,0.000,4,2,0
margin-first,2.00,1,5.42,22.520,0.000,9,3,0
margin-first,2.50,1,9.15,18.074,0.000,10,3,0
margin-first,3.00,1,6.76,19.338,0.000,14,4,0
margin-first,3.50,1,16.20,22.591,0.000,16,4,0
margin-first,4.00,1,28.09,21.327,0.000,19,4,0
margin-first,4.50,1,37.99,18.074,0.000,22,4,0
margin-first,5.00,1,58.11,30.022,0.000,26,4,0
margin-first,5.50,1,66.75,28.758,0.000,29,4,0
margin-first,6.00,1,84.36,26.243,0.000,33,4,0
margin-first,6.50,1,88.08,21.327,0.000,34,4,0
margin-first,7.00,1,94.26,9.904,0.000,36,4,0
margin-first,7.50,1,96.72,8.640,0.000,37,4,0
margin-first,8.00,1,99.18,4.917,0.000,38,4,0
margin-first,8.50,1,104.89,8.170,0.000,39,4,0
margin-first,9.00,1,104.89,5.711,0.000,39,4,0
margin-first,9.50,1,104.89,0.000,0.000,39,4,0
margin-first,10.00,1,104.89,0.000,0.000,39,4,0
margin-first,10.50,1,104.89,0.000,0.000,39,4,0
margin-first,11.00,1,110.60,5.711,0.000,40,4,0
margin-first,11.50,1,113.06,8.170,12.451,41,4,0
margin-first,12.00,1,119.24,8.640,12.811,43,4,0
margin-first,12.50,1,138.83,25.773,13.885,47,4,0
margin-first,13.00,1,141.29,22.050,14.649,48,4,0
margin-first,13.50,1,151.00,12.171,14.505,50,4,0
margin-first,14.00,1,154.72,9.712,13.972,51,4,0
margin-first,14.50,1,164.63,13.627,13.786,54,4,0
margin-first,15.00,1,178.98,24.255,13.991,58,4,0
margin-first,15.50,1,185.16,20.532,13.906,60,4,0
margin-first,16.00,1,197.05,14.351,13.615,63,4,0
margin-first,16.50,1,206.96,21.797,13.770,66,4,0
margin-first,17.00,1,81.31,21.797,13.427,70,4,0
margin-first,17.50,2,40.62,39.207,13.863,72,6,2
margin-first,18.00,2,36.50,43.195,14.569,74,7,2
margin-first,18.50,2,21.18,44.672,15.542,77,9,2
margin-first,19.00,2,41.76,41.294,16.850,80,9,2
margin-first,19.50,2,30.31,31.533,17.804,81,10,2
margin-first,20.00,2,29.60,-1.311,17.544,81,10,2
margin-first,20.50,2,28.88,-1.311,17.149,81,10,2
margin-first,21.00,2,28.17,-1.311,16.856,81,10,2
margin-first,21.50,2,27.45,-1.311,16.802,81,10,2
margin-first,22.00,2,26.74,-1.311,16.747,81,10,2
margin-first,22.50,2,26.02,-1.311,16.693,81,10,2
margin-first,23.00,2,25.31,-1.311,16.400,81,10,2
margin-first,23.50,2,24.59,-1.311,16.005,81,10,2
margin-first,24.00,2,37.06,33.870,17.056,85,11,2
margin-first,24.50,2,48.39,45.915,17.896,86,11,2
margin-first,25.00,2,39.65,37.713,18.548,91,12,2
margin-first,25.50,2,57.98,44.711,19.904,93,12,2
margin-first,26.00,2,41.44,41.908,21.245,95,13,2
margin-first,26.50,2,32.70,62.835,23.296,98,14,2
margin-first,27.00,2,58.47,54.492,24.556,102,14,2
margin-first,27.50,2,26.11,31.641,25.018,104,15,2
margin-first,28.00,2,61.40,51.049,26.548,108,15,2
margin-first,28.50,2,29.62,65.669,28.376,112,17,2
margin-first,29.00,2,44.28,49.008,29.509,115,17,2
margin-first,29.50,2,20.33,34.831,29.327,118,18,2
margin-first,30.00,2,30.95,22.856,28.480,119,18,2
margin-first,30.50,2,57.70,37.487,28.180,122,18,2
margin-first,31.00,2,92.29,61.452,29.020,127,18,2
margin-first,31.50,2,91.57,33.988,29.122,127,18,2
margin-first,32.00,2,101.95,9.780,29.585,128,18,2
margin-first,32.50,2,101.23,9.780,30.047,128,18,2
margin-first,33.00,2,100.52,-1.311,30.047,128,18,2
margin-first,33.50,2,106.21,5.102,30.314,129,18,2
margin-first,34.00,2,105.50,5.102,30.581,129,18,2
margin-first,34.50,2,104.78,-1.311,30.581,129,18,2
margin-first,35.00,2,104.07,-1.311,30.581,129,18,2
margin-first,35.50,2,124.87,20.207,31.478,131,18,2
margin-first,36.00,2,147.11,30.553,31.339,133,18,2
margin-first,36.50,2,179.83,39.807,31.085,136,18,2
margin-first,37.00,2,227.16,63.066,32.141,140,18,2
margin-first,37.50,2,240.30,42.403,32.045,143,18,2
margin-first,38.00,2,260.12,33.084,31.677,146,18,2
margin-first,38.50,2,270.84,30.659,30.337,149,18,2
margin-first,39.00,2,306.16,46.157,29.990,153,18,2
margin-first,39.50,2,311.16,27.809,29.830,154,18,2
margin-first,40.00,2,341.83,35.792,29.194,158,18,2
margin-first,40.50,2,359.18,39.238,28.093,161,18,2
margin-first,41.00,2,390.25,48.539,28.073,165,18,2
margin-first,41.50,2,408.33,49.265,28.675,168,18,2
margin-first,42.00,2,439.53,49.397,29.781,171,18,2
margin-first,42.50,2,459.81,38.988,29.843,175,18,2
margin-first,43.00,2,461.55,17.189,27.999,176,18,2
margin-first,43.50,2,480.60,20.907,27.454,178,18,2
margin-first,44.00,2,494.10,21.576,27.945,179,18,2
margin-first,44.50,2,499.80,19.320,28.343,180,18,2
margin-first,45.00,2,504.03,10.052,28.816,181,18,2
margin-first,45.50,2,512.22,12.546,29.126,182,18,2
margin-first,46.00,2,520.94,17.030,29.623,184,18,2
margin-first,46.50,2,520.23,8.123,30.017,184,18,2
margin-first,47.00,2,519.51,-1.311,30.017,184,18,2
margin-first,47.50,2,533.63,13.523,29.738,186,18,2
margin-first,48.00,2,571.10,51.712,30.620,190,18,2
margin-first,48.50,2,608.52,67.641,31.779,194,18,2
margin-first,49.00,2,612.72,41.738,30.891,196,18,2
margin-first,49.50,2,638.44,30.034,30.375,200,18,2
margin-first,50.00,2,678.26,50.333,31.094,204,18,2
margin-first,50.50,2,702.22,55.973,32.149,206,18,2
margin-first,51.00,2,715.84,37.699,31.796,209,18,2
margin-first,51.50,2,753.35,45.079,32.516,214,18,2
margin-first,52.00,2,766.24,44.108,32.862,216,18,2
margin-first,52.50,2,810.95,57.721,33.633,220,18,2
margin-first,53.00,2,830.31,64.190,34.285,223,18,2
margin-first,53.50,2,839.97,29.144,33.446,224,18,2
margin-first,54.00,2,856.06,15.491,32.034,227,18,2
margin-first,54.50,2,880.40,36.822,31.943,231,18,2
margin-first,55.00,2,901.64,45.702,33.131,233,18,2
margin-first,55.50,2,900.93,20.648,33.121,233,18,2
margin-first,56.00,2,900.21,-1.311,32.167,233,18,2
margin-first,56.50,2,906.87,6.057,31.614,234,18,2
margin-first,57.00,2,908.61,8.516,31.550,235,18,2
margin-first,57.50,2,907.90,-1.311,30.973,235,18,2
margin-first,58.00,2,907.18,-1.311,30.209,235,18,2
margin-first,58.50,2,906.47,-1.311,29.816,235,18,2
margin-first,59.00,2,910.67,3.606,30.021,236,18,2
margin-first,59.50,2,120.08,13.737,30.030,238,18,2
margin-first,60.00,3,41.02,18.472,28.645,239,19,4
margin-first,60.50,3,48.59,16.623,26.519,240,19,4
margin-first,61.00,3,107.77,66.966,27.570,244,19,4
margin-first,61.50,3,56.77,78.398,29.585,246,20,4
margin-first,62.00,3,74.81,37.255,29.040,247,20,4
margin-first,62.50,3,47.56,61.006,29.250,250,21,4
margin-first,63.00,3,72.83,68.237,30.522,252,21,4
margin-first,63.50,3,101.29,53.945,30.892,254,21,4
margin-first,64.00,3,95.26,93.785,32.962,258,22,4
margin-first,64.50,3,97.76,80.690,33.919,259,22,4
margin-first,65.00,3,41.94,58.901,33.698,261,23,4
margin-first,65.50,3,61.89,76.351,35.665,263,23,4
margin-first,66.00,3,99.57,36.594,36.544,266,23,4
margin-first,66.50,3,54.35,90.668,38.788,268,24,4
margin-first,67.00,3,99.87,98.512,40.988,270,24,4
margin-first,67.50,3,108.42,39.751,41.784,271,24,4
margin-first,68.00,3,82.16,70.655,44.783,275,25,4
margin-first,68.50,3,80.86,59.928,47.028,275,25,4
margin-first,69.00,3,79.56,-2.383,46.574,275,25,4
margin-first,69.50,3,78.26,-2.383,46.529,275,25,4
margin-first,70.00,3,92.10,12.752,47.115,276,25,4
margin-first,70.50,3,90.80,12.752,47.701,276,25,4
margin-first,71.00,3,89.50,-2.383,47.451,276,25,4
margin-first,71.50,3,88.20,-2.383,46.779,276,25,4
margin-first,72.00,3,133.90,44.621,47.869,279,25,4
margin-first,72.50,3,138.45,50.468,49.279,280,25,4
margin-first,73.00,3,59.96,43.426,48.298,283,26,4
margin-first,73.50,3,99.07,83.834,48.525,286,26,4
margin-first,74.00,3,154.07,73.480,50.034,290,26,4
margin-first,74.50,3,152.77,53.922,49.739,290,26,4
margin-first,75.00,3,60.84,60.980,49.437,293,27,4
margin-first,75.50,3,115.41,116.859,52.058,296,27,4
margin-first,76.00,3,141.24,65.359,50.874,297,27,4
margin-first,76.50,3,41.03,79.835,50.838,301,28,4
margin-first,77.00,3,60.94,59.409,50.859,302,28,4
margin-first,77.50,3,103.98,63.164,50.310,305,28,4
margin-first,78.00,3,157.74,97.015,52.827,308,28,4
margin-first,78.50,3,189.51,65.693,51.787,309,28,4
margin-first,79.00,3,84.33,94.815,51.633,313,29,4
margin-first,79.50,3,52.39,84.731,53.507,315,30,4
margin-first,80.00,3,102.02,87.904,54.226,318,30,4
margin-first,80.50,3,117.24,65.069,54.440,319,30,4
margin-first,81.00,3,127.16,25.351,55.595,320,30,4
margin-first,81.50,3,125.86,8.830,56.063,320,30,4
margin-first,82.00,3,124.56,-2.383,55.432,320,30,4
margin-first,82.50,3,143.22,17.580,55.633,321,30,4
margin-first,83.00,3,150.35,26.011,56.816,322,30,4
margin-first,83.50,3,149.05,6.047,57.168,322,30,4
margin-first,84.00,3,147.75,-2.383,55.209,322,30,4
margin-first,84.50,3,46.25,51.421,55.249,327,31,4
margin-first,85.00,3,44.95,27.659,54.592,327,31,4
margin-first,85.50,3,104.60,58.563,53.539,330,31,4
margin-first,86.00,3,143.04,98.302,54.573,332,31,4
margin-first,86.50,3,179.25,41.794,54.068,334,31,4
margin-first,87.00,3,53.37,60.095,54.031,336,32,4
margin-first,87.50,3,94.93,40.479,50.848,339,32,4
margin-first,88.00,3,151.20,86.506,51.729,342,32,4
margin-first,88.50,3,184.71,89.995,52.153,344,32,4
margin-first,89.00,3,207.94,56.954,52.050,345,32,4
margin-first,89.50,3,97.47,81.979,52.834,349,33,4
margin-first,90.00,3,134.75,84.552,52.315,351,33,4
margin-first,90.50,3,150.15,52.894,51.782,353,33,4
margin-first,91.00,3,192.46,57.926,50.245,356,33,4
margin-first,91.50,3,197.44,35.243,48.183,357,33,4
margin-first,92.00,3,47.76,40.522,46.208,359,34,4
margin-first,92.50,3,69.92,57.692,45.901,361,34,4
margin-first,93.00,3,96.76,38.890,46.465,362,34,4
margin-first,93.50,3,123.31,53.610,48.331,363,34,4
margin-first,94.00,3,122.01,25.465,49.491,363,34,4
margin-first,94.50,3,120.71,-2.383,48.660,363,34,4
margin-first,95.00,3,132.78,10.985,48.034,364,34,4
margin-first,95.50,3,168.48,47.985,49.781,366,34,4
margin-first,96.00,3,219.02,66.159,52.637,369,34,4
margin-first,96.50,3,217.72,21.076,51.373,369,34,4
margin-first,97.00,3,76.10,73.300,53.274,373,35,4
margin-first,97.50,3,74.80,59.211,53.301,373,35,4
margin-first,98.00,3,159.06,83.174,52.671,377,35,4
margin-first,98.50,3,167.36,66.863,53.715,378,35,4
margin-first,99.00,3,212.47,53.628,53.446,381,35,4
margin-first,99.50,3,230.62,63.469,54.404,382,35,4
margin-first,100.00,3,237.31,5.605,51.033,383,35,4
margin-first,100.50,3,283.37,52.966,49.490,386,35,4
margin-first,101.00,3,54.41,54.063,49.370,387,36,4
margin-first,101.50,3,105.09,49.600,48.021,390,36,4
margin-first,102.00,3,126.29,72.099,47.502,392,36,4
margin-first,102.50,3,150.90,38.282,46.893,394,36,4
margin-first,103.00,3,197.27,53.278,46.699,397,36,4
margin-first,103.50,3,244.56,65.988,47.980,401,36,4
margin-first,104.00,3,243.26,46.206,48.217,401,36,4
margin-first,104.50,3,258.67,14.325,46.410,402,36,4
margin-first,105.00,3,272.14,29.088,46.002,403,36,4
margin-first,105.50,3,270.84,12.379,44.284,403,36,4
margin-first,106.00,3,289.50,17.580,43.955,404,36,4
margin-first,106.50,3,334.91,64.296,46.734,406,36,4
margin-first,107.00,3,59.20,49.539,48.340,407,37,4
margin-first,107.50,3,57.90,31.199,47.641,407,37,4
margin-first,108.00,3,104.82,45.840,46.794,410,37,4
margin-first,108.50,3,113.80,56.123,48.254,411,37,4
margin-first,109.00,3,171.34,56.458,47.552,414,37,4
margin-first,109.50,3,207.12,93.539,48.983,416,37,4
margin-first,110.00,3,227.70,56.572,47.874,418,37,4
margin-first,110.50,3,268.78,49.214,47.139,421,37,4
margin-first,111.00,3,279.26,51.780,47.062,422,37,4
margin-first,111.50,3,332.92,52.580,46.608,425,37,4
margin-first,112.00,3,340.88,61.836,48.951,426,37,4
margin-first,112.50,3,368.92,26.957,47.867,429,37,4
margin-first,113.00,3,73.55,71.885,48.610,431,38,4
margin-first,113.50,3,121.47,91.761,50.367,434,38,4
margin-first,114.00,3,120.17,46.832,49.314,434,38,4
margin-first,114.50,3,174.00,52.754,49.917,438,38,4
margin-first,115.00,3,208.55,64.382,50.380,440,38,4
margin-first,115.50,3,230.09,56.302,49.976,441,38,4
margin-first,116.00,3,280.99,72.656,51.078,444,38,4
margin-first,116.50,3,303.22,73.348,53.537,445,38,4
margin-first,117.00,3,348.31,67.529,55.139,447,38,4
margin-first,117.50,3,347.01,15.267,55.260,447,38,4
margin-first,118.00,3,345.71,-2.383,54.428,447,38,4
margin-first,118.50,3,344.41,-2.383,51.649,447,38,4
margin-first,119.00,3,388.22,42.729,51.366,449,38,4
margin-first,119.50,3,386.92,42.729,51.846,449,38,4
margin-first,120.00,3,49.88,31.877,51.264,451,39,4
margin-first,120.50,3,75.52,58.815,51.376,453,39,4
margin-first,121.00,3,141.55,74.904,52.145,456,39,4
margin-first,121.50,3,155.88,80.578,51.605,457,39,4
margin-first,122.00,3,192.15,50.811,51.365,459,39,4
margin-first,122.50,3,212.52,56.862,51.684,461,39,4
margin-first,123.00,3,267.05,75.123,52.656,464,39,4
margin-first,123.50,3,296.62,84.317,53.979,466,39,4
margin-first,124.00,3,345.18,78.342,54.666,469,39,4
margin-first,124.50,3,366.06,55.991,55.876,471,39,4
margin-first,125.00,3,391.85,46.888,54.835,473,39,4
margin-first,125.50,3,399.93,34.087,52.431,474,39,4
margin-first,126.00,3,90.72,106.089,54.901,479,40,4
margin-first,126.50,3,99.85,78.960,55.992,480,40,4
margin-first,127.00,3,178.17,87.662,56.962,484,40,4
margin-first,127.50,3,176.87,77.235,57.835,484,40,4
margin-first,128.00,3,188.88,10.927,55.263,485,40,4
margin-first,128.50,3,216.31,39.662,53.859,486,40,4
margin-first,129.00,3,253.76,36.369,52.561,488,40,4
margin-first,129.50,3,252.46,36.369,53.440,488,40,4
margin-first,130.00,3,262.52,8.975,53.913,489,40,4
margin-first,130.50,3,261.22,8.975,54.386,489,40,4
margin-first,131.00,3,272.36,10.050,53.025,490,40,4
margin-first,131.50,3,271.06,10.050,51.663,490,40,4
margin-first,132.00,3,338.96,66.823,53.119,493,40,4
margin-first,132.50,3,407.54,123.036,55.795,497,40,4
margin-first,133.00,3,418.97,80.220,56.017,498,40,4
margin-first,133.50,3,487.56,80.235,56.002,502,40,4
margin-first,134.00,3,486.26,67.510,56.698,502,40,4
margin-first,134.50,3,545.74,58.398,56.762,506,40,4
margin-first,135.00,3,556.14,70.101,56.553,507,40,4
margin-first,135.50,3,580.99,35.469,54.518,510,40,4
margin-first,136.00,3,50.53,36.604,52.779,511,41,4
margin-first,136.50,3,106.12,54.509,52.717,515,41,4
margin-first,137.00,3,125.39,75.072,53.891,516,41,4
margin-first,137.50,3,180.01,53.536,54.702,520,41,4
margin-first,138.00,3,224.04,68.976,53.155,523,41,4
margin-first,138.50,3,245.80,66.015,52.616,524,41,4
margin-first,139.00,3,268.80,44.975,50.837,526,41,4
margin-first,139.50,3,284.79,39.202,49.252,527,41,4
margin-first,140.00,3,302.82,16.946,49.503,529,41,4
margin-first,140.50,3,331.22,46.643,49.794,530,41,4
margin-first,141.00,3,329.92,27.313,49.417,530,41,4
margin-first,141.50,3,344.92,13.922,48.482,531,41,4
margin-first,142.00,3,343.62,-2.383,48.008,531,41,4
margin-first,142.50,3,342.32,-2.383,47.535,531,41,4
margin-first,143.00,3,347.53,4.122,47.288,532,41,4
margin-first,143.50,3,355.32,6.712,47.149,533,41,4
margin-first,144.00,3,399.75,52.443,46.550,537,41,4
margin-first,144.50,3,398.45,43.348,43.229,537,41,4
margin-first,145.00,3,407.34,7.801,40.212,538,41,4
margin-first,145.50,3,449.79,41.364,38.592,541,41,4
margin-first,146.00,3,491.15,59.776,38.270,543,41,4
margin-first,146.50,3,536.69,44.460,37.689,547,41,4
margin-first,147.00,3,535.39,44.460,36.621,547,41,4
margin-first,147.50,3,602.84,66.362,37.908,550,41,4
margin-first,148.00,3,645.12,109.944,40.964,552,41,4
margin-first,148.50,3,665.32,39.174,40.325,553,41,4
margin-first,149.00,3,712.29,67.389,40.005,556,41,4
margin-first,149.50,3,766.51,101.408,42.000,559,41,4
margin-first,150.00,3,806.04,73.599,42.192,562,41,4
margin-first,150.50,3,834.43,68.137,42.281,563,41,4
margin-first,151.00,3,87.81,94.988,44.365,567,42,4
margin-first,151.50,3,86.51,65.292,45.452,567,42,4
margin-first,152.00,3,100.96,13.369,45.303,568,42,4
margin-first,152.50,3,99.66,-2.383,43.260,568,42,4
margin-first,153.00,3,148.80,48.058,44.124,571,42,4
margin-first,153.50,3,173.38,73.936,46.625,572,42,4
margin-first,154.00,3,183.35,34.760,48.172,573,42,4
margin-first,154.50,3,182.05,8.881,48.642,573,42,4
margin-first,155.00,3,180.75,-2.383,48.371,573,42,4
margin-first,155.50,3,205.02,23.190,49.057,574,42,4
margin-first,156.00,3,203.72,-2.383,46.773,574,42,4
margin-first,156.50,3,290.62,85.821,48.543,578,42,4
margin-first,157.00,3,289.32,85.821,51.793,578,42,4
margin-first,157.50,3,339.58,49.177,52.119,582,42,4
margin-first,158.00,3,376.46,87.352,53.268,584,42,4
margin-first,158.50,3,438.04,83.048,54.876,588,42,4
margin-first,159.00,3,436.74,60.498,55.544,588,42,4
margin-first,159.50,3,498.58,60.759,55.311,592,42,4
margin-first,160.00,3,510.81,74.289,53.825,593,42,4
margin-first,160.50,3,584.19,85.820,55.768,597,42,4
margin-first,161.00,3,630.69,88.559,56.651,600,42,4
margin-first,161.50,3,638.77,54.802,54.709,601,42,4
margin-first,162.00,3,705.00,74.525,54.747,604,42,4
margin-first,162.50,3,734.55,95.994,55.908,606,42,4
margin-first,163.00,3,791.04,64.795,54.650,610,42,4
margin-first,163.50,3,789.74,55.412,54.238,610,42,4
margin-first,164.00,3,831.77,40.939,55.387,613,42,4
margin-first,164.50,3,862.76,73.230,58.538,615,42,4
margin-first,165.00,3,861.46,29.908,57.781,615,42,4
margin-first,165.50,3,860.16,-2.383,54.601,615,42,4
margin-first,166.00,3,879.81,18.567,53.927,616,42,4
margin-first,166.50,3,903.97,44.031,55.391,617,42,4
margin-first,167.00,3,934.12,29.060,56.701,619,42,4
margin-first,167.50,3,932.82,29.060,56.946,619,42,4
margin-first,168.00,3,981.50,47.602,59.029,623,42,4
margin-first,168.50,3,980.20,47.602,57.436,623,42,4
margin-first,169.00,3,1035.08,53.792,56.102,626,42,4
margin-first,169.50,3,1063.48,83.499,57.532,628,42,4
margin-first,170.00,3,1090.84,55.983,56.225,630,42,4
margin-first,170.50,3,1144.82,81.555,56.162,633,42,4
margin-first,171.00,3,1183.41,92.782,57.508,635,42,4
margin-first,171.50,3,1220.41,75.801,58.134,637,42,4
margin-first,172.00,3,1243.09,59.900,57.535,639,42,4
margin-first,172.50,3,1293.37,73.183,57.008,642,42,4
margin-first,173.00,3,1330.81,87.931,56.982,644,42,4
margin-first,173.50,3,1378.75,65.340,57.421,647,42,4
margin-first,174.00,3,1408.54,77.951,57.564,649,42,4
margin-first,174.50,3,1465.33,66.628,56.340,652,42,4
margin-first,175.00,3,1487.10,78.780,56.923,654,42,4
margin-first,175.50,3,1546.88,81.762,58.021,657,42,4
margin-first,176.00,3,1568.38,81.492,59.711,659,42,4
margin-first,176.50,3,1614.64,63.808,59.318,661,42,4
margin-first,177.00,3,1625.83,57.663,60.475,662,42,4
margin-first,177.50,3,1624.53,10.102,60.995,662,42,4
margin-first,178.00,3,1623.23,-2.383,60.122,662,42,4
margin-first,178.50,3,1621.93,-2.383,58.188,662,42,4
margin-first,179.00,3,1620.63,-2.383,56.878,662,42,4
margin-first,179.50,3,1619.33,-2.383,55.568,662,42,4
margin-first,180.00,3,1666.31,45.900,55.497,664,42,4
margin-first,180.50,3,1694.54,75.430,56.656,666,42,4
margin-first,181.00,3,1766.76,71.136,57.379,669,42,4
margin-first,181.50,3,1849.51,133.888,59.478,673,42,4
margin-first,182.00,3,1848.21,81.672,60.549,673,42,4
margin-first,182.50,3,1930.09,80.790,60.517,677,42,4
margin-first,183.00,3,1943.08,95.079,60.613,678,42,4
margin-first,183.50,3,2008.68,64.525,60.143,682,42,4
margin-first,184.00,3,2021.29,78.429,60.915,683,42,4
margin-first,184.50,3,2023.92,15.448,58.509,684,42,4
margin-first,185.00,3,2096.93,75.860,58.006,688,42,4
margin-first,185.50,3,2112.08,69.418,58.176,689,42,4
margin-first,186.00,3,2141.37,44.655,56.789,691,42,4
margin-first,186.50,3,2182.25,70.391,56.946,694,42,4
margin-first,187.00,3,2201.43,28.569,54.853,696,42,4
margin-first,187.50,3,2225.71,43.681,53.267,698,42,4
margin-first,188.00,3,2270.58,69.368,52.762,701,42,4
margin-first,188.50,3,2269.28,43.781,51.927,701,42,4
margin-first,189.00,3,2277.36,7.000,49.816,702,42,4
margin-first,189.50,3,2295.56,26.498,50.499,703,42,4
margin-first,190.00,3,2294.26,17.114,51.312,703,42,4
margin-first,190.50,3,2326.23,30.889,52.698,705,42,4
margin-first,191.00,3,2324.93,30.889,54.084,705,42,4
margin-first,191.50,3,2369.14,43.120,55.980,708,42,4
margin-first,192.00,3,2391.36,46.615,56.010,710,42,4
margin-first,192.50,3,2425.46,56.545,55.223,712,42,4
margin-first,193.00,3,2440.32,49.170,54.308,713,42,4
margin-first,193.50,3,2491.85,66.604,51.505,716,42,4
margin-first,194.00,3,2540.56,100.462,52.287,718,42,4
margin-first,194.50,3,2593.17,101.537,53.152,721,42,4
margin-first,195.00,3,2615.51,54.994,51.482,723,42,4
margin-first,195.50,3,2644.27,51.314,50.931,725,42,4
margin-first,196.00,3,2673.63,58.330,50.094,726,42,4
margin-first,196.50,3,2747.03,102.975,53.741,730,42,4
margin-first,197.00,3,2771.34,86.839,54.198,731,42,4
margin-first,197.50,3,2843.36,96.553,55.329,734,42,4
margin-first,198.00,3,2876.09,60.372,55.984,736,42,4
margin-first,198.50,3,2915.26,72.115,56.056,738,42,4
margin-first,199.00,3,2932.42,56.550,57.222,740,42,4
margin-first,199.50,3,2931.12,16.073,56.071,740,42,4
margin-first,200.00,3,2929.82,-2.383,53.082,740,42,4
margin-first,200.50,3,2955.41,24.506,52.278,742,42,4
margin-first,201.00,3,2965.81,36.209,53.496,743,42,4
margin-first,201.50,3,2964.51,-2.383,52.292,743,42,4
margin-first,202.00,3,2963.21,-2.383,51.480,743,42,4
margin-first,202.50,3,2961.91,-2.383,50.093,743,42,4
margin-first,203.00,3,2960.61,-2.383,48.707,743,42,4
margin-first,203.50,3,2969.26,7.568,47.226,744,42,4
margin-first,204.00,3,3002.58,42.183,47.041,746,42,4
margin-first,204.50,3,3054.71,64.714,47.381,749,42,4
margin-first,205.00,3,3068.82,51.637,47.484,750,42,4
margin-first,205.50,3,3159.19,89.287,48.429,754,42,4
margin-first,206.00,3,3157.89,89.287,47.964,754,42,4
margin-first,206.50,3,3223.07,64.098,46.404,758,42,4
margin-first,207.00,3,3221.77,64.098,46.783,758,42,4
margin-first,207.50,3,3294.86,72.004,47.645,762,42,4
margin-first,208.00,3,3315.28,93.728,49.120,763,42,4
margin-first,208.50,3,3344.81,50.166,46.920,765,42,4
margin-first,209.00,3,3371.86,56.799,45.668,768,42,4
margin-first,209.50,3,3370.56,14.271,42.240,768,42,4
margin-first,210.00,3,3451.80,80.154,43.064,772,42,4
margin-first,210.50,3,3465.45,72.231,43.069,773,42,4
margin-first,211.00,3,3525.17,73.586,43.778,777,42,4
margin-first,211.50,3,3523.87,51.881,45.270,777,42,4
margin-first,212.00,3,3587.95,62.994,47.995,781,42,4
margin-first,212.50,3,3612.34,88.685,50.669,783,42,4
margin-first,213.00,3,3611.04,23.308,50.131,783,42,4
margin-first,213.50,3,3609.74,-2.383,50.131,783,42,4
margin-first,214.00,3,3608.44,-2.383,50.131,783,42,4
margin-first,214.50,3,3607.14,-2.383,50.131,783,42,4
margin-first,215.00,3,3624.25,16.022,50.898,784,42,4
margin-first,215.50,3,3650.41,43.488,52.395,786,42,4
margin-first,216.00,3,3705.11,68.592,53.495,789,42,4
margin-first,216.50,3,3729.77,39.203,52.432,791,42,4
margin-first,217.00,3,3774.42,58.169,52.704,794,42,4
margin-first,217.50,3,3812.56,76.254,52.161,797,42,4
margin-first,218.00,3,3828.54,54.344,50.705,798,42,4
margin-first,218.50,3,3866.95,54.615,50.310,801,42,4
margin-first,219.00,3,3886.24,57.909,50.052,802,42,4
margin-first,219.50,3,3942.26,75.518,50.199,805,42,4
margin-first,220.00,3,3963.72,77.700,49.531,806,42,4
margin-first,220.50,3,4021.10,79.063,50.735,809,42,4
margin-first,221.00,3,4060.23,71.328,51.340,812,42,4
margin-first,221.50,3,4071.37,50.482,52.849,813,42,4
margin-first,222.00,3,4120.37,47.914,51.506,816,42,4
margin-first,222.50,3,4156.55,74.922,51.618,818,42,4
margin-first,223.00,3,4164.34,20.616,49.411,819,42,4
margin-first,223.50,3,4216.72,60.384,49.765,822,42,4
margin-first,224.00,3,4249.44,85.310,50.695,824,42,4
margin-first,224.50,3,4283.47,66.968,49.790,827,42,4
margin-first,225.00,3,4286.34,37.117,50.365,828,42,4
margin-first,225.50,3,4285.04,1.787,50.539,828,42,4
margin-first,226.00,3,4283.74,-2.383,50.539,828,42,4
margin-first,226.50,3,4282.44,-2.383,50.539,828,42,4
margin-first,227.00,3,4311.41,27.893,51.034,830,42,4
margin-first,227.50,3,4348.50,43.224,51.023,832,42,4
margin-first,228.00,3,4410.61,99.412,52.307,835,42,4
margin-first,228.50,3,4436.14,87.847,54.334,837,42,4
margin-first,229.00,3,4508.67,82.123,55.332,840,42,4
margin-first,229.50,3,4535.25,78.989,55.446,842,42,4
margin-first,230.00,3,4573.23,64.777,55.880,844,42,4
margin-first,230.50,3,4624.67,74.608,56.714,847,42,4
margin-first,231.00,3,4673.15,100.137,58.473,850,42,4
margin-first,231.50,3,4684.69,60.229,57.836,851,42,4
margin-first,232.00,3,4743.61,70.679,57.543,854,42,4
margin-first,232.50,3,4763.46,67.724,57.071,856,42,4
margin-first,233.00,3,4797.33,53.934,56.346,859,42,4
margin-first,233.50,3,4816.44,45.099,56.122,861,42,4
margin-first,234.00,3,4838.14,27.125,55.256,863,42,4
margin-first,234.50,3,4905.90,66.671,54.912,867,42,4
margin-first,235.00,3,4931.85,68.047,56.888,869,42,4
margin-first,235.50,3,4930.55,24.871,55.408,869,42,4
margin-first,236.00,3,4984.36,52.726,54.051,873,42,4
margin-first,236.50,3,5016.44,47.982,53.260,874,42,4
margin-first,237.00,3,5028.41,44.262,53.558,875,42,4
margin-first,237.50,3,5027.11,-2.383,53.384,875,42,4
margin-first,238.00,3,5041.43,13.242,54.035,876,42,4
margin-first,238.50,3,5060.56,33.669,55.537,877,42,4
margin-first,239.00,3,5059.26,18.044,55.127,877,42,4
margin-first,239.50,3,5136.12,75.782,56.483,881,42,4
margin-first,240.00,3,5134.82,58.127,54.763,881,42,4
margin-first,240.50,3,5209.33,73.429,54.162,886,42,4
margin-first,241.00,3,5208.03,37.714,52.312,886,42,4
margin-first,241.50,3,5265.21,56.092,51.358,890,42,4
margin-first,242.00,3,5289.31,67.946,51.490,891,42,4
margin-first,242.50,3,5350.33,85.333,51.937,894,42,4
margin-first,243.00,3,5413.77,99.305,51.902,897,42,4
margin-first,243.50,3,5451.39,101.282,53.613,900,42,4
margin-first,244.00,3,5462.53,48.973,52.708,901,42,4
margin-first,244.50,3,5518.56,67.382,52.694,905,42,4
margin-first,245.00,3,5527.44,65.134,53.161,906,42,4
margin-first,245.50,3,5556.73,38.384,52.881,909,42,4
margin-first,246.00,3,5598.52,50.445,53.853,911,42,4
margin-first,246.50,3,5632.03,55.485,53.386,913,42,4
margin-first,247.00,3,5680.71,82.403,53.985,916,42,4
margin-first,247.50,3,5699.97,68.158,55.788,917,42,4
margin-first,248.00,3,5727.96,47.470,55.569,919,42,4
margin-first,248.50,3,5756.96,43.548,55.384,921,42,4
margin-first,249.00,3,5776.09,31.594,54.857,922,42,4
margin-first,249.50,3,5820.23,63.480,57.601,924,42,4
margin-first,250.00,3,5818.93,17.649,57.784,924,42,4
margin-first,250.50,3,5876.70,56.685,58.743,927,42,4
margin-first,251.00,3,5875.40,56.685,60.354,927,42,4
margin-first,251.50,3,5899.56,23.081,58.158,928,42,4
margin-first,252.00,3,5952.91,77.734,58.975,931,42,4
margin-first,252.50,3,5968.19,68.851,58.784,932,42,4
margin-first,253.00,3,6039.24,69.961,60.128,935,42,4
margin-first,253.50,3,6082.33,114.350,62.555,937,42,4
margin-first,254.00,3,6113.15,51.323,61.862,940,42,4
margin-first,254.50,3,6124.33,42.223,60.066,941,42,4
margin-first,255.00,3,6153.27,27.856,57.089,943,42,4
margin-first,255.50,3,6197.34,60.497,55.390,946,42,4
margin-first,256.00,3,6236.09,46.226,55.275,949,42,4
margin-first,256.50,3,6311.51,114.389,57.234,953,42,4
margin-first,257.00,3,6325.41,30.690,55.799,954,42,4
margin-first,257.50,3,6400.69,89.394,57.924,958,42,4
margin-first,258.00,3,6416.38,91.185,59.622,959,42,4
margin-first,258.50,3,6464.34,46.879,59.263,962,42,4
margin-first,259.00,3,6493.70,77.535,59.060,963,42,4
margin-first,259.50,3,6513.35,18.567,56.994,964,42,4
margin-first,260.00,3,6551.99,58.507,57.454,966,42,4
margin-first,260.50,3,6550.69,11.983,56.138,966,42,4
margin-first,261.00,3,6578.98,27.208,55.956,968,42,4
margin-first,261.50,3,6577.68,27.208,54.444,968,42,4
margin-first,262.00,3,6576.38,-2.383,53.610,968,42,4
margin-first,262.50,3,6588.39,10.927,51.703,969,42,4
margin-first,263.00,3,6605.99,29.828,50.584,971,42,4
margin-first,263.50,3,6667.34,79.165,52.921,974,42,4
margin-first,264.00,3,6683.55,77.778,52.923,975,42,4
margin-first,264.50,3,6745.91,78.794,53.337,978,42,4
margin-first,265.00,3,6803.04,88.266,54.100,981,42,4
margin-first,265.50,3,6834.28,88.580,53.026,984,42,4
margin-first,266.00,3,6850.49,47.663,52.874,985,42,4
margin-first,266.50,3,6886.92,52.864,53.317,988,42,4
margin-first,267.00,3,6885.62,35.350,53.629,988,42,4
margin-first,267.50,3,6939.45,52.746,53.306,992,42,4
margin-first,268.00,3,6938.15,36.165,52.887,992,42,4
margin-first,268.50,3,6991.30,52.059,50.290,995,42,4
margin-first,269.00,3,7035.85,97.914,53.091,997,42,4
margin-first,269.50,3,7049.75,58.667,51.811,998,42,4
margin-first,270.00,3,7119.51,83.875,51.506,1002,42,4
margin-first,270.50,3,7135.35,65.764,52.293,1003,42,4
margin-first,271.00,3,7181.37,62.074,51.649,1006,42,4
margin-first,271.50,3,7224.44,63.570,53.524,1009,42,4
margin-first,272.00,3,7254.09,72.942,54.125,1011,42,4
margin-first,272.50,3,7252.79,28.570,54.816,1011,42,4
margin-first,273.00,3,7308.33,54.452,55.952,1013,42,4
margin-first,273.50,3,7307.03,31.689,56.138,1013,42,4
margin-first,274.00,3,7305.73,-2.383,56.138,1013,42,4
margin-first,274.50,3,7304.43,-2.383,55.584,1013,42,4
margin-first,275.00,3,7303.13,-2.383,54.242,1013,42,4
margin-first,275.50,3,7315.49,11.282,51.413,1014,42,4
margin-first,276.00,3,7327.03,24.120,49.177,1015,42,4
margin-first,276.50,3,7365.75,50.475,47.997,1018,42,4
margin-first,277.00,3,7401.16,67.594,47.136,1021,42,4
margin-first,277.50,3,7418.27,52.733,45.642,1022,42,4
margin-first,278.00,3,7453.47,52.521,45.845,1024,42,4
margin-first,278.50,3,7503.18,85.131,47.189,1027,42,4
margin-first,279.00,3,7533.83,64.431,48.401,1029,42,4
margin-first,279.50,3,7579.85,76.885,49.407,1032,42,4
margin-first,280.00,3,7591.91,58.292,50.329,1033,42,4
margin-first,280.50,3,7648.04,68.403,51.010,1036,42,4
margin-first,281.00,3,7670.98,79.288,50.234,1037,42,4
margin-first,281.50,3,7720.67,72.847,50.824,1040,42,4
margin-first,282.00,3,7751.25,80.491,50.683,1043,42,4
margin-first,282.50,3,7813.42,79.438,51.253,1046,42,4
margin-first,283.00,3,7825.38,74.346,51.765,1047,42,4
margin-first,283.50,3,7839.06,25.864,50.193,1048,42,4
margin-first,284.00,3,7892.20,67.029,49.947,1052,42,4
margin-first,284.50,3,7903.38,60.364,51.272,1053,42,4
margin-first,285.00,3,7902.08,10.102,49.424,1053,42,4
margin-first,285.50,3,7900.78,-2.383,48.004,1053,42,4
margin-first,286.00,3,7899.48,-2.383,48.004,1053,42,4
margin-first,286.50,3,7919.68,19.120,48.900,1054,42,4
margin-first,287.00,3,7918.38,19.120,49.796,1054,42,4
margin-first,287.50,3,7990.71,71.247,52.295,1057,42,4
margin-first,288.00,3,8021.75,103.583,55.606,1059,42,4
margin-first,288.50,3,8049.34,39.347,55.142,1061,42,4
margin-first,289.00,3,8086.10,35.677,53.812,1064,42,4
margin-first,289.50,3,8103.28,31.050,52.909,1065,42,4
margin-first,290.00,3,8115.65,11.282,51.190,1066,42,4
margin-first,290.50,3,8163.77,60.707,50.173,1069,42,4
margin-first,291.00,3,8162.47,7.352,47.794,1069,42,4
margin-first,291.50,3,8225.00,61.444,47.151,1072,42,4
margin-first,292.00,3,8251.81,89.556,48.454,1073,42,4
margin-first,292.50,3,8250.51,25.728,46.676,1073,42,4
margin-first,293.00,3,8316.62,65.021,46.081,1077,42,4
margin-first,293.50,3,8315.32,65.021,45.755,1077,42,4
margin-first,294.00,3,8344.53,28.126,43.573,1080,42,4
margin-first,294.50,3,8354.93,39.829,41.923,1081,42,4
margin-first,295.00,3,8353.63,9.320,39.213,1081,42,4
margin-first,295.50,3,8411.73,57.014,40.511,1084,42,4
margin-first,296.00,3,8410.43,57.014,40.094,1084,42,4
margin-first,296.50,3,8409.13,-2.383,37.479,1084,42,4
margin-first,297.00,3,8415.04,4.833,37.260,1085,42,4
margin-first,297.50,3,8413.74,4.833,37.561,1085,42,4
margin-first,298.00,3,8437.84,23.020,38.619,1086,42,4
margin-first,298.50,3,8436.54,23.020,38.782,1086,42,4
margin-first,299.00,3,8454.97,17.339,38.707,1087,42,4
margin-first,299.50,3,8516.27,79.941,39.070,1090,42,4
margin-first,300.00,3,8533.14,66.448,37.522,1091,42,4
margin-first,300.50,3,8567.14,51.087,38.012,1093,42,4
margin-first,301.00,3,8595.34,62.412,39.125,1095,42,4
margin-first,301.50,3,8636.04,69.114,40.712,1097,42,4
margin-first,302.00,3,8667.98,72.854,43.277,1099,42,4
margin-first,302.50,3,8696.82,60.997,43.289,1101,42,4
margin-first,303.00,3,8695.52,10.102,43.404,1101,42,4
margin-first,303.50,3,8747.74,51.139,42.974,1104,42,4
margin-first,304.00,3,8754.78,59.479,41.721,1105,42,4
margin-first,304.50,3,8753.48,5.956,40.897,1105,42,4
margin-first,305.00,3,8812.70,58.143,40.611,1108,42,4
margin-first,305.50,3,8811.40,58.143,40.324,1108,42,4
margin-first,306.00,3,8843.52,31.032,40.445,1111,42,4
margin-first,306.50,3,8863.69,45.748,40.692,1112,42,4
margin-first,307.00,3,8908.04,64.738,43.001,1114,42,4
margin-first,307.50,3,8929.80,66.329,43.389,1115,42,4
margin-first,308.00,3,8946.98,39.157,42.645,1116,42,4
margin-first,308.50,3,8945.68,-2.383,42.645,1116,42,4
margin-first,309.00,3,8975.62,28.853,43.646,1118,42,4
margin-first,309.50,3,8995.62,18.920,44.233,1119,42,4
margin-first,310.00,3,8994.32,-2.383,43.174,1119,42,4
margin-first,310.50,3,8993.02,-2.383,42.116,1119,42,4
margin-first,311.00,3,9032.01,37.901,42.973,1121,42,4
margin-first,311.50,3,9044.26,51.451,41.785,1122,42,4
margin-first,312.00,3,9124.31,78.976,42.307,1126,42,4
margin-first,312.50,3,9132.16,54.049,42.431,1127,42,4
margin-first,313.00,3,9130.86,6.762,40.112,1127,42,4
margin-first,313.50,3,9172.38,40.434,38.917,1130,42,4
margin-first,314.00,3,9177.58,46.940,37.837,1131,42,4
margin-first,314.50,3,9176.28,4.122,35.468,1131,42,4
margin-first,315.00,3,9214.14,36.771,36.579,1134,42,4
margin-first,315.50,3,9237.69,61.623,37.016,1135,42,4
margin-first,316.00,3,9236.39,22.469,35.474,1135,42,4
margin-first,316.50,3,9270.45,32.977,36.599,1138,42,4
margin-first,317.00,3,9269.15,32.977,35.551,1138,42,4
margin-first,317.50,3,9302.34,32.103,34.466,1140,42,4
margin-first,318.00,3,9339.11,70.174,36.097,1142,42,4
margin-first,318.50,3,9337.81,35.688,35.678,1142,42,4
margin-first,319.00,3,9384.63,45.737,34.886,1145,42,4
margin-first,319.50,3,9383.33,45.737,34.028,1145,42,4
margin-first,320.00,3,9382.03,-2.383,32.297,1145,42,4
margin-first,320.50,3,9402.45,19.341,33.202,1146,42,4
margin-first,321.00,3,9401.15,-2.383,31.901,1146,42,4
margin-first,321.50,3,9399.85,-2.383,31.013,1146,42,4
margin-first,322.00,3,9398.55,-2.383,31.013,1146,42,4
margin-first,322.50,3,9397.25,-2.383,31.013,1146,42,4
margin-first,323.00,3,9395.95,-2.383,29.335,1146,42,4
margin-first,323.50,3,9404.84,7.801,27.516,1147,42,4
margin-first,324.00,3,9465.54,69.802,27.134,1150,42,4
margin-first,324.50,3,9464.24,35.920,26.378,1150,42,4
margin-first,325.00,3,9502.73,37.413,27.655,1153,42,4
margin-first,325.50,3,9501.43,37.413,27.530,1153,42,4
margin-first,326.00,3,9510.32,7.801,25.899,1154,42,4
margin-first,326.50,3,9557.16,55.939,28.058,1157,42,4
margin-first,327.00,3,9576.37,59.757,29.016,1159,42,4
margin-first,327.50,3,9590.69,17.169,27.163,1160,42,4
margin-first,328.00,3,9645.01,68.863,29.096,1163,42,4
margin-first,328.50,3,9665.69,75.221,30.857,1165,42,4
margin-first,329.00,3,9707.33,62.531,32.088,1167,42,4
margin-first,329.50,3,9740.10,74.619,33.859,1168,42,4
margin-first,330.00,3,9753.40,46.291,32.864,1169,42,4
margin-first,330.50,3,9802.03,62.145,33.967,1171,42,4
margin-first,331.00,3,9850.12,65.493,34.790,1174,42,4
margin-first,331.50,3,9855.33,53.518,35.114,1175,42,4
margin-first,332.00,3,9888.02,38.120,36.802,1177,42,4
margin-first,332.50,3,9903.48,39.226,37.630,1178,42,4
margin-first,333.00,3,9902.18,-2.383,37.630,1178,42,4
margin-first,333.50,3,9964.04,60.779,40.262,1181,42,4
margin-first,334.00,3,9962.74,60.779,42.894,1181,42,4
margin-first,334.50,3,9961.44,-2.383,42.894,1181,42,4
margin-first,335.00,3,9960.14,-2.383,42.894,1181,42,4
margin-first,335.50,3,10026.95,65.723,45.307,1184,42,4
margin-first,336.00,3,10038.49,63.743,45.055,1185,42,4
margin-first,336.50,3,10064.30,37.566,45.123,1187,42,4
margin-first,337.00,3,10087.94,49.667,45.634,1188,42,4
margin-first,337.50,3,10123.81,34.784,45.524,1190,42,4
margin-first,338.00,3,10190.03,90.359,48.964,1194,42,4
margin-first,338.50,3,10188.73,65.138,49.348,1194,42,4
margin-first,339.00,3,10203.77,13.964,47.440,1195,42,4
margin-first,339.50,3,10245.76,57.249,49.110,1197,42,4
margin-first,340.00,3,10256.94,10.102,46.661,1198,42,4
margin-first,340.50,3,10307.26,49.232,45.578,1201,42,4
margin-first,341.00,3,10305.96,49.232,45.024,1201,42,4
margin-first,341.50,3,10334.36,27.321,43.053,1203,42,4
margin-first,342.00,3,10362.18,56.436,43.476,1205,42,4
margin-first,342.50,3,10368.10,20.458,41.739,1206,42,4
margin-first,343.00,3,10437.34,75.373,42.151,1209,42,4
margin-first,343.50,3,10436.04,68.157,42.761,1209,42,4
margin-first,344.00,3,10471.50,34.383,42.605,1212,42,4
margin-first,344.50,3,10470.20,34.383,42.403,1212,42,4
margin-first,345.00,3,10468.90,-2.383,42.403,1212,42,4
margin-first,345.50,3,10467.60,-2.383,39.771,1212,42,4
margin-first,346.00,3,10483.29,14.604,37.847,1213,42,4
margin-first,346.50,3,10494.29,9.922,38.360,1214,42,4
margin-first,347.00,3,10553.58,70.505,41.397,1217,42,4
margin-first,347.50,3,10571.77,35.595,40.142,1218,42,4
margin-first,348.00,3,10611.06,57.704,39.890,1220,42,4
margin-first,348.50,3,10629.97,44.123,40.163,1221,42,4
margin-first,349.00,3,10666.28,55.432,40.404,1224,42,4
margin-first,349.50,3,10664.98,35.227,40.422,1224,42,4
margin-first,350.00,3,10734.12,68.060,39.493,1227,42,4
margin-first,350.50,3,10750.11,85.346,40.335,1228,42,4
margin-first,351.00,3,10766.28,32.375,41.102,1229,42,4
margin-first,351.50,3,10764.98,15.088,39.345,1229,42,4
margin-first,352.00,3,10848.20,82.131,42.347,1232,42,4
margin-first,352.50,3,10846.90,82.131,43.717,1232,42,4
margin-first,353.00,3,10904.72,56.736,44.030,1235,42,4
margin-first,353.50,3,10903.42,56.736,45.256,1235,42,4
margin-first,354.00,3,10923.84,19.341,43.710,1236,42,4
margin-first,354.50,3,10961.34,58.137,45.280,1239,42,4
margin-first,355.00,3,10960.04,13.964,42.721,1239,42,4
margin-first,355.50,3,10985.20,24.081,40.885,1241,42,4
margin-first,356.00,3,11004.27,29.340,40.675,1242,42,4
margin-first,356.50,3,11044.66,59.674,41.729,1245,42,4
margin-first,357.00,3,11043.36,29.574,43.060,1245,42,4
margin-first,357.50,3,11042.06,-2.383,43.060,1245,42,4
margin-first,358.00,3,11049.10,5.956,42.700,1246,42,4
margin-first,358.50,3,11047.80,5.956,42.535,1246,42,4
margin-first,359.00,3,11074.56,25.682,40.667,1247,42,4
margin-first,359.50,3,11082.36,34.777,40.633,1248,42,4
margin-first,360.00,3,11109.58,35.231,39.697,1250,42,4
margin-first,360.50,3,11149.56,67.414,40.667,1252,42,4
margin-first,361.00,3,11183.01,63.218,40.991,1254,42,4
margin-first,361.50,3,11222.43,73.093,42.569,1256,42,4
margin-first,362.00,3,11221.13,38.343,41.331,1256,42,4
margin-first,362.50,3,11268.15,45.936,39.689,1259,42,4
margin-first,363.00,3,11276.00,55.081,40.635,1260,42,4
margin-first,363.50,3,11320.53,52.599,42.198,1263,42,4
margin-first,364.00,3,11335.58,59.802,41.268,1264,42,4
margin-first,364.50,3,11334.28,-2.383,37.746,1264,42,4
margin-first,365.00,3,11376.30,40.940,37.088,1267,42,4
margin-first,365.50,3,11405.66,71.596,37.707,1268,42,4
margin-first,366.00,3,11404.36,28.273,38.079,1268,42,4
margin-first,366.50,3,11442.42,36.972,37.197,1271,42,4
margin-first,367.00,3,11457.46,53.320,38.837,1272,42,4
margin-first,367.50,3,11456.16,-2.383,37.734,1272,42,4
margin-first,368.00,3,11508.99,51.743,38.668,1275,42,4
margin-first,368.50,3,11507.69,51.743,38.337,1275,42,4
margin-first,369.00,3,11506.39,-2.383,37.006,1275,42,4
margin-first,369.50,3,11534.79,27.313,38.243,1276,42,4
margin-first,370.00,3,11533.49,-2.383,37.896,1276,42,4
margin-first,370.50,3,11532.19,-2.383,37.548,1276,42,4
margin-first,371.00,3,11553.95,20.677,37.340,1277,42,4
margin-first,371.50,3,11552.65,20.677,36.752,1277,42,4
margin-first,372.00,3,11577.57,23.845,36.278,1279,42,4
margin-first,372.50,3,11619.40,60.466,35.988,1281,42,4
margin-first,373.00,3,11681.77,61.283,35.908,1284,42,4
margin-first,373.50,3,11696.09,76.908,36.067,1285,42,4
margin-first,374.00,3,11703.35,21.799,35.377,1286,42,4
margin-first,374.50,3,11749.03,53.153,35.678,1288,42,4
margin-first,375.00,3,11772.46,49.290,35.437,1289,42,4
margin-first,375.50,3,11800.73,27.193,34.378,1292,42,4
margin-first,376.00,3,11810.79,38.552,33.493,1293,42,4
margin-first,376.50,3,11844.50,43.979,35.424,1296,42,4
margin-first,377.00,3,11880.00,69.427,36.611,1297,42,4
margin-first,377.50,3,11948.22,103.943,37.959,1300,42,4
margin-first,378.00,3,11975.66,95.871,40.776,1301,42,4
margin-first,378.50,3,12018.61,70.603,42.177,1304,42,4
margin-first,379.00,3,12033.66,41.911,41.702,1305,42,4
margin-first,379.50,3,12080.58,62.191,44.392,1307,42,4
margin-first,380.00,3,12110.56,54.357,44.501,1309,42,4
margin-first,380.50,3,12109.26,-2.383,42.246,1309,42,4
margin-first,381.00,3,12117.69,7.352,42.652,1310,42,4
margin-first,381.50,3,12116.39,7.352,41.820,1310,42,4
margin-first,382.00,3,12115.09,-2.383,41.820,1310,42,4
margin-first,382.50,3,12113.79,-2.383,41.820,1310,42,4
margin-first,383.00,3,12143.15,28.270,42.136,1312,42,4
margin-first,383.50,3,12180.20,66.623,44.051,1314,42,4
margin-first,384.00,3,12201.78,39.125,44.687,1316,42,4
margin-first,384.50,3,245.58,65.598,44.901,1318,42,4
margin-first,385.00,4,226.28,27.313,43.486,1318,42,5
margin-first,385.50,4,276.44,101.072,44.493,1323,42,8
margin-first,386.00,4,104.20,142.089,49.505,1325,43,8
margin-first,386.50,4,101.63,45.620,49.191,1325,43,8
margin-first,387.00,4,99.06,-4.707,46.941,1325,43,8
margin-first,387.50,4,96.49,-4.707,45.612,1325,43,8
margin-first,388.00,4,179.77,81.137,47.386,1328,43,8
margin-first,388.50,4,213.50,63.307,48.192,1331,43,8
margin-first,389.00,4,271.64,92.301,49.145,1333,43,8
margin-first,389.50,4,269.08,56.000,47.147,1333,43,8
margin-first,390.00,4,266.51,-4.707,42.956,1333,43,8
margin-first,390.50,4,263.94,-4.707,39.818,1333,43,8
margin-first,391.00,4,261.37,-4.707,37.876,1333,43,8
margin-first,391.50,4,258.81,-4.707,35.088,1333,43,8
margin-first,392.00,4,271.50,10.551,33.263,1334,43,8
margin-first,392.50,4,268.93,10.551,33.802,1334,43,8
margin-first,393.00,4,294.29,23.224,34.463,1335,43,8
margin-first,393.50,4,307.84,39.340,35.796,1336,43,8
margin-first,394.00,4,305.27,11.409,36.371,1336,43,8
margin-first,394.50,4,302.71,-4.707,36.274,1336,43,8
margin-first,395.00,4,300.14,-4.707,34.900,1336,43,8
margin-first,395.50,4,297.57,-4.707,31.928,1336,43,8
margin-first,396.00,4,311.58,11.874,30.793,1337,43,8
margin-first,396.50,4,309.02,11.874,28.554,1337,43,8
margin-first,397.00,4,306.45,-4.707,27.220,1337,43,8
margin-first,397.50,4,336.24,27.653,24.161,1338,43,8
margin-first,398.00,4,333.67,27.653,19.393,1338,43,8
margin-first,398.50,4,418.34,82.529,20.930,1342,43,8
margin-first,399.00,4,460.98,127.735,26.449,1344,43,8
margin-first,399.50,4,458.41,40.499,28.332,1344,43,8
margin-first,400.00,4,477.41,16.859,25.654,1345,43,8
margin-first,400.50,4,129.71,155.728,29.505,1350,44,8
margin-first,401.00,4,127.15,134.162,31.249,1350,44,8
margin-first,401.50,4,124.58,-4.707,28.720,1350,44,8
margin-first,402.00,4,122.01,-4.707,28.720,1350,44,8
margin-first,402.50,4,119.44,-4.707,28.720,1350,44,8
margin-first,403.00,4,135.90,14.313,29.512,1351,44,8
margin-first,403.50,4,216.55,97.538,33.773,1353,44,8
margin-first,404.00,4,213.99,78.519,36.605,1353,44,8
margin-first,404.50,4,280.82,64.693,38.860,1356,44,8
margin-first,405.00,4,278.25,64.693,40.588,1356,44,8
margin-first,405.50,4,275.68,-4.707,38.753,1356,44,8
margin-first,406.00,4,317.17,39.351,39.917,1357,44,8
margin-first,406.50,4,314.61,39.351,41.753,1357,44,8
margin-first,407.00,4,312.04,-4.707,41.753,1357,44,8
margin-first,407.50,4,327.14,12.964,42.489,1358,44,8
margin-first,408.00,4,346.21,34.602,43.436,1359,44,8
margin-first,408.50,4,505.78,157.431,49.501,1364,44,8
margin-first,409.00,4,503.22,134.623,55.307,1364,44,8
margin-first,409.50,4,500.65,-4.707,53.958,1364,44,8
margin-first,410.00,4,498.08,-4.707,52.610,1364,44,8
margin-first,410.50,4,495.51,-4.707,48.975,1364,44,8
margin-first,411.00,4,492.95,-4.707,43.457,1364,44,8
margin-first,411.50,4,502.53,7.440,42.079,1365,44,8
margin-first,412.00,4,499.96,7.440,41.687,1365,44,8
margin-first,412.50,4,497.39,-4.707,35.002,1365,44,8
margin-first,413.00,4,494.82,-4.707,29.216,1365,44,8
margin-first,413.50,4,492.26,-4.707,29.216,1365,44,8
margin-first,414.00,4,489.69,-4.707,29.216,1365,44,8
margin-first,414.50,4,487.12,-4.707,29.216,1365,44,8
margin-first,415.00,4,501.79,12.530,29.142,1366,44,8
margin-first,415.50,4,585.41,98.712,29.190,1370,44,8
margin-first,416.00,4,633.76,92.990,29.793,1373,44,8
margin-first,416.50,4,649.72,64.746,29.796,1374,44,8
margin-first,417.00,4,647.16,-4.707,26.904,1374,44,8
margin-first,417.50,4,644.59,-4.707,26.904,1374,44,8
margin-first,418.00,4,642.02,-4.707,25.068,1374,44,8
margin-first,418.50,4,639.45,-4.707,23.233,1374,44,8
margin-first,419.00,4,636.89,-4.707,23.233,1374,44,8
margin-first,419.50,4,664.10,25.076,23.737,1375,44,8
margin-first,420.00,4,725.16,88.698,25.991,1378,44,8
margin-first,420.50,4,740.10,76.429,22.616,1379,44,8
margin-first,421.00,4,787.04,44.799,18.873,1381,44,8
margin-first,421.50,4,808.72,69.043,21.946,1382,44,8
margin-first,422.00,4,87.12,70.508,25.080,1384,45,8
margin-first,422.50,4,133.06,76.702,28.472,1386,45,8
margin-first,423.00,4,162.96,76.264,31.846,1388,45,8
margin-first,423.50,4,160.39,1.344,31.592,1388,45,8
margin-first,424.00,4,208.38,45.846,33.192,1391,45,8
margin-first,424.50,4,205.81,33.900,34.801,1391,45,8
margin-first,425.00,4,117.19,129.238,40.382,1394,46,8
margin-first,425.50,4,127.63,116.173,45.419,1395,46,8
margin-first,426.00,4,125.06,-4.707,45.419,1395,46,8
margin-first,426.50,4,122.49,-4.707,45.419,1395,46,8
margin-first,427.00,4,119.93,-4.707,44.700,1395,46,8
margin-first,427.50,4,133.71,11.642,41.073,1396,46,8
margin-first,428.00,4,169.91,50.413,39.298,1398,46,8
margin-first,428.50,4,167.34,9.573,37.000,1398,46,8
margin-first,429.00,4,210.64,41.151,38.910,1400,46,8
margin-first,429.50,4,230.58,63.665,41.759,1401,46,8
margin-first,430.00,4,256.05,45.845,43.866,1402,46,8
margin-first,430.50,4,302.00,71.849,47.055,1403,46,8
margin-first,431.00,4,299.43,-4.707,47.055,1403,46,8
margin-first,431.50,4,296.87,-4.707,45.814,1403,46,8
margin-first,432.00,4,294.30,-4.707,41.923,1403,46,8
margin-first,432.50,4,344.75,48.315,40.751,1406,46,8
margin-first,433.00,4,342.19,48.315,40.898,1406,46,8
margin-first,433.50,4,339.62,-4.707,37.825,1406,46,8
margin-first,434.00,4,337.05,-4.707,34.691,1406,46,8
margin-first,434.50,4,334.48,-4.707,31.299,1406,46,8
margin-first,435.00,4,331.92,-4.707,27.925,1406,46,8
margin-first,435.50,4,329.35,-4.707,27.673,1406,46,8
margin-first,436.00,4,326.78,-4.707,25.566,1406,46,8
margin-first,436.50,4,324.21,-4.707,23.958,1406,46,8
margin-first,437.00,4,321.65,-4.707,18.377,1406,46,8
margin-first,437.50,4,319.08,-4.707,13.340,1406,46,8
margin-first,438.00,4,316.51,-4.707,13.340,1406,46,8
margin-first,438.50,4,313.94,-4.707,13.340,1406,46,8
margin-first,439.00,4,311.38,-4.707,13.340,1406,46,8
margin-first,439.50,4,308.81,-4.707,12.659,1406,46,8
margin-first,440.00,4,306.24,-4.707,10.362,1406,46,8
margin-first,440.50,4,303.67,-4.707,9.767,1406,46,8
margin-first,441.00,4,301.11,-4.707,7.856,1406,46,8
margin-first,441.50,4,298.54,-4.707,5.008,1406,46,8
margin-first,442.00,4,295.97,-4.707,2.901,1406,46,8
margin-first,442.50,4,293.40,-4.707,-0.289,1406,46,8
margin-first,443.00,4,290.84,-4.707,-0.289,1406,46,8
margin-first,443.50,4,288.27,-4.707,-0.289,1406,46,8
margin-first,444.00,4,285.70,-4.707,-0.289,1406,46,8
margin-first,444.50,4,283.13,-4.707,-2.498,1406,46,8
margin-first,445.00,4,280.57,-4.707,-4.707,1406,46,8
margin-first,445.50,4,278.00,-4.707,-4.707,1406,46,8
margin-first,446.00,4,275.43,-4.707,-4.707,1406,46,8
margin-first,446.50,4,272.86,-4.707,-4.707,1406,46,8
margin-first,447.00,4,270.30,-4.707,-4.707,1406,46,8
margin-first,447.50,4,267.73,-4.707,-4.707,1406,46,8
margin-first,448.00,4,265.16,-4.707,-4.707,1406,46,8
margin-first,448.50,4,262.59,-4.707,-4.707,1406,46,8
margin-first,449.00,4,260.03,-4.707,-4.707,1406,46,8
margin-first,449.50,4,257.46,-4.707,-4.707,1406,46,8
margin-first,450.00,4,254.89,-4.707,-4.707,1406,46,8
margin-first,450.50,4,252.32,-4.707,-4.707,1406,46,8
margin-first,451.00,4,249.76,-4.707,-4.707,1406,46,8
margin-first,451.50,4,247.19,-4.707,-4.707,1406,46,8
margin-first,452.00,4,244.62,-4.707,-4.707,1406,46,8
margin-first,452.50,4,242.05,-4.707,-4.707,1406,46,8
margin-first,453.00,4,239.49,-4.707,-4.707,1406,46,8
margin-first,453.50,4,236.92,-4.707,-4.707,1406,46,8
margin-first,454.00,4,234.35,-4.707,-4.707,1406,46,8
margin-first,454.50,4,231.78,-4.707,-4.707,1406,46,8
margin-first,455.00,4,229.22,-4.707,-4.707,1406,46,8
margin-first,455.50,4,226.65,-4.707,-4.707,1406,46,8
margin-first,456.00,4,224.08,-4.707,-4.707,1406,46,8
margin-first,456.50,4,221.51,-4.707,-4.707,1406,46,8
margin-first,457.00,4,218.95,-4.707,-4.707,1406,46,8
margin-first,457.50,4,216.38,-4.707,-4.707,1406,46,8
margin-first,458.00,4,213.81,-4.707,-4.707,1406,46,8
margin-first,458.50,4,211.24,-4.707,-4.707,1406,46,8
margin-first,459.00,4,208.68,-4.707,-4.707,1406,46,8
margin-first,459.50,4,206.11,-4.707,-4.707,1406,46,8
margin-first,460.00,4,203.54,-4.707,-4.707,1406,46,8
margin-first,460.50,4,200.97,-4.707,-4.707,1406,46,8
margin-first,461.00,4,198.41,-4.707,-4.707,1406,46,8
margin-first,461.50,4,195.84,-4.707,-4.707,1406,46,8
margin-first,462.00,4,193.27,-4.707,-4.707,1406,46,8
margin-first,462.50,4,190.70,-4.707,-4.707,1406,46,8
margin-first,463.00,4,188.14,-4.707,-4.707,1406,46,8
margin-first,463.50,4,185.57,-4.707,-4.707,1406,46,8
margin-first,464.00,4,183.00,-4.707,-4.707,1406,46,8
margin-first,464.50,4,180.43,-4.707,-4.707,1406,46,8
margin-first,465.00,4,177.87,-4.707,-4.707,1406,46,8
margin-first,465.50,4,175.30,-4.707,-4.707,1406,46,8
margin-first,466.00,4,172.73,-4.707,-4.707,1406,46,8
margin-first,466.50,4,170.16,-4.707,-4.707,1406,46,8
margin-first,467.00,4,167.60,-4.707,-4.707,1406,46,8
margin-first,467.50,4,165.03,-4.707,-4.707,1406,46,8
margin-first,468.00,4,162.46,-4.707,-4.707,1406,46,8
margin-first,468.50,4,159.89,-4.707,-4.707,1406,46,8
margin-first,469.00,4,157.33,-4.707,-4.707,1406,46,8
margin-first,469.50,4,154.76,-4.707,-4.707,1406,46,8
margin-first,470.00,4,152.19,-4.707,-4.707,1406,46,8
margin-first,470.50,4,149.62,-4.707,-4.707,1406,46,8
margin-first,471.00,4,147.06,-4.707,-4.707,1406,46,8
margin-first,471.50,4,144.49,-4.707,-4.707,1406,46,8
margin-first,472.00,4,141.92,-4.707,-4.707,1406,46,8
margin-first,472.50,4,139.35,-4.707,-4.707,1406,46,8
margin-first,473.00,4,136.79,-4.707,-4.707,1406,46,8
margin-first,473.50,4,134.22,-4.707,-4.707,1406,46,8
margin-first,474.00,4,131.65,-4.707,-4.707,1406,46,8
margin-first,474.50,4,129.08,-4.707,-4.707,1406,46,8
margin-first,475.00,4,126.52,-4.707,-4.707,1406,46,8
margin-first,475.50,4,123.95,-4.707,-4.707,1406,46,8
margin-first,476.00,4,121.38,-4.707,-4.707,1406,46,8
margin-first,476.50,4,118.81,-4.707,-4.707,1406,46,8
margin-first,477.00,4,116.25,-4.707,-4.707,1406,46,8
margin-first,477.50,4,113.68,-4.707,-4.707,1406,46,8
margin-first,478.00,4,111.11,-4.707,-4.707,1406,46,8
margin-first,478.50,4,108.54,-4.707,-4.707,1406,46,8
margin-first,479.00,4,105.98,-4.707,-4.707,1406,46,8
margin-first,479.50,4,103.41,-4.707,-4.707,1406,46,8
margin-first,480.00,4,100.84,-4.707,-4.707,1406,46,8
margin-first,480.50,4,98.27,-4.707,-4.707,1406,46,8
margin-first,481.00,4,95.71,-4.707,-4.707,1406,46,8
margin-first,481.50,4,93.14,-4.707,-4.707,1406,46,8
margin-first,482.00,4,90.57,-4.707,-4.707,1406,46,8
margin-first,482.50,4,88.00,-4.707,-4.707,1406,46,8
margin-first,483.00,4,85.44,-4.707,-4.707,1406,46,8
margin-first,483.50,4,82.87,-4.707,-4.707,1406,46,8
margin-first,484.00,4,80.30,-4.707,-4.707,1406,46,8
margin-first,484.50,4,77.73,-4.707,-4.707,1406,46,8
margin-first,485.00,4,75.17,-4.707,-4.707,1406,46,8
margin-first,485.50,4,72.60,-4.707,-4.707,1406,46,8
margin-first,486.00,4,70.03,-4.707,-4.707,1406,46,8
margin-first,486.50,4,67.46,-4.707,-4.707,1406,46,8
margin-first,487.00,4,64.90,-4.707,-4.707,1406,46,8
margin-first,487.50,4,62.33,-4.707,-4.707,1406,46,8
margin-first,488.00,4,59.76,-4.707,-4.707,1406,46,8
margin-first,488.50,4,57.19,-4.707,-4.707,1406,46,8
margin-first,489.00,4,54.63,-4.707,-4.707,1406,46,8
margin-first,489.50,4,52.06,-4.707,-4.707,1406,46,8
margin-first,490.00,4,49.49,-4.707,-4.707,1406,46,8
margin-first,490.50,4,46.92,-4.707,-4.707,1406,46,8
margin-first,491.00,4,44.36,-4.707,-4.707,1406,46,8
margin-first,491.50,4,41.79,-4.707,-4.707,1406,46,8
margin-first,492.00,4,39.22,-4.707,-4.707,1406,46,8
margin-first,492.50,4,36.65,-4.707,-4.707,1406,46,8
margin-first,493.00,4,34.09,-4.707,-4.707,1406,46,8
margin-first,493.50,4,31.52,-4.707,-4.707,1406,46,8
margin-first,494.00,4,28.95,-4.707,-4.707,1406,46,8
margin-first,494.50,4,26.38,-4.707,-4.707,1406,46,8
margin-first,495.00,4,23.82,-4.707,-4.707,1406,46,8
margin-first,495.50,4,21.25,-4.707,-4.707,1406,46,8
margin-first,496.00,4,18.68,-4.707,-4.707,1406,46,8
margin-first,496.50,4,16.11,-4.707,-4.707,1406,46,8
margin-first,497.00,4,13.55,-4.707,-4.707,1406,46,8
margin-first,497.50,4,10.98,-4.707,-4.707,1406,46,8
margin-first,498.00,4,8.41,-4.707,-4.707,1406,46,8
margin-first,498.50,4,5.84,-4.707,-4.707,1406,46,8
margin-first,499.00,4,3.28,-4.707,-4.707,1406,46,8
margin-first,499.50,4,0.71,-4.707,-4.707,1406,46,8
margin-first,500.00,4,0.00,-2.848,-4.630,1406,46,8
margin-first,500.50,4,0.00,-0.281,-4.445,1406,46,8
margin-first,501.00,4,0.00,0.000,-4.249,1406,46,8
margin-first,501.50,4,0.00,0.000,-4.053,1406,46,8
margin-first,502.00,4,0.00,0.000,-3.857,1406,46,8
margin-first,502.50,4,0.00,0.000,-3.661,1406,46,8
margin-first,503.00,4,0.00,0.000,-3.465,1406,46,2
margin-first,503.50,4,0.00,0.000,-3.268,1406,46,0
margin-first,504.00,4,0.00,0.000,-3.072,1406,46,0
margin-first,504.50,4,0.00,0.000,-2.876,1406,46,0
margin-first,505.00,4,0.00,0.000,-2.680,1406,46,0
margin-first,505.50,4,0.00,0.000,-2.484,1406,46,0
margin-first,506.00,4,0.00,0.000,-2.288,1406,46,0
margin-first,506.50,4,0.00,0.000,-2.092,1406,46,0
margin-first,507.00,4,0.00,0.000,-1.896,1406,46,0
margin-first,507.50,4,0.00,0.000,-1.699,1406,46,0
margin-first,508.00,4,0.00,0.000,-1.503,1406,46,0
margin-first,508.50,4,0.00,0.000,-1.307,1406,46,0
margin-first,509.00,4,0.00,0.000,-1.111,1406,46,0
margin-first,509.50,4,0.00,0.000,-0.915,1406,46,0
margin-first,510.00,4,0.00,0.000,-0.719,1406,46,0
margin-first,510.50,4,0.00,0.000,-0.523,1406,46,0
margin-first,511.00,4,0.00,0.000,-0.327,1406,46,0
margin-first,511.50,4,0.00,0.000,-0.130,1406,46,0
margin-first,512.00,4,0.00,0.000,-0.012,1406,46,0
margin-first,512.50,4,0.00,0.000,0.000,1406,46,0
margin-first,513.00,4,0.00,0.000,0.000,1406,46,0
margin-first,513.50,4,0.00,0.000,0.000,1406,46,0
margin-first,514.00,4,0.00,0.000,0.000,1406,46,0
margin-first,514.50,4,0.00,0.000,0.000,1406,46,0
margin-first,515.00,4,0.00,0.000,0.000,1406,46,0
margin-first,515.50,4,0.00,0.000,0.000,1406,46,0
margin-first,516.00,4,0.00,0.000,0.000,1406,46,0
margin-first,516.50,4,0.00,0.000,0.000,1406,46,0
margin-first,517.00,4,0.00,0.000,0.000,1406,46,0
margin-first,517.50,4,0.00,0.000,0.000,1406,46,0
margin-first,518.00,4,0.00,0.000,0.000,1406,46,0
margin-first,518.50,4,0.00,0.000,0.000,1406,46,0
margin-first,519.00,4,0.00,0.000,0.000,1406,46,0
margin-first,519.50,4,0.00,0.000,0.000,1406,46,0
margin-first,520.00,4,0.00,0.000,0.000,1406,46,0
margin-first,520.50,4,0.00,0.000,0.000,1406,46,0
margin-first,521.00,4,0.00,0.000,0.000,1406,46,0
margin-first,521.50,4,0.00,0.000,0.000,1406,46,0
margin-first,522.00,4,0.00,0.000,0.000,1406,46,0
margin-first,522.50,4,0.00,0.000,0.000,1406,46,0
margin-first,523.00,4,0.00,0.000,0.000,1406,46,0
margin-first,523.50,4,0.00,0.000,0.000,1406,46,0
margin-first,524.00,4,0.00,0.000,0.000,1406,46,0
margin-first,524.50,4,0.00,0.000,0.000,1406,46,0
margin-first,525.00,4,0.00,0.000,0.000,1406,46,0
margin-first,525.50,4,0.00,0.000,0.000,1406,46,0
margin-first,526.00,4,0.00,0.000,0.000,1406,46,0
margin-first,526.50,4,0.00,0.000,0.000,1406,46,0
margin-first,527.00,4,0.00,0.000,0.000,1406,46,0
margin-first,527.50,4,0.00,0.000,0.000,1406,46,0
margin-first,528.00,4,0.00,0.000,0.000,1406,46,0
margin-first,528.50,4,0.00,0.000,0.000,1406,46,0
margin-first,529.00,4,0.00,0.000,0.000,1406,46,0
margin-first,529.50,4,0.00,0.000,0.000,1406,46,0
margin-first,530.00,4,0.00,0.000,0.000,1406,46,0
margin-first,530.50,4,0.00,0.000,0.000,1406,46,0
margin-first,531.00,4,0.00,0.000,0.000,1406,46,0
margin-first,531.50,4,0.00,0.000,0.000,1406,46,0
margin-first,532.00,4,0.00,0.000,0.000,1406,46,0
margin-first,532.50,4,0.00,0.000,0.000,1406,46,0
margin-first,533.00,4,0.00,0.000,0.000,1406,46,0
margin-first,533.50,4,0.00,0.000,0.000,1406,46,0
margin-first,534.00,4,0.00,0.000,0.000,1406,46,0
margin-first,534.50,4,0.00,0.000,0.000,1406,46,0
margin-first,535.00,4,0.00,0.000,0.000,1406,46,0
margin-first,535.50,4,0.00,0.000,0.000,1406,46,0
margin-first,536.00,4,0.00,0.000,0.000,1406,46,0
margin-first,536.50,4,0.00,0.000,0.000,1406,46,0
margin-first,537.00,4,0.00,0.000,0.000,1406,46,0
margin-first,537.50,4,0.00,0.000,0.000,1406,46,0
margin-first,538.00,4,0.00,0.000,0.000,1406,46,0
margin-first,538.50,4,0.00,0.000,0.000,1406,46,0
margin-first,539.00,4,0.00,0.000,0.000,1406,46,0
margin-first,539.50,4,0.00,0.000,0.000,1406,46,0
margin-first,540.00,4,0.00,0.000,0.000,1406,46,0
margin-first,540.50,4,0.00,0.000,0.000,1406,46,0
margin-first,541.00,4,0.00,0.000,0.000,1406,46,0
margin-first,541.50,4,0.00,0.000,0.000,1406,46,0
margin-first,542.00,4,0.00,0.000,0.000,1406,46,0
margin-first,542.50,4,0.00,0.000,0.000,1406,46,0
margin-first,543.00,4,0.00,0.000,0.000,1406,46,0
margin-first,543.50,4,0.00,0.000,0.000,1406,46,0
margin-first,544.00,4,0.00,0.000,0.000,1406,46,0
margin-first,544.50,4,0.00,0.000,0.000,1406,46,0
margin-first,545.00,4,0.00,0.000,0.000,1406,46,0
margin-first,545.50,4,0.00,0.000,0.000,1406,46,0
margin-first,546.00,4,0.00,0.000,0.000,1406,46,0
margin-first,546.50,4,0.00,0.000,0.000,1406,46,0
margin-first,547.00,4,0.00,0.000,0.000,1406,46,0
margin-first,547.50,4,0.00,0.000,0.000,1406,46,0
margin-first,548.00,4,0.00,0.000,0.000,1406,46,0
margin-first,548.50,4,0.00,0.000,0.000,1406,46,0
margin-first,549.00,4,0.00,0.000,0.000,1406,46,0
margin-first,549.50,4,0.00,0.000,0.000,1406,46,0
margin-first,550.00,4,0.00,0.000,0.000,1406,46,0
margin-first,550.50,4,0.00,0.000,0.000,1406,46,0
margin-first,551.00,4,0.00,0.000,0.000,1406,46,0
margin-first,551.50,4,0.00,0.000,0.000,1406,46,0
margin-first,552.00,4,0.00,0.000,0.000,1406,46,0
margin-first,552.50,4,0.00,0.000,0.000,1406,46,0
margin-first,553.00,4,0.00,0.000,0.000,1406,46,0
margin-first,553.50,4,0.00,0.000,0.000,1406,46,0
margin-first,554.00,4,0.00,0.000,0.000,1406,46,0
margin-first,554.50,4,0.00,0.000,0.000,1406,46,0
margin-first,555.00,4,0.00,0.000,0.000,1406,46,0
margin-first,555.50,4,0.00,0.000,0.000,1406,46,0
margin-first,556.00,4,0.00,0.000,0.000,1406,46,0
margin-first,556.50,4,0.00,0.000,0.000,1406,46,0
margin-first,557.00,4,0.00,0.000,0.000,1406,46,0
margin-first,557.50,4,0.00,0.000,0.000,1406,46,0
margin-first,558.00,4,0.00,0.000,0.000,1406,46,0
margin-first,558.50,4,0.00,0.000,0.000,1406,46,0
margin-first,559.00,4,0.00,0.000,0.000,1406,46,0
margin-first,559.50,4,0.00,0.000,0.000,1406,46,0
margin-first,560.00,4,0.00,0.000,0.000,1406,46,0
margin-first,560.50,4,0.00,0.000,0.000,1406,46,0
margin-first,561.00,4,0.00,0.000,0.000,1406,46,0
margin-first,561.50,4,0.00,0.000,0.000,1406,46,0
margin-first,562.00,4,0.00,0.000,0.000,1406,46,0
margin-first,562.50,4,0.00,0.000,0.000,1406,46,0
margin-first,563.00,4,0.00,0.000,0.000,1406,46,0
margin-first,563.50,4,0.00,0.000,0.000,1406,46,0
margin-first,564.00,4,0.00,0.000,0.000,1406,46,0
margin-first,564.50,4,0.00,0.000,0.000,1406,46,0
margin-first,565.00,4,0.00,0.000,0.000,1406,46,0
margin-first,565.50,4,0.00,0.000,0.000,1406,46,0
margin-first,566.00,4,0.00,0.000,0.000,1406,46,0
margin-first,566.50,4,0.00,0.000,0.000,1406,46,0
margin-first,567.00,4,0.00,0.000,0.000,1406,46,0
margin-first,567.50,4,0.00,0.000,0.000,1406,46,0
margin-first,568.00,4,0.00,0.000,0.000,1406,46,0
margin-first,568.50,4,0.00,0.000,0.000,1406,46,0
margin-first,569.00,4,0.00,0.000,0.000,1406,46,0
margin-first,569.50,4,0.00,0.000,0.000,1406,46,0
margin-first,570.00,4,0.00,0.000,0.000,1406,46,0
margin-first,570.50,4,0.00,0.000,0.000,1406,46,0
margin-first,571.00,4,0.00,0.000,0.000,1406,46,0
margin-first,571.50,4,0.00,0.000,0.000,1406,46,0
margin-first,572.00,4,0.00,0.000,0.000,1406,46,0
margin-first,572.50,4,0.00,0.000,0.000,1406,46,0
margin-first,573.00,4,0.00,0.000,0.000,1406,46,0
margin-first,573.50,4,0.00,0.000,0.000,1406,46,0
margin-first,574.00,4,0.00,0.000,0.000,1406,46,0
margin-first,574.50,4,0.00,0.000,0.000,1406,46,0
margin-first,575.00,4,0.00,0.000,0.000,1406,46,0
margin-first,575.50,4,0.00,0.000,0.000,1406,46,0
margin-first,576.00,4,0.00,0.000,0.000,1406,46,0
margin-first,576.50,4,0.00,0.000,0.000,1406,46,0
margin-first,577.00,4,0.00,0.000,0.000,1406,46,0
margin-first,577.50,4,0.00,0.000,0.000,1406,46,0
margin-first,578.00,4,0.00,0.000,0.000,1406,46,0
margin-first,578.50,4,0.00,0.000,0.000,1406,46,0
margin-first,579.00,4,0.00,0.000,0.000,1406,46,0
margin-first,579.50,4,0.00,0.000,0.000,1406,46,0
margin-first,580.00,4,0.00,0.000,0.000,1406,46,0
margin-first,580.50,4,0.00,0.000,0.000,1406,46,0
margin-first,581.00,4,0.00,0.000,0.000,1406,46,0
margin-first,581.50,4,0.00,0.000,0.000,1406,46,0
margin-first,582.00,4,0.00,0.000,0.000,1406,46,0
margin-first,582.50,4,0.00,0.000,0.000,1406,46,0
margin-first,583.00,4,0.00,0.000,0.000,1406,46,0
margin-first,583.50,4,0.00,0.000,0.000,1406,46,0
margin-first,584.00,4,0.00,0.000,0.000,1406,46,0
margin-first,584.50,4,0.00,0.000,0.000,1406,46,0
margin-first,585.00,4,0.00,0.000,0.000,1406,46,0
margin-first,585.50,4,0.00,0.000,0.000,1406,46,0
margin-first,586.00,4,0.00,0.000,0.000,1406,46,0
margin-first,586.50,4,0.00,0.000,0.000,1406,46,0
margin-first,587.00,4,0.00,0.000,0.000,1406,46,0
margin-first,587.50,4,0.00,0.000,0.000,1406,46,0
margin-first,588.00,4,0.00,0.000,0.000,1406,46,0
margin-first,588.50,4,0.00,0.000,0.000,1406,46,0
margin-first,589.00,4,0.00,0.000,0.000,1406,46,0
margin-first,589.50,4,0.00,0.000,0.000,1406,46,0
margin-first,590.00,4,0.00,0.000,0.000,1406,46,0
margin-first,590.50,4,0.00,0.000,0.000,1406,46,0
margin-first,591.00,4,0.00,0.000,0.000,1406,46,0
margin-first,591.50,4,0.00,0.000,0.000,1406,46,0
margin-first,592.00,4,0.00,0.000,0.000,1406,46,0
margin-first,592.50,4,0.00,0.000,0.000,1406,46,0
margin-first,593.00,4,0.00,0.000,0.000,1406,46,0
margin-first,593.50,4,0.00,0.000,0.000,1406,46,0
margin-first,594.00,4,0.00,0.000,0.000,1406,46,0
margin-first,594.50,4,0.00,0.000,0.000,1406,46,0
margin-first,595.00,4,0.00,0.000,0.000,1406,46,0
margin-first,595.50,4,0.00,0.000,0.000,1406,46,0
margin-first,596.00,4,0.00,0.000,0.000,1406,46,0
margin-first,596.50,4,0.00,0.000,0.000,1406,46,0
margin-first,597.00,4,0.00,0.000,0.000,1406,46,0
margin-first,597.50,4,0.00,0.000,0.000,1406,46,0
margin-first,598.00,4,0.00,0.000,0.000,1406,46,0
margin-first,598.50,4,0.00,0.000,0.000,1406,46,0
margin-first,599.00,4,0.00,0.000,0.000,1406,46,0
margin-first,599.50,4,0.00,0.000,0.000,1406,46,0
margin-first,600.00,4,0.00,0.000,0.000,1406,46,0
margin-first,600.50,4,0.00,0.000,0.000,1406,46,0
margin-first,601.00,4,0.00,0.000,0.000,1406,46,0
margin-first,601.50,4,0.00,0.000,0.000,1406,46,0
margin-first,602.00,4,0.00,0.000,0.000,1406,46,0
margin-first,602.50,4,0.00,0.000,0.000,1406,46,0
margin-first,603.00,4,0.00,0.000,0.000,1406,46,0
margin-first,603.50,4,0.00,0.000,0.000,1406,46,0
margin-first,604.00,4,0.00,0.000,0.000,1406,46,0
margin-first,604.50,4,0.00,0.000,0.000,1406,46,0
margin-first,605.00,4,0.00,0.000,0.000,1406,46,0
margin-first,605.50,4,0.00,0.000,0.000,1406,46,0
margin-first,606.00,4,0.00,0.000,0.000,1406,46,0
margin-first,606.50,4,0.00,0.000,0.000,1406,46,0
margin-first,607.00,4,0.00,0.000,0.000,1406,46,0
margin-first,607.50,4,0.00,0.000,0.000,1406,46,0
margin-first,608.00,4,0.00,0.000,0.000,1406,46,0
margin-first,608.50,4,0.00,0.000,0.000,1406,46,0
margin-first,609.00,4,0.00,0.000,0.000,1406,46,0
margin-first,609.50,4,0.00,0.000,0.000,1406,46,0
margin-first,610.00,4,0.00,0.000,0.000,1406,46,0
margin-first,610.50,4,0.00,0.000,0.000,1406,46,0
margin-first,611.00,4,0.00,0.000,0.000,1406,46,0
margin-first,611.50,4,0.00,0.000,0.000,1406,46,0
margin-first,612.00,4,0.00,0.000,0.000,1406,46,0
margin-first,612.50,4,0.00,0.000,0.000,1406,46,0
margin-first,613.00,4,0.00,0.000,0.000,1406,46,0
margin-first,613.50,4,0.00,0.000,0.000,1406,46,0
margin-first,614.00,4,0.00,0.000,0.000,1406,46,0
margin-first,614.50,4,0.00,0.000,0.000,1406,46,0
margin-first,615.00,4,0.00,0.000,0.000,1406,46,0
margin-first,615.50,4,0.00,0.000,0.000,1406,46,0
margin-first,616.00,4,0.00,0.000,0.000,1406,46,0
margin-first,616.50,4,0.00,0.000,0.000,1406,46,0
margin-first,617.00,4,0.00,0.000,0.000,1406,46,0
margin-first,617.50,4,0.00,0.000,0.000,1406,46,0
margin-first,618.00,4,0.00,0.000,0.000,1406,46,0
margin-first,618.50,4,0.00,0.000,0.000,1406,46,0
margin-first,619.00,4,0.00,0.000,0.000,1406,46,0
margin-first,619.50,4,0.00,0.000,0.000,1406,46,0
margin-first,620.00,4,0.00,0.000,0.000,1406,46,0
margin-first,620.50,4,0.00,0.000,0.000,1406,46,0
margin-first,621.00,4,0.00,0.000,0.000,1406,46,0
margin-first,621.50,4,0.00,0.000,0.000,1406,46,0
margin-first,622.00,4,0.00,0.000,0.000,1406,46,0
margin-first,622.50,4,0.00,0.000,0.000,1406,46,0
margin-first,623.00,4,0.00,0.000,0.000,1406,46,0
margin-first,623.50,4,0.00,0.000,0.000,1406,46,0
margin-first,624.00,4,0.00,0.000,0.000,1406,46,0
margin-first,624.50,4,0.00,0.000,0.000,1406,46,0
margin-first,625.00,4,0.00,0.000,0.000,1406,46,0
margin-first,625.50,4,0.00,0.000,0.000,1406,46,0
margin-first,626.00,4,0.00,0.000,0.000,1406,46,0
margin-first,626.50,4,0.00,0.000,0.000,1406,46,0
margin-first,627.00,4,0.00,0.000,0.000,1406,46,0
margin-first,627.50,4,0.00,0.000,0.000,1406,46,0
margin-first,628.00,4,0.00,0.000,0.000,1406,46,0
margin-first,628.50,4,0.00,0.000,0.000,1406,46,0
margin-first,629.00,4,0.00,0.000,0.000,1406,46,0
margin-first,629.50,4,0.00,0.000,0.000,1406,46,0
margin-first,630.00,4,0.00,0.000,0.000,1406,46,0
margin-first,630.50,4,0.00,0.000,0.000,1406,46,0
margin-first,631.00,4,0.00,0.000,0.000,1406,46,0
margin-first,631.50,4,0.00,0.000,0.000,1406,46,0
margin-first,632.00,4,0.00,0.000,0.000,1406,46,0
margin-first,632.50,4,0.00,0.000,0.000,1406,46,0
margin-first,633.00,4,0.00,0.000,0.000,1406,46,0
margin-first,633.50,4,0.00,0.000,0.000,1406,46,0
margin-first,634.00,4,0.00,0.000,0.000,1406,46,0
margin-first,634.50,4,0.00,0.000,0.000,1406,46,0
margin-first,635.00,4,0.00,0.000,0.000,1406,46,0
margin-first,635.50,4,0.00,0.000,0.000,1406,46,0
margin-first,636.00,4,0.00,0.000,0.000,1406,46,0
margin-first,636.50,4,0.00,0.000,0.000,1406,46,0
margin-first,637.00,4,0.00,0.000,0.000,1406,46,0
margin-first,637.50,4,0.00,0.000,0.000,1406,46,0
margin-first,638.00,4,0.00,0.000,0.000,1406,46,0
margin-first,638.50,4,0.00,0.000,0.000,1406,46,0
margin-first,639.00,4,0.00,0.000,0.000,1406,46,0
margin-first,639.50,4,0.00,0.000,0.000,1406,46,0
margin-first,640.00,4,0.00,0.000,0.000,1406,46,0
margin-first,640.50,4,0.00,0.000,0.000,1406,46,0
margin-first,641.00,4,0.00,0.000,0.000,1406,46,0
margin-first,641.50,4,0.00,0.000,0.000,1406,46,0
margin-first,642.00,4,0.00,0.000,0.000,1406,46,0
margin-first,642.50,4,0.00,0.000,0.000,1406,46,0
margin-first,643.00,4,0.00,0.000,0.000,1406,46,0
margin-first,643.50,4,0.00,0.000,0.000,1406,46,0
margin-first,644.00,4,0.00,0.000,0.000,1406,46,0
margin-first,644.50,4,0.00,0.000,0.000,1406,46,0
margin-first,645.00,4,0.00,0.000,0.000,1406,46,0
margin-first,645.50,4,0.00,0.000,0.000,1406,46,0
margin-first,646.00,4,0.00,0.000,0.000,1406,46,0
margin-first,646.50,4,0.00,0.000,0.000,1406,46,0
margin-first,647.00,4,0.00,0.000,0.000,1406,46,0
margin-first,647.50,4,0.00,0.000,0.000,1406,46,0
margin-first,648.00,4,0.00,0.000,0.000,1406,46,0
margin-first,648.50,4,0.00,0.000,0.000,1406,46,0
margin-first,649.00,4,0.00,0.000,0.000,1406,46,0
margin-first,649.50,4,0.00,0.000,0.000,1406,46,0
margin-first,650.00,4,0.00,0.000,0.000,1406,46,0
margin-first,650.50,4,0.00,0.000,0.000,1406,46,0
margin-first,651.00,4,0.00,0.000,0.000,1406,46,0
margin-first,651.50,4,0.00,0.000,0.000,1406,46,0
margin-first,652.00,4,0.00,0.000,0.000,1406,46,0
margin-first,652.50,4,0.00,0.000,0.000,1406,46,0
margin-first,653.00,4,0.00,0.000,0.000,1406,46,0
margin-first,653.50,4,0.00,0.000,0.000,1406,46,0
margin-first,654.00,4,0.00,0.000,0.000,1406,46,0
margin-first,654.50,4,0.00,0.000,0.000,1406,46,0
margin-first,655.00,4,0.00,0.000,0.000,1406,46,0
margin-first,655.50,4,0.00,0.000,0.000,1406,46,0
margin-first,656.00,4,0.00,0.000,0.000,1406,46,0
margin-first,656.50,4,0.00,0.000,0.000,1406,46,0
margin-first,657.00,4,0.00,0.000,0.000,1406,46,0
margin-first,657.50,4,0.00,0.000,0.000,1406,46,0
margin-first,658.00,4,0.00,0.000,0.000,1406,46,0
margin-first,658.50,4,0.00,0.000,0.000,1406,46,0
margin-first,659.00,4,0.00,0.000,0.000,1406,46,0
margin-first,659.50,4,0.00,0.000,0.000,1406,46,0
margin-first,660.00,4,0.00,0.000,0.000,1406,46,0
margin-first,660.50,4,0.00,0.000,0.000,1406,46,0
margin-first,661.00,4,0.00,0.000,0.000,1406,46,0
margin-first,661.50,4,0.00,0.000,0.000,1406,46,0
margin-first,662.00,4,0.00,0.000,0.000,1406,46,0
margin-first,662.50,4,0.00,0.000,0.000,1406,46,0
margin-first,663.00,4,0.00,0.000,0.000,1406,46,0
margin-first,663.50,4,0.00,0.000,0.000,1406,46,0
margin-first,664.00,4,0.00,0.000,0.000,1406,46,0
margin-first,664.50,4,0.00,0.000,0.000,1406,46,0
margin-first,665.00,4,0.00,0.000,0.000,1406,46,0
margin-first,665.50,4,0.00,0.000,0.000,1406,46,0
margin-first,666.00,4,0.00,0.000,0.000,1406,46,0
margin-first,666.50,4,0.00,0.000,0.000,1406,46,0
margin-first,667.00,4,0.00,0.000,0.000,1406,46,0
margin-first,667.50,4,0.00,0.000,0.000,1406,46,0
margin-first,668.00,4,0.00,0.000,0.000,1406,46,0
margin-first,668.50,4,0.00,0.000,0.000,1406,46,0
margin-first,669.00,4,0.00,0.000,0.000,1406,46,0
margin-first,669.50,4,0.00,0.000,0.000,1406,46,0
margin-first,670.00,4,0.00,0.000,0.000,1406,46,0
margin-first,670.50,4,0.00,0.000,0.000,1406,46,0
margin-first,671.00,4,0.00,0.000,0.000,1406,46,0
margin-first,671.50,4,0.00,0.000,0.000,1406,46,0
margin-first,672.00,4,0.00,0.000,0.000,1406,46,0
margin-first,672.50,4,0.00,0.000,0.000,1406,46,0
margin-first,673.00,4,0.00,0.000,0.000,1406,46,0
margin-first,673.50,4,0.00,0.000,0.000,1406,46,0
margin-first,674.00,4,0.00,0.000,0.000,1406,46,0
margin-first,674.50,4,0.00,0.000,0.000,1406,46,0
margin-first,675.00,4,0.00,0.000,0.000,1406,46,0
margin-first,675.50,4,0.00,0.000,0.000,1406,46,0
margin-first,676.00,4,0.00,0.000,0.000,1406,46,0
margin-first,676.50,4,0.00,0.000,0.000,1406,46,0
margin-first,677.00,4,0.00,0.000,0.000,1406,46,0
margin-first,677.50,4,0.00,0.000,0.000,1406,46,0
margin-first,678.00,4,0.00,0.000,0.000,1406,46,0
margin-first,678.50,4,0.00,0.000,0.000,1406,46,0
margin-first,679.00,4,0.00,0.000,0.000,1406,46,0
margin-first,679.50,4,0.00,0.000,0.000,1406,46,0
margin-first,680.00,4,0.00,0.000,0.000,1406,46,0
margin-first,680.50,4,0.00,0.000,0.000,1406,46,0
margin-first,681.00,4,0.00,0.000,0.000,1406,46,0
margin-first,681.50,4,0.00,0.000,0.000,1406,46,0
margin-first,682.00,4,0.00,0.000,0.000,1406,46,0
margin-first,682.50,4,0.00,0.000,0.000,1406,46,0
margin-first,683.00,4,0.00,0.000,0.000,1406,46,0
margin-first,683.50,4,0.00,0.000,0.000,1406,46,0
margin-first,684.00,4,0.00,0.000,0.000,1406,46,0
margin-first,684.50,4,0.00,0.000,0.000,1406,46,0
margin-first,685.00,4,0.00,0.000,0.000,1406,46,0
margin-first,685.50,4,0.00,0.000,0.000,1406,46,0
margin-first,686.00,4,0.00,0.000,0.000,1406,46,0
margin-first,686.50,4,0.00,0.000,0.000,1406,46,0
margin-first,687.00,4,0.00,0.000,0.000,1406,46,0
margin-first,687.50,4,0.00,0.000,0.000,1406,46,0
margin-first,688.00,4,0.00,0.000,0.000,1406,46,0
margin-first,688.50,4,0.00,0.000,0.000,1406,46,0
margin-first,689.00,4,0.00,0.000,0.000,1406,46,0
margin-first,689.50,4,0.00,0.000,0.000,1406,46,0
margin-first,690.00,4,0.00,0.000,0.000,1406,46,0
margin-first,690.50,4,0.00,0.000,0.000,1406,46,0
margin-first,691.00,4,0.00,0.000,0.000,1406,46,0
margin-first,691.50,4,0.00,0.000,0.000,1406,46,0
margin-first,692.00,4,0.00,0.000,0.000,1406,46,0
margin-first,692.50,4,0.00,0.000,0.000,1406,46,0
margin-first,693.00,4,0.00,0.000,0.000,1406,46,0
margin-first,693.50,4,0.00,0.000,0.000,1406,46,0
margin-first,694.00,4,0.00,0.000,0.000,1406,46,0
margin-first,694.50,4,0.00,0.000,0.000,1406,46,0
margin-first,695.00,4,0.00,0.000,0.000,1406,46,0
margin-first,695.50,4,0.00,0.000,0.000,1406,46,0
margin-first,696.00,4,0.00,0.000,0.000,1406,46,0
margin-first,696.50,4,0.00,0.000,0.000,1406,46,0
margin-first,697.00,4,0.00,0.000,0.000,1406,46,0
margin-first,697.50,4,0.00,0.000,0.000,1406,46,0
margin-first,698.00,4,0.00,0.000,0.000,1406,46,0
margin-first,698.50,4,0.00,0.000,0.000,1406,46,0
margin-first,699.00,4,0.00,0.000,0.000,1406,46,0
margin-first,699.50,4,0.00,0.000,0.000,1406,46,0
margin-first,700.00,4,0.00,0.000,0.000,1406,46,0
margin-first,700.50,4,0.00,0.000,0.000,1406,46,0
margin-first,701.00,4,0.00,0.000,0.000,1406,46,0
margin-first,701.50,4,0.00,0.000,0.000,1406,46,0
margin-first,702.00,4,0.00,0.000,0.000,1406,46,0
margin-first,702.50,4,0.00,0.000,0.000,1406,46,0
margin-first,703.00,4,0.00,0.000,0.000,1406,46,0
margin-first,703.50,4,0.00,0.000,0.000,1406,46,0
margin-first,704.00,4,0.00,0.000,0.000,1406,46,0
margin-first,704.50,4,0.00,0.000,0.000,1406,46,0
margin-first,705.00,4,0.00,0.000,0.000,1406,46,0
margin-first,705.50,4,0.00,0.000,0.000,1406,46,0
margin-first,706.00,4,0.00,0.000,0.000,1406,46,0
margin-first,706.50,4,0.00,0.000,0.000,1406,46,0
margin-first,707.00,4,0.00,0.000,0.000,1406,46,0
margin-first,707.50,4,0.00,0.000,0.000,1406,46,0
margin-first,708.00,4,0.00,0.000,0.000,1406,46,0
margin-first,708.50,4,0.00,0.000,0.000,1406,46,0
margin-first,709.00,4,0.00,0.000,0.000,1406,46,0
margin-first,709.50,4,0.00,0.000,0.000,1406,46,0
margin-first,710.00,4,0.00,0.000,0.000,1406,46,0
margin-first,710.50,4,0.00,0.000,0.000,1406,46,0
margin-first,711.00,4,0.00,0.000,0.000,1406,46,0
margin-first,711.50,4,0.00,0.000,0.000,1406,46,0
margin-first,712.00,4,0.00,0.000,0.000,1406,46,0
margin-first,712.50,4,0.00,0.000,0.000,1406,46,0
margin-first,713.00,4,0.00,0.000,0.000,1406,46,0
margin-first,713.50,4,0.00,0.000,0.000,1406,46,0
margin-first,714.00,4,0.00,0.000,0.000,1406,46,0
margin-first,714.50,4,0.00,0.000,0.000,1406,46,0
margin-first,715.00,4,0.00,0.000,0.000,1406,46,0
margin-first,715.50,4,0.00,0.000,0.000,1406,46,0
margin-first,716.00,4,0.00,0.000,0.000,1406,46,0
margin-first,716.50,4,0.00,0.000,0.000,1406,46,0
margin-first,717.00,4,0.00,0.000,0.000,1406,46,0
margin-first,717.50,4,0.00,0.000,0.000,1406,46,0
margin-first,718.00,4,0.00,0.000,0.000,1406,46,0
margin-first,718.50,4,0.00,0.000,0.000,1406,46,0
margin-first,719.00,4,0.00,0.000,0.000,1406,46,0
margin-first,719.50,4,0.00,0.000,0.000,1406,46,0
idle-player,0.00,1,0.00,0.000,0.000,0,0,0
idle-player,0.50,1,0.00,0.000,0.000,0,0,0
idle-player,1.00,1,3.72,3.723,0.000,1,0,0
idle-player,1.50,1,15.62,15.615,0.000,4,0,0
idle-player,2.00,1,15.62,5.711,0.000,4,0,0
idle-player,2.50,1,15.62,0.000,0.000,4,0,0
idle-player,3.00,1,15.62,0.000,0.000,4,0,0
idle-player,3.50,1,15.62,0.000,0.000,4,0,0
idle-player,4.00,1,15.62,0.000,0.000,4,0,0
idle-player,4.50,1,15.62,0.000,0.000,4,0,0
idle-player,5.00,1,9.62,0.000,0.000,4,1,0
idle-player,5.50,1,25.06,15.447,0.000,8,1,0
idle-player,6.00,1,32.51,22.893,0.000,10,1,0
idle-player,6.50,1,38.22,13.157,0.000,11,1,0
idle-player,7.00,1,38.22,0.000,0.000,11,1,0
idle-player,7.50,1,38.22,0.000,0.000,11,1,0
idle-player,8.00,1,38.22,0.000,0.000,11,1,0
idle-player,8.50,1,38.22,0.000,0.000,11,1,0
idle-player,9.00,1,38.22,0.000,0.000,11,1,0
idle-player,9.50,1,38.22,0.000,0.000,11,1,0
idle-player,10.00,1,30.22,0.000,0.000,11,2,0
idle-player,10.50,1,30.22,0.000,0.000,11,2,0
idle-player,11.00,1,33.94,3.723,0.000,12,2,0
idle-player,11.50,1,33.94,3.723,3.500,12,2,0
idle-player,12.00,1,33.94,0.000,3.500,12,2,0
idle-player,12.50,1,33.94,0.000,3.500,12,2,0
idle-player,13.00,1,33.94,0.000,3.345,12,2,0
idle-player,13.50,1,33.94,0.000,2.694,12,2,0
idle-player,14.00,1,33.94,0.000,2.456,12,2,0
idle-player,14.50,1,33.94,0.000,2.456,12,2,0
idle-player,15.00,1,33.94,0.000,2.456,12,2,0
idle-player,15.50,1,44.15,10.212,2.881,16,2,0
idle-player,16.00,1,44.15,10.212,3.307,16,2,0
idle-player,16.50,1,49.87,5.711,3.545,17,2,0
idle-player,17.00,1,49.87,5.711,3.783,17,2,0
idle-player,17.50,1,49.87,0.000,3.139,17,2,0
idle-player,18.00,1,49.87,0.000,2.185,17,2,0
idle-player,18.50,1,49.87,0.000,1.637,17,2,0
idle-player,19.00,1,49.87,0.000,1.637,17,2,0
idle-player,19.50,1,49.87,0.000,1.637,17,2,0
idle-player,20.00,1,49.87,0.000,1.637,17,2,0
idle-player,20.50,1,52.06,2.199,1.729,18,2,0
idle-player,21.00,1,52.06,2.199,1.820,18,2,0
idle-player,21.50,1,52.06,0.000,1.820,18,2,0
idle-player,22.00,1,52.06,0.000,1.820,18,2,0
idle-player,22.50,1,52.06,0.000,1.820,18,2,0
idle-player,23.00,1,52.06,0.000,1.665,18,2,0
idle-player,23.50,1,52.06,0.000,1.510,18,2,0
idle-player,24.00,1,52.06,0.000,1.510,18,2,0
idle-player,24.50,1,52.06,0.000,1.510,18,2,0
idle-player,25.00,1,52.06,0.000,1.510,18,2,0
idle-player,25.50,1,64.54,12.471,2.030,21,2,0
idle-player,26.00,1,70.72,18.653,2.807,23,2,0
idle-player,26.50,1,76.43,11.892,3.302,24,2,0
idle-player,27.00,1,76.43,0.000,3.302,24,2,0
idle-player,27.50,1,76.43,0.000,2.877,24,2,0
idle-player,28.00,1,76.43,0.000,2.452,24,2,0
idle-player,28.50,1,76.43,0.000,2.214,24,2,0
idle-player,29.00,1,76.43,0.000,1.976,24,2,0
idle-player,29.50,1,76.43,0.000,1.976,24,2,0
idle-player,30.00,1,76.43,0.000,1.976,24,2,0
idle-player,30.50,1,84.37,7.946,2.307,26,2,0
idle-player,31.00,1,90.56,14.128,2.895,28,2,0
idle-player,31.50,1,90.56,6.181,3.153,28,2,0
idle-player,32.00,1,90.56,0.000,3.153,28,2,0
idle-player,32.50,1,90.56,0.000,3.061,28,2,0
idle-player,33.00,1,90.56,0.000,2.970,28,2,0
idle-player,33.50,1,90.56,0.000,2.970,28,2,0
idle-player,34.00,1,90.56,0.000,2.970,28,2,0
idle-player,34.50,1,90.56,0.000,2.970,28,2,0
idle-player,35.00,1,90.56,0.000,2.970,28,2,0
idle-player,35.50,1,95.86,5.302,3.191,29,2,0
idle-player,36.00,1,102.04,11.483,3.669,31,2,0
idle-player,36.50,1,102.04,2.458,3.771,31,2,0
idle-player,37.00,1,102.04,0.000,3.771,31,2,0
idle-player,37.50,1,102.04,0.000,3.252,31,2,0
idle-player,38.00,1,102.04,0.000,2.475,31,2,0
idle-player,38.50,1,102.04,0.000,1.979,31,2,0
idle-player,39.00,1,102.04,0.000,1.979,31,2,0
idle-player,39.50,1,102.04,0.000,1.979,31,2,0
idle-player,40.00,1,102.04,0.000,1.979,31,2,0
idle-player,40.50,1,116.97,14.936,2.601,35,2,0
idle-player,41.00,1,125.61,23.576,3.584,38,2,0
idle-player,41.50,1,125.61,6.181,3.841,38,2,0
idle-player,42.00,1,125.61,0.000,3.841,38,2,0
idle-player,42.50,1,125.61,0.000,3.510,38,2,0
idle-player,43.00,1,125.61,0.000,2.922,38,2,0
idle-player,43.50,1,125.61,0.000,2.664,38,2,0
idle-player,44.00,1,125.61,0.000,2.664,38,2,0
idle-player,44.50,1,125.61,0.000,2.664,38,2,0
idle-player,45.00,1,125.61,0.000,2.664,38,2,0
idle-player,45.50,1,128.87,3.255,2.800,39,2,0
idle-player,46.00,1,128.87,3.255,2.935,39,2,0
idle-player,46.50,1,128.87,0.000,2.935,39,2,0
idle-player,47.00,1,128.87,0.000,2.935,39,2,0
idle-player,47.50,1,128.87,0.000,2.714,39,2,0
idle-player,48.00,1,128.87,0.000,2.236,39,2,0
idle-player,48.50,1,128.87,0.000,2.133,39,2,0
idle-player,49.00,1,128.87,0.000,2.133,39,2,0
idle-player,49.50,1,128.87,0.000,2.133,39,2,0
idle-player,50.00,1,128.87,0.000,2.133,39,2,0
idle-player,50.50,1,138.61,9.742,2.539,42,2,0
idle-player,51.00,1,156.22,27.346,3.679,46,2,0
idle-player,51.50,1,156.22,15.145,4.310,46,2,0
idle-player,52.00,1,156.22,0.000,4.310,46,2,0
idle-player,52.50,1,156.22,0.000,3.688,46,2,0
idle-player,53.00,1,156.22,0.000,2.705,46,2,0
idle-player,53.50,1,156.22,0.000,2.448,46,2,0
idle-player,54.00,1,156.22,0.000,2.448,46,2,0
idle-player,54.50,1,156.22,0.000,2.448,46,2,0
idle-player,55.00,1,156.22,0.000,2.448,46,2,0
idle-player,55.50,1,161.95,5.731,2.686,48,2,0
idle-player,56.00,1,161.95,5.731,2.925,48,2,0
idle-player,56.50,1,161.95,0.000,2.925,48,2,0
idle-player,57.00,1,161.95,0.000,2.925,48,2,0
idle-player,57.50,1,161.95,0.000,2.790,48,2,0
idle-player,58.00,1,161.95,0.000,2.654,48,2,0
idle-player,58.50,1,161.95,0.000,2.654,48,2,0
idle-player,59.00,1,161.95,0.000,2.654,48,2,0
idle-player,59.50,1,161.95,0.000,2.654,48,2,0
idle-player,60.00,1,161.95,0.000,2.654,48,2,0
idle-player,60.50,1,179.36,17.413,3.379,52,2,0
idle-player,61.00,1,191.25,29.305,4.601,55,2,0
idle-player,61.50,1,191.25,9.434,4.994,55,2,0
idle-player,62.00,1,191.25,0.000,4.994,55,2,0
idle-player,62.50,1,191.25,0.000,4.588,55,2,0
idle-player,63.00,1,191.25,0.000,3.448,55,2,0
idle-player,63.50,1,191.25,0.000,2.817,55,2,0
idle-player,64.00,1,191.25,0.000,2.817,55,2,0
idle-player,64.50,1,191.25,0.000,2.817,55,2,0
idle-player,65.00,1,191.25,0.000,2.817,55,2,0
idle-player,65.50,1,199.97,8.719,3.181,57,2,0
idle-player,66.00,1,217.58,26.323,4.277,61,2,0
idle-player,66.50,1,227.01,23.315,5.249,63,2,0
idle-player,67.00,1,227.01,5.711,5.487,63,2,0
idle-player,67.50,1,227.01,0.000,5.248,63,2,0
idle-player,68.00,1,227.01,0.000,5.009,63,2,0
idle-player,68.50,1,227.01,0.000,5.009,63,2,0
idle-player,69.00,1,227.01,0.000,5.009,63,2,0
idle-player,69.50,1,227.01,0.000,5.009,63,2,0
idle-player,70.00,1,87.01,0.000,5.009,63,2,0
idle-player,70.50,2,87.01,0.000,5.009,63,2,0
idle-player,71.00,2,104.84,17.832,5.752,65,2,0
idle-player,71.50,2,104.84,17.832,6.495,65,2,0
idle-player,72.00,2,104.84,0.000,6.495,65,2,0
idle-player,72.50,2,104.84,0.000,5.770,65,2,0
idle-player,73.00,2,104.84,0.000,4.549,65,2,0
idle-player,73.50,2,104.84,0.000,4.155,65,2,0
idle-player,74.00,2,104.84,0.000,4.155,65,2,0
idle-player,74.50,2,104.84,0.000,4.155,65,2,0
idle-player,75.00,2,84.84,0.000,4.155,65,2,1
idle-player,75.50,2,110.73,25.892,5.234,69,2,1
idle-player,76.00,2,110.38,25.594,6.301,69,2,1
idle-player,76.50,2,163.79,53.116,8.514,73,2,1
idle-player,77.00,2,173.81,54.583,10.788,74,2,1
idle-player,77.50,2,179.85,16.120,11.097,75,2,1
idle-player,78.00,2,187.18,13.434,10.560,77,2,1
idle-player,78.50,2,219.77,39.985,11.254,81,2,1
idle-player,79.00,2,219.42,32.296,12.362,81,2,1
idle-player,79.50,2,229.43,9.719,12.767,82,2,1
idle-player,80.00,2,223.29,13.563,13.332,83,2,2
idle-player,80.50,2,222.58,13.205,13.882,83,2,2
idle-player,81.00,2,221.86,-1.311,13.828,83,2,2
idle-player,81.50,2,221.15,-1.311,13.773,83,2,2
idle-player,82.00,2,220.43,-1.311,13.718,83,2,2
idle-player,82.50,2,219.72,-1.311,13.664,83,2,2
idle-player,83.00,2,219.00,-1.311,12.866,83,2,2
idle-player,83.50,2,218.29,-1.311,12.068,83,2,2
idle-player,84.00,2,233.69,14.804,12.685,85,2,2
idle-player,84.50,2,253.54,35.365,14.159,87,2,2
idle-player,85.00,2,261.91,32.408,15.509,91,3,2
idle-player,85.50,2,261.19,19.778,16.333,91,3,2
idle-player,86.00,2,281.24,19.454,17.144,94,3,2
idle-player,86.50,2,313.16,44.155,18.984,97,3,2
idle-player,87.00,2,329.70,48.578,21.008,99,3,2
idle-player,87.50,2,344.31,31.271,21.232,101,3,2
idle-player,88.00,2,352.48,22.897,21.119,103,3,2
idle-player,88.50,2,381.88,37.687,20.476,106,3,2
idle-player,89.00,2,405.34,52.979,20.410,108,3,2
idle-player,89.50,2,429.83,48.072,21.741,111,3,2
idle-player,90.00,2,443.67,54.449,23.450,113,4,2
idle-player,90.50,2,461.51,47.798,23.775,115,4,2
idle-player,91.00,2,476.06,32.514,23.784,116,4,2
idle-player,91.50,2,475.35,13.957,23.961,116,4,2
idle-player,92.00,2,474.63,-1.311,23.341,116,4,2
idle-player,92.50,2,473.92,-1.311,22.737,116,4,2
idle-player,93.00,2,473.20,-1.311,22.737,116,4,2
idle-player,93.50,2,472.49,-1.311,22.737,116,4,2
idle-player,94.00,2,471.77,-1.311,22.737,116,4,2
idle-player,94.50,2,471.06,-1.311,22.737,116,4,2
idle-player,95.00,2,450.34,-1.311,22.737,116,5,2
idle-player,95.50,2,455.80,4.855,22.993,117,5,2
idle-player,96.00,2,468.93,18.709,23.156,120,5,2
idle-player,96.50,2,491.48,31.836,23.009,124,5,2
idle-player,97.00,2,505.85,37.035,23.202,127,5,2
idle-player,97.50,2,528.55,37.187,23.927,129,5,2
idle-player,98.00,2,542.45,36.716,24.647,131,5,2
idle-player,98.50,2,564.22,30.081,24.060,134,5,2
idle-player,99.00,2,581.57,30.619,23.312,137,5,2
idle-player,99.50,2,595.49,31.395,23.317,138,5,2
idle-player,100.00,2,607.61,26.165,23.453,140,5,2
idle-player,100.50,2,619.22,23.841,22.876,142,5,2
idle-player,101.00,2,642.53,30.090,21.923,145,5,2
idle-player,101.50,2,666.08,41.269,21.639,148,5,2
idle-player,102.00,2,683.86,32.040,20.705,152,5,2
idle-player,102.50,2,694.24,24.557,19.737,153,5,2
idle-player,103.00,2,716.41,32.667,19.743,155,5,2
idle-player,103.50,2,715.69,21.576,20.061,155,5,2
idle-player,104.00,2,714.98,-1.311,20.061,155,5,2
idle-player,104.50,2,720.68,5.102,20.328,156,5,2
idle-player,105.00,2,719.96,-1.311,20.328,156,5,2
idle-player,105.50,2,719.25,-1.311,20.328,156,5,2
idle-player,106.00,2,718.53,-1.311,20.328,156,5,2
idle-player,106.50,2,717.82,-1.311,20.328,156,5,2
idle-player,107.00,2,722.05,3.639,20.534,157,5,2
idle-player,107.50,2,721.34,3.639,20.484,157,5,2
idle-player,108.00,2,738.96,17.030,20.414,160,5,2
idle-player,108.50,2,760.45,30.325,20.351,163,5,2
idle-player,109.00,2,773.74,28.728,20.005,164,5,2
idle-player,109.50,2,800.22,25.882,19.534,167,5,2
idle-player,110.00,2,805.21,31.593,19.320,168,5,2
idle-player,110.50,2,831.75,31.659,19.386,172,5,2
idle-player,111.00,2,841.41,36.322,19.624,173,5,2
idle-player,111.50,2,845.65,14.014,18.899,174,5,2
idle-player,112.00,2,871.21,29.912,19.055,178,5,2
idle-player,112.50,2,894.19,39.229,19.697,180,5,2
idle-player,113.00,2,918.15,47.066,20.404,182,5,2
idle-player,113.50,2,923.60,14.262,19.279,183,5,2
idle-player,114.00,2,922.89,-1.311,17.889,183,5,2
idle-player,114.50,2,930.34,6.859,17.152,185,5,2
idle-player,115.00,2,129.63,6.859,16.076,185,5,2
idle-player,115.50,3,143.13,12.907,15.715,186,5,2
idle-player,116.00,3,142.42,12.907,16.308,186,5,2
idle-player,116.50,3,141.70,-1.311,16.040,186,5,2
idle-player,117.00,3,140.99,-1.311,16.040,186,5,2
idle-player,117.50,3,140.27,-1.311,16.040,186,5,2
idle-player,118.00,3,139.56,-1.311,16.040,186,5,2
idle-player,118.50,3,138.84,-1.311,16.040,186,5,2
idle-player,119.00,3,138.13,-1.311,15.834,186,5,2
idle-player,119.50,3,137.41,-1.311,15.628,186,5,2
idle-player,120.00,3,118.70,-1.311,14.864,186,5,3
idle-player,120.50,3,168.76,49.468,15.661,190,5,3
idle-player,121.00,3,167.72,49.197,16.514,190,5,3
idle-player,121.50,3,175.55,6.961,15.726,191,5,3
idle-player,122.00,3,191.27,23.727,15.398,192,5,3
idle-player,122.50,3,258.73,83.353,17.552,195,5,3
idle-player,123.00,3,257.69,66.587,18.813,195,5,3
idle-player,123.50,3,342.71,84.157,21.736,199,5,3
idle-player,124.00,3,341.67,59.284,22.959,199,5,3
idle-player,124.50,3,357.40,14.859,21.944,200,5,3
idle-player,125.00,3,373.47,45.975,21.899,203,5,4
idle-player,125.50,3,386.38,35.465,22.782,204,5,4
idle-player,126.00,3,391.49,18.234,23.596,205,5,4
idle-player,126.50,3,439.32,53.156,25.525,208,5,4
idle-player,127.00,3,475.36,84.085,28.743,210,5,4
idle-player,127.50,3,474.06,34.959,29.662,210,5,4
idle-player,128.00,3,472.76,-2.383,29.025,210,5,4
idle-player,128.50,3,471.46,-2.383,28.980,210,5,4
idle-player,129.00,3,470.16,-2.383,28.936,210,5,4
idle-player,129.50,3,468.86,-2.383,28.891,210,5,4
idle-player,130.00,3,397.56,-2.383,28.846,210,6,4
idle-player,130.50,3,405.32,6.675,29.179,211,6,4
idle-player,131.00,3,404.02,6.675,29.512,211,6,4
idle-player,131.50,3,438.34,33.239,30.951,212,6,4
idle-player,132.00,3,445.90,42.099,32.760,213,6,4
idle-player,132.50,3,455.63,17.508,31.428,214,6,4
idle-player,133.00,3,468.48,22.802,30.328,216,6,4
idle-player,133.50,3,520.72,59.003,32.497,219,6,4
idle-player,134.00,3,519.42,38.241,33.102,219,6,4
idle-player,134.50,3,518.12,-2.383,29.529,219,6,4
idle-player,135.00,3,497.54,48.339,28.769,223,7,4
idle-player,135.50,3,509.10,61.198,27.812,224,7,4
idle-player,136.00,3,524.70,27.376,26.483,225,7,4
idle-player,136.50,3,581.82,72.935,28.903,228,7,4
idle-player,137.00,3,605.17,80.690,30.349,230,7,4
idle-player,137.50,3,603.87,22.271,29.799,230,7,4
idle-player,138.00,3,627.08,22.127,29.962,231,7,4
idle-player,138.50,3,679.84,76.185,30.921,234,7,4
idle-player,139.00,3,678.54,36.970,28.958,234,7,4
idle-player,139.50,3,697.15,17.527,28.232,235,7,4
idle-player,140.00,3,622.66,1.421,28.390,236,8,4
idle-player,140.50,3,621.36,1.421,28.549,236,8,4
idle-player,141.00,3,620.06,-2.383,28.549,236,8,4
idle-player,141.50,3,618.76,-2.383,28.549,236,8,4
idle-player,142.00,3,617.46,-2.383,28.549,236,8,4
idle-player,142.50,3,616.16,-2.383,28.171,236,8,4
idle-player,143.00,3,614.86,-2.383,27.794,236,8,4
idle-player,143.50,3,613.56,-2.383,26.310,236,8,4
idle-player,144.00,3,627.52,12.880,25.092,237,8,4
idle-player,144.50,3,655.86,42.515,26.134,238,8,4
idle-player,145.00,3,649.51,99.206,29.318,241,9,4
idle-player,145.50,3,648.21,69.571,29.758,241,9,4
idle-player,146.00,3,680.20,30.903,29.452,243,9,4
idle-player,146.50,3,709.26,61.264,32.104,245,9,4
idle-player,147.00,3,727.73,47.752,32.080,246,9,4
idle-player,147.50,3,741.57,32.526,30.885,247,9,4
idle-player,148.00,3,787.27,59.756,32.234,250,9,4
idle-player,148.50,3,792.12,50.774,31.311,251,9,4
idle-player,149.00,3,831.61,38.400,29.549,253,9,4
idle-player,149.50,3,856.18,52.209,30.796,255,9,4
idle-player,150.00,3,820.01,44.625,31.734,257,10,4
idle-player,150.50,3,818.71,-2.383,28.460,257,10,4
idle-player,151.00,3,830.27,10.476,27.356,258,10,4
idle-player,151.50,3,872.42,53.922,28.872,261,10,4
idle-player,152.00,3,871.12,14.053,29.399,261,10,4
idle-player,152.50,3,892.10,19.901,30.169,262,10,4
idle-player,153.00,3,890.80,19.901,31.097,262,10,4
idle-player,153.50,3,889.50,-2.383,31.097,262,10,4
idle-player,154.00,3,888.20,-2.383,31.097,262,10,4
idle-player,154.50,3,886.90,-2.383,31.097,262,10,4
idle-player,155.00,3,808.60,-2.383,31.097,262,11,4
idle-player,155.50,3,807.30,-2.383,31.097,262,11,4
idle-player,156.00,3,837.98,29.595,31.794,264,11,4
idle-player,156.50,3,901.66,77.860,33.266,267,11,4
idle-player,157.00,3,927.49,65.359,31.856,268,11,4
idle-player,157.50,3,981.28,79.835,32.284,272,11,4
idle-player,158.00,3,979.98,52.709,33.192,272,11,4
idle-player,158.50,3,1017.22,36.160,32.146,274,11,4
idle-player,159.00,3,1061.40,81.632,33.558,277,11,4
idle-player,159.50,3,1060.10,43.089,33.998,277,11,4
idle-player,160.00,3,974.80,-2.383,31.409,277,12,4
idle-player,160.50,3,1056.44,80.560,32.650,281,12,4
idle-player,161.00,3,1055.14,80.560,34.407,281,12,4
idle-player,161.50,3,1053.84,-2.383,32.132,281,12,4
idle-player,162.00,3,1099.46,44.535,32.128,284,12,4
idle-player,162.50,3,1136.81,83.189,35.694,286,12,4
idle-player,163.00,3,1164.23,50.496,37.361,287,12,4
idle-player,163.50,3,1179.15,13.842,35.691,288,12,4
idle-player,164.00,3,1210.17,29.933,36.353,291,12,4
idle-player,164.50,3,1208.87,8.649,35.884,291,12,4
idle-player,165.00,3,1115.57,-2.383,34.956,291,13,4
idle-player,165.50,3,1114.27,-2.383,34.956,291,13,4
idle-player,166.00,3,1112.97,-2.383,34.956,291,13,4
idle-player,166.50,3,1111.67,-2.383,34.956,291,13,4
idle-player,167.00,3,1110.37,-2.383,34.956,291,13,4
idle-player,167.50,3,1128.67,17.217,35.772,292,13,4
idle-player,168.00,3,1135.64,5.888,34.785,293,13,4
idle-player,168.50,3,1167.28,38.822,33.158,296,13,4
idle-player,169.00,3,1165.98,28.037,31.603,296,13,4
idle-player,169.50,3,1232.00,64.940,30.982,300,13,4
idle-player,170.00,3,1118.70,45.044,30.663,300,14,4
idle-player,170.50,3,1117.40,-2.383,29.057,300,14,4
idle-player,171.00,3,1116.10,-2.383,25.556,300,14,4
idle-player,171.50,3,1114.80,-2.383,23.662,300,14,4
idle-player,172.00,3,1113.50,-2.383,23.662,300,14,4
idle-player,172.50,3,1112.20,-2.383,20.206,300,14,4
idle-player,173.00,3,1110.90,-2.383,16.750,300,14,4
idle-player,173.50,3,1109.60,-2.383,16.750,300,14,4
idle-player,174.00,3,1108.30,-2.383,14.795,300,14,4
idle-player,174.50,3,1107.00,-2.383,11.229,300,14,4
idle-player,175.00,3,982.70,-2.383,9.026,300,15,4
idle-player,175.50,3,981.40,-2.383,8.350,300,15,4
idle-player,176.00,3,980.10,-2.383,7.003,300,15,4
idle-player,176.50,3,978.80,-2.383,6.544,300,15,4
idle-player,177.00,3,977.50,-2.383,6.544,300,15,4
idle-player,177.50,3,976.20,-2.383,6.544,300,15,4
idle-player,178.00,3,974.90,-2.383,6.544,300,15,4
idle-player,178.50,3,973.60,-2.383,6.544,300,15,4
idle-player,179.00,3,972.30,-2.383,6.544,300,15,4
idle-player,179.50,3,971.00,-2.383,5.727,300,15,4
idle-player,180.00,3,846.70,-2.383,5.382,300,16,4
idle-player,180.50,3,845.40,-2.383,3.665,300,16,4
idle-player,181.00,3,844.10,-2.383,2.398,300,16,4
idle-player,181.50,3,842.80,-2.383,-0.407,300,16,4
idle-player,182.00,3,841.50,-2.383,-2.383,300,16,4
idle-player,182.50,3,840.20,-2.383,-2.383,300,16,4
idle-player,183.00,3,838.90,-2.383,-2.383,300,16,4
idle-player,183.50,3,837.60,-2.383,-2.383,300,16,4
idle-player,184.00,3,836.30,-2.383,-2.383,300,16,4
idle-player,184.50,3,835.00,-2.383,-2.383,300,16,4
idle-player,185.00,3,693.70,-2.383,-2.383,300,17,4
idle-player,185.50,3,692.40,-2.383,-2.383,300,17,4
idle-player,186.00,3,691.10,-2.383,-2.383,300,17,4
idle-player,186.50,3,689.80,-2.383,-2.383,300,17,4
idle-player,187.00,3,688.50,-2.383,-2.383,300,17,4
idle-player,187.50,3,687.20,-2.383,-2.383,300,17,4
idle-player,188.00,3,685.90,-2.383,-2.383,300,17,4
idle-player,188.50,3,684.60,-2.383,-2.383,300,17,4
idle-player,189.00,3,683.30,-2.383,-2.383,300,17,4
idle-player,189.50,3,682.00,-2.383,-2.383,300,17,4
idle-player,190.00,3,582.70,-2.383,-2.383,300,18,4
idle-player,190.50,3,581.40,-2.383,-2.383,300,18,4
idle-player,191.00,3,580.10,-2.383,-2.383,300,18,4
idle-player,191.50,3,578.80,-2.383,-2.383,300,18,4
idle-player,192.00,3,577.50,-2.383,-2.383,300,18,4
idle-player,192.50,3,576.20,-2.383,-2.383,300,18,4
idle-player,193.00,3,574.90,-2.383,-2.383,300,18,4
idle-player,193.50,3,573.60,-2.383,-2.383,300,18,4
idle-player,194.00,3,572.30,-2.383,-2.383,300,18,4
idle-player,194.50,3,571.00,-2.383,-2.383,300,18,4
idle-player,195.00,3,415.70,-2.383,-2.383,300,19,4
idle-player,195.50,3,414.40,-2.383,-2.383,300,19,4
idle-player,196.00,3,413.10,-2.383,-2.383,300,19,4
idle-player,196.50,3,411.80,-2.383,-2.383,300,19,4
idle-player,197.00,3,410.50,-2.383,-2.383,300,19,4
idle-player,197.50,3,409.20,-2.383,-2.383,300,19,4
idle-player,198.00,3,407.90,-2.383,-2.383,300,19,4
idle-player,198.50,3,406.60,-2.383,-2.383,300,19,4
idle-player,199.00,3,405.30,-2.383,-2.383,300,19,4
idle-player,199.50,3,404.00,-2.383,-2.383,300,19,4
idle-player,200.00,3,248.70,-2.383,-2.383,300,20,4
idle-player,200.50,3,247.40,-2.383,-2.383,300,20,4
idle-player,201.00,3,246.10,-2.383,-2.383,300,20,4
idle-player,201.50,3,244.80,-2.383,-2.383,300,20,4
idle-player,202.00,3,243.50,-2.383,-2.383,300,20,4
idle-player,202.50,3,242.20,-2.383,-2.383,300,20,4
idle-player,203.00,3,240.90,-2.383,-2.383,300,20,4
idle-player,203.50,3,239.60,-2.383,-2.383,300,20,4
idle-player,204.00,3,238.30,-2.383,-2.383,300,20,4
idle-player,204.50,3,237.00,-2.383,-2.383,300,20,4
idle-player,205.00,3,158.70,-2.383,-2.383,300,21,4
idle-player,205.50,3,157.40,-2.383,-2.383,300,21,4
idle-player,206.00,3,156.10,-2.383,-2.383,300,21,4
idle-player,206.50,3,154.80,-2.383,-2.383,300,21,4
idle-player,207.00,3,153.50,-2.383,-2.383,300,21,4
idle-player,207.50,3,152.20,-2.383,-2.383,300,21,4
idle-player,208.00,3,150.90,-2.383,-2.383,300,21,4
idle-player,208.50,3,149.60,-2.383,-2.383,300,21,4
idle-player,209.00,3,148.30,-2.383,-2.383,300,21,4
idle-player,209.50,3,147.00,-2.383,-2.383,300,21,4
idle-player,210.00,3,47.70,-2.383,-2.383,300,22,4
idle-player,210.50,3,46.40,-2.383,-2.383,300,22,4
idle-player,211.00,3,45.10,-2.383,-2.383,300,22,4
idle-player,211.50,3,43.80,-2.383,-2.383,300,22,4
idle-player,212.00,3,42.50,-2.383,-2.383,300,22,4
idle-player,212.50,3,41.20,-2.383,-2.383,300,22,4
idle-player,213.00,3,39.90,-2.383,-2.383,300,22,4
idle-player,213.50,3,38.60,-2.383,-2.383,300,22,4
idle-player,214.00,3,37.30,-2.383,-2.383,300,22,4
idle-player,214.50,3,36.00,-2.383,-2.383,300,22,4
idle-player,215.00,3,34.70,-2.383,-2.383,300,22,4
idle-player,215.50,3,33.40,-2.383,-2.383,300,22,4
idle-player,216.00,3,32.10,-2.383,-2.383,300,22,4
idle-player,216.50,3,30.80,-2.383,-2.383,300,22,4
idle-player,217.00,3,29.50,-2.383,-2.383,300,22,4
idle-player,217.50,3,28.20,-2.383,-2.383,300,22,4
idle-player,218.00,3,26.90,-2.383,-2.383,300,22,4
idle-player,218.50,3,25.60,-2.383,-2.383,300,22,4
idle-player,219.00,3,24.30,-2.383,-2.383,300,22,4
idle-player,219.50,3,23.00,-2.383,-2.383,300,22,4
idle-player,220.00,3,21.70,-2.383,-2.383,300,22,4
idle-player,220.50,3,20.40,-2.383,-2.383,300,22,4
idle-player,221.00,3,19.10,-2.383,-2.383,300,22,4
idle-player,221.50,3,17.80,-2.383,-2.383,300,22,4
idle-player,222.00,3,16.50,-2.383,-2.383,300,22,4
idle-player,222.50,3,15.20,-2.383,-2.383,300,22,4
idle-player,223.00,3,13.90,-2.383,-2.383,300,22,4
idle-player,223.50,3,12.60,-2.383,-2.383,300,22,4
idle-player,224.00,3,11.30,-2.383,-2.383,300,22,4
idle-player,224.50,3,10.00,-2.383,-2.383,300,22,4
idle-player,225.00,3,8.70,-2.383,-2.383,300,22,4
idle-player,225.50,3,7.40,-2.383,-2.383,300,22,4
idle-player,226.00,3,6.10,-2.383,-2.383,300,22,4
idle-player,226.50,3,4.80,-2.383,-2.383,300,22,4
idle-player,227.00,3,3.50,-2.383,-2.383,300,22,4
idle-player,227.50,3,2.20,-2.383,-2.383,300,22,4
idle-player,228.00,3,0.90,-2.383,-2.383,300,22,4
idle-player,228.50,3,0.00,-1.983,-2.367,300,22,4
idle-player,229.00,3,0.00,-0.683,-2.296,300,22,4
idle-player,229.50,3,0.00,0.000,-2.196,300,22,4
idle-player,230.00,3,0.00,0.000,-2.097,300,22,4
idle-player,230.50,3,0.00,0.000,-1.998,300,22,4
idle-player,231.00,3,0.00,0.000,-1.899,300,22,4
idle-player,231.50,3,0.00,0.000,-1.799,300,22,1
idle-player,232.00,3,0.00,0.000,-1.700,300,22,0
idle-player,232.50,3,0.00,0.000,-1.601,300,22,0
idle-player,233.00,3,0.00,0.000,-1.501,300,22,0
idle-player,233.50,3,0.00,0.000,-1.402,300,22,0
idle-player,234.00,3,0.00,0.000,-1.303,300,22,0
idle-player,234.50,3,0.00,0.000,-1.203,300,22,0
idle-player,235.00,3,0.00,0.000,-1.104,300,22,0
idle-player,235.50,3,0.00,0.000,-1.005,300,22,0
idle-player,236.00,3,0.00,0.000,-0.906,300,22,0
idle-player,236.50,3,0.00,0.000,-0.806,300,22,0
idle-player,237.00,3,0.00,0.000,-0.707,300,22,0
idle-player,237.50,3,0.00,0.000,-0.608,300,22,0
idle-player,238.00,3,0.00,0.000,-0.508,300,22,0
idle-player,238.50,3,0.00,0.000,-0.409,300,22,0
idle-player,239.00,3,0.00,0.000,-0.310,300,22,0
idle-player,239.50,3,0.00,0.000,-0.210,300,22,0
idle-player,240.00,3,0.00,0.000,-0.111,300,22,0
idle-player,240.50,3,0.00,0.000,-0.028,300,22,0
idle-player,241.00,3,0.00,0.000,0.000,300,22,0
idle-player,241.50,3,0.00,0.000,0.000,300,22,0
idle-player,242.00,3,0.00,0.000,0.000,300,22,0
idle-player,242.50,3,0.00,0.000,0.000,300,22,0
idle-player,243.00,3,0.00,0.000,0.000,300,22,0
idle-player,243.50,3,0.00,0.000,0.000,300,22,0
idle-player,244.00,3,0.00,0.000,0.000,300,22,0
idle-player,244.50,3,0.00,0.000,0.000,300,22,0
idle-player,245.00,3,0.00,0.000,0.000,300,22,0
idle-player,245.50,3,0.00,0.000,0.000,300,22,0
idle-player,246.00,3,0.00,0.000,0.000,300,22,0
idle-player,246.50,3,0.00,0.000,0.000,300,22,0
idle-player,247.00,3,0.00,0.000,0.000,300,22,0
idle-player,247.50,3,0.00,0.000,0.000,300,22,0
idle-player,248.00,3,0.00,0.000,0.000,300,22,0
idle-player,248.50,3,0.00,0.000,0.000,300,22,0
idle-player,249.00,3,0.00,0.000,0.000,300,22,0
idle-player,249.50,3,0.00,0.000,0.000,300,22,0
idle-player,250.00,3,0.00,0.000,0.000,300,22,0
idle-player,250.50,3,0.00,0.000,0.000,300,22,0
idle-player,251.00,3,0.00,0.000,0.000,300,22,0
idle-player,251.50,3,0.00,0.000,0.000,300,22,0
idle-player,252.00,3,0.00,0.000,0.000,300,22,0
idle-player,252.50,3,0.00,0.000,0.000,300,22,0
idle-player,253.00,3,0.00,0.000,0.000,300,22,0
idle-player,253.50,3,0.00,0.000,0.000,300,22,0
idle-player,254.00,3,0.00,0.000,0.000,300,22,0
idle-player,254.50,3,0.00,0.000,0.000,300,22,0
idle-player,255.00,3,0.00,0.000,0.000,300,22,0
idle-player,255.50,3,0.00,0.000,0.000,300,22,0
idle-player,256.00,3,0.00,0.000,0.000,300,22,0
idle-player,256.50,3,0.00,0.000,0.000,300,22,0
idle-player,257.00,3,0.00,0.000,0.000,300,22,0
idle-player,257.50,3,0.00,0.000,0.000,300,22,0
idle-player,258.00,3,0.00,0.000,0.000,300,22,0
idle-player,258.50,3,0.00,0.000,0.000,300,22,0
idle-player,259.00,3,0.00,0.000,0.000,300,22,0
idle-player,259.50,3,0.00,0.000,0.000,300,22,0
idle-player,260.00,3,0.00,0.000,0.000,300,22,0
idle-player,260.50,3,0.00,0.000,0.000,300,22,0
idle-player,261.00,3,0.00,0.000,0.000,300,22,0
idle-player,261.50,3,0.00,0.000,0.000,300,22,0
idle-player,262.00,3,0.00,0.000,0.000,300,22,0
idle-player,262.50,3,0.00,0.000,0.000,300,22,0
idle-player,263.00,3,0.00,0.000,0.000,300,22,0
idle-player,263.50,3,0.00,0.000,0.000,300,22,0
idle-player,264.00,3,0.00,0.000,0.000,300,22,0
idle-player,264.50,3,0.00,0.000,0.000,300,22,0
idle-player,265.00,3,0.00,0.000,0.000,300,22,0
idle-player,265.50,3,0.00,0.000,0.000,300,22,0
idle-player,266.00,3,0.00,0.000,0.000,300,22,0
idle-player,266.50,3,0.00,0.000,0.000,300,22,0
idle-player,267.00,3,0.00,0.000,0.000,300,22,0
idle-player,267.50,3,0.00,0.000,0.000,300,22,0
idle-player,268.00,3,0.00,0.000,0.000,300,22,0
idle-player,268.50,3,0.00,0.000,0.000,300,22,0
idle-player,269.00,3,0.00,0.000,0.000,300,22,0
idle-player,269.50,3,0.00,0.000,0.000,300,22,0
idle-player,270.00,3,0.00,0.000,0.000,300,22,0
idle-player,270.50,3,0.00,0.000,0.000,300,22,0
idle-player,271.00,3,0.00,0.000,0.000,300,22,0
idle-player,271.50,3,0.00,0.000,0.000,300,22,0
idle-player,272.00,3,0.00,0.000,0.000,300,22,0
idle-player,272.50,3,0.00,0.000,0.000,300,22,0
idle-player,273.00,3,0.00,0.000,0.000,300,22,0
idle-player,273.50,3,0.00,0.000,0.000,300,22,0
idle-player,274.00,3,0.00,0.000,0.000,300,22,0
idle-player,274.50,3,0.00,0.000,0.000,300,22,0
idle-player,275.00,3,0.00,0.000,0.000,300,22,0
idle-player,275.50,3,0.00,0.000,0.000,300,22,0
idle-player,276.00,3,0.00,0.000,0.000,300,22,0
idle-player,276.50,3,0.00,0.000,0.000,300,22,0
idle-player,277.00,3,0.00,0.000,0.000,300,22,0
idle-player,277.50,3,0.00,0.000,0.000,300,22,0
idle-player,278.00,3,0.00,0.000,0.000,300,22,0
idle-player,278.50,3,0.00,0.000,0.000,300,22,0
idle-player,279.00,3,0.00,0.000,0.000,300,22,0
idle-player,279.50,3,0.00,0.000,0.000,300,22,0
idle-player,280.00,3,0.00,0.000,0.000,300,22,0
idle-player,280.50,3,0.00,0.000,0.000,300,22,0
idle-player,281.00,3,0.00,0.000,0.000,300,22,0
idle-player,281.50,3,0.00,0.000,0.000,300,22,0
idle-player,282.00,3,0.00,0.000,0.000,300,22,0
idle-player,282.50,3,0.00,0.000,0.000,300,22,0
idle-player,283.00,3,0.00,0.000,0.000,300,22,0
idle-player,283.50,3,0.00,0.000,0.000,300,22,0
idle-player,284.00,3,0.00,0.000,0.000,300,22,0
idle-player,284.50,3,0.00,0.000,0.000,300,22,0
idle-player,285.00,3,0.00,0.000,0.000,300,22,0
idle-player,285.50,3,0.00,0.000,0.000,300,22,0
idle-player,286.00,3,0.00,0.000,0.000,300,22,0
idle-player,286.50,3,0.00,0.000,0.000,300,22,0
idle-player,287.00,3,0.00,0.000,0.000,300,22,0
idle-player,287.50,3,0.00,0.000,0.000,300,22,0
idle-player,288.00,3,0.00,0.000,0.000,300,22,0
idle-player,288.50,3,0.00,0.000,0.000,300,22,0
idle-player,289.00,3,0.00,0.000,0.000,300,22,0
idle-player,289.50,3,0.00,0.000,0.000,300,22,0
idle-player,290.00,3,0.00,0.000,0.000,300,22,0
idle-player,290.50,3,0.00,0.000,0.000,300,22,0
idle-player,291.00,3,0.00,0.000,0.000,300,22,0
idle-player,291.50,3,0.00,0.000,0.000,300,22,0
idle-player,292.00,3,0.00,0.000,0.000,300,22,0
idle-player,292.50,3,0.00,0.000,0.000,300,22,0
idle-player,293.00,3,0.00,0.000,0.000,300,22,0
idle-player,293.50,3,0.00,0.000,0.000,300,22,0
idle-player,294.00,3,0.00,0.000,0.000,300,22,0
idle-player,294.50,3,0.00,0.000,0.000,300,22,0
idle-player,295.00,3,0.00,0.000,0.000,300,22,0
idle-player,295.50,3,0.00,0.000,0.000,300,22,0
idle-player,296.00,3,0.00,0.000,0.000,300,22,0
idle-player,296.50,3,0.00,0.000,0.000,300,22,0
idle-player,297.00,3,0.00,0.000,0.000,300,22,0
idle-player,297.50,3,0.00,0.000,0.000,300,22,0
idle-player,298.00,3,0.00,0.000,0.000,300,22,0
idle-player,298.50,3,0.00,0.000,0.000,300,22,0
idle-player,299.00,3,0.00,0.000,0.000,300,22,0
idle-player,299.50,3,0.00,0.000,0.000,300,22,0
idle-player,300.00,3,0.00,0.000,0.000,300,22,0
idle-player,300.50,3,0.00,0.000,0.000,300,22,0
idle-player,301.00,3,0.00,0.000,0.000,300,22,0
idle-player,301.50,3,0.00,0.000,0.000,300,22,0
idle-player,302.00,3,0.00,0.000,0.000,300,22,0
idle-player,302.50,3,0.00,0.000,0.000,300,22,0
idle-player,303.00,3,0.00,0.000,0.000,300,22,0
idle-player,303.50,3,0.00,0.000,0.000,300,22,0
idle-player,304.00,3,0.00,0.000,0.000,300,22,0
idle-player,304.50,3,0.00,0.000,0.000,300,22,0
idle-player,305.00,3,0.00,0.000,0.000,300,22,0
idle-player,305.50,3,0.00,0.000,0.000,300,22,0
idle-player,306.00,3,0.00,0.000,0.000,300,22,0
idle-player,306.50,3,0.00,0.000,0.000,300,22,0
idle-player,307.00,3,0.00,0.000,0.000,300,22,0
idle-player,307.50,3,0.00,0.000,0.000,300,22,0
idle-player,308.00,3,0.00,0.000,0.000,300,22,0
idle-player,308.50,3,0.00,0.000,0.000,300,22,0
idle-player,309.00,3,0.00,0.000,0.000,300,22,0
idle-player,309.50,3,0.00,0.000,0.000,300,22,0
idle-player,310.00,3,0.00,0.000,0.000,300,22,0
idle-player,310.50,3,0.00,0.000,0.000,300,22,0
idle-player,311.00,3,0.00,0.000,0.000,300,22,0
idle-player,311.50,3,0.00,0.000,0.000,300,22,0
idle-player,312.00,3,0.00,0.000,0.000,300,22,0
idle-player,312.50,3,0.00,0.000,0.000,300,22,0
idle-player,313.00,3,0.00,0.000,0.000,300,22,0
idle-player,313.50,3,0.00,0.000,0.000,300,22,0
idle-player,314.00,3,0.00,0.000,0.000,300,22,0
idle-player,314.50,3,0.00,0.000,0.000,300,22,0
idle-player,315.00,3,0.00,0.000,0.000,300,22,0
idle-player,315.50,3,0.00,0.000,0.000,300,22,0
idle-player,316.00,3,0.00,0.000,0.000,300,22,0
idle-player,316.50,3,0.00,0.000,0.000,300,22,0
idle-player,317.00,3,0.00,0.000,0.000,300,22,0
idle-player,317.50,3,0.00,0.000,0.000,300,22,0
idle-player,318.00,3,0.00,0.000,0.000,300,22,0
idle-player,318.50,3,0.00,0.000,0.000,300,22,0
idle-player,319.00,3,0.00,0.000,0.000,300,22,0
idle-player,319.50,3,0.00,0.000,0.000,300,22,0
idle-player,320.00,3,0.00,0.000,0.000,300,22,0
idle-player,320.50,3,0.00,0.000,0.000,300,22,0
idle-player,321.00,3,0.00,0.000,0.000,300,22,0
idle-player,321.50,3,0.00,0.000,0.000,300,22,0
idle-player,322.00,3,0.00,0.000,0.000,300,22,0
idle-player,322.50,3,0.00,0.000,0.000,300,22,0
idle-player,323.00,3,0.00,0.000,0.000,300,22,0
idle-player,323.50,3,0.00,0.000,0.000,300,22,0
idle-player,324.00,3,0.00,0.000,0.000,300,22,0
idle-player,324.50,3,0.00,0.000,0.000,300,22,0
idle-player,325.00,3,0.00,0.000,0.000,300,22,0
idle-player,325.50,3,0.00,0.000,0.000,300,22,0
idle-player,326.00,3,0.00,0.000,0.000,300,22,0
idle-player,326.50,3,0.00,0.000,0.000,300,22,0
idle-player,327.00,3,0.00,0.000,0.000,300,22,0
idle-player,327.50,3,0.00,0.000,0.000,300,22,0
idle-player,328.00,3,0.00,0.000,0.000,300,22,0
idle-player,328.50,3,0.00,0.000,0.000,300,22,0
idle-player,329.00,3,0.00,0.000,0.000,300,22,0
idle-player,329.50,3,0.00,0.000,0.000,300,22,0
idle-player,330.00,3,0.00,0.000,0.000,300,22,0
idle-player,330.50,3,0.00,0.000,0.000,300,22,0
idle-player,331.00,3,0.00,0.000,0.000,300,22,0
idle-player,331.50,3,0.00,0.000,0.000,300,22,0
idle-player,332.00,3,0.00,0.000,0.000,300,22,0
idle-player,332.50,3,0.00,0.000,0.000,300,22,0
idle-player,333.00,3,0.00,0.000,0.000,300,22,0
idle-player,333.50,3,0.00,0.000,0.000,300,22,0
idle-player,334.00,3,0.00,0.000,0.000,300,22,0
idle-player,334.50,3,0.00,0.000,0.000,300,22,0
idle-player,335.00,3,0.00,0.000,0.000,300,22,0
idle-player,335.50,3,0.00,0.000,0.000,300,22,0
idle-player,336.00,3,0.00,0.000,0.000,300,22,0
idle-player,336.50,3,0.00,0.000,0.000,300,22,0
idle-player,337.00,3,0.00,0.000,0.000,300,22,0
idle-player,337.50,3,0.00,0.000,0.000,300,22,0
idle-player,338.00,3,0.00,0.000,0.000,300,22,0
idle-player,338.50,3,0.00,0.000,0.000,300,22,0
idle-player,339.00,3,0.00,0.000,0.000,300,22,0
idle-player,339.50,3,0.00,0.000,0.000,300,22,0
idle-player,340.00,3,0.00,0.000,0.000,300,22,0
idle-player,340.50,3,0.00,0.000,0.000,300,22,0
idle-player,341.00,3,0.00,0.000,0.000,300,22,0
idle-player,341.50,3,0.00,0.000,0.000,300,22,0
idle-player,342.00,3,0.00,0.000,0.000,300,22,0
idle-player,342.50,3,0.00,0.000,0.000,300,22,0
idle-player,343.00,3,0.00,0.000,0.000,300,22,0
idle-player,343.50,3,0.00,0.000,0.000,300,22,0
idle-player,344.00,3,0.00,0.000,0.000,300,22,0
idle-player,344.50,3,0.00,0.000,0.000,300,22,0
idle-player,345.00,3,0.00,0.000,0.000,300,22,0
idle-player,345.50,3,0.00,0.000,0.000,300,22,0
idle-player,346.00,3,0.00,0.000,0.000,300,22,0
idle-player,346.50,3,0.00,0.000,0.000,300,22,0
idle-player,347.00,3,0.00,0.000,0.000,300,22,0
idle-player,347.50,3,0.00,0.000,0.000,300,22,0
idle-player,348.00,3,0.00,0.000,0.000,300,22,0
idle-player,348.50,3,0.00,0.000,0.000,300,22,0
idle-player,349.00,3,0.00,0.000,0.000,300,22,0
idle-player,349.50,3,0.00,0.000,0.000,300,22,0
idle-player,350.00,3,0.00,0.000,0.000,300,22,0
idle-player,350.50,3,0.00,0.000,0.000,300,22,0
idle-player,351.00,3,0.00,0.000,0.000,300,22,0
idle-player,351.50,3,0.00,0.000,0.000,300,22,0
idle-player,352.00,3,0.00,0.000,0.000,300,22,0
idle-player,352.50,3,0.00,0.000,0.000,300,22,0
idle-player,353.00,3,0.00,0.000,0.000,300,22,0
idle-player,353.50,3,0.00,0.000,0.000,300,22,0
idle-player,354.00,3,0.00,0.000,0.000,300,22,0
idle-player,354.50,3,0.00,0.000,0.000,300,22,0
idle-player,355.00,3,0.00,0.000,0.000,300,22,0
idle-player,355.50,3,0.00,0.000,0.000,300,22,0
idle-player,356.00,3,0.00,0.000,0.000,300,22,0
idle-player,356.50,3,0.00,0.000,0.000,300,22,0
idle-player,357.00,3,0.00,0.000,0.000,300,22,0
idle-player,357.50,3,0.00,0.000,0.000,300,22,0
idle-player,358.00,3,0.00,0.000,0.000,300,22,0
idle-player,358.50,3,0.00,0.000,0.000,300,22,0
idle-player,359.00,3,0.00,0.000,0.000,300,22,0
idle-player,359.50,3,0.00,0.000,0.000,300,22,0
idle-player,360.00,3,0.00,0.000,0.000,300,22,0
idle-player,360.50,3,0.00,0.000,0.000,300,22,0
idle-player,361.00,3,0.00,0.000,0.000,300,22,0
idle-player,361.50,3,0.00,0.000,0.000,300,22,0
idle-player,362.00,3,0.00,0.000,0.000,300,22,0
idle-player,362.50,3,0.00,0.000,0.000,300,22,0
idle-player,363.00,3,0.00,0.000,0.000,300,22,0
idle-player,363.50,3,0.00,0.000,0.000,300,22,0
idle-player,364.00,3,0.00,0.000,0.000,300,22,0
idle-player,364.50,3,0.00,0.000,0.000,300,22,0
idle-player,365.00,3,0.00,0.000,0.000,300,22,0
idle-player,365.50,3,0.00,0.000,0.000,300,22,0
idle-player,366.00,3,0.00,0.000,0.000,300,22,0
idle-player,366.50,3,0.00,0.000,0.000,300,22,0
idle-player,367.00,3,0.00,0.000,0.000,300,22,0
idle-player,367.50,3,0.00,0.000,0.000,300,22,0
idle-player,368.00,3,0.00,0.000,0.000,300,22,0
idle-player,368.50,3,0.00,0.000,0.000,300,22,0
idle-player,369.00,3,0.00,0.000,0.000,300,22,0
idle-player,369.50,3,0.00,0.000,0.000,300,22,0
idle-player,370.00,3,0.00,0.000,0.000,300,22,0
idle-player,370.50,3,0.00,0.000,0.000,300,22,0
idle-player,371.00,3,0.00,0.000,0.000,300,22,0
idle-player,371.50,3,0.00,0.000,0.000,300,22,0
idle-player,372.00,3,0.00,0.000,0.000,300,22,0
idle-player,372.50,3,0.00,0.000,0.000,300,22,0
idle-player,373.00,3,0.00,0.000,0.000,300,22,0
idle-player,373.50,3,0.00,0.000,0.000,300,22,0
idle-player,374.00,3,0.00,0.000,0.000,300,22,0
idle-player,374.50,3,0.00,0.000,0.000,300,22,0
idle-player,375.00,3,0.00,0.000,0.000,300,22,0
idle-player,375.50,3,0.00,0.000,0.000,300,22,0
idle-player,376.00,3,0.00,0.000,0.000,300,22,0
idle-player,376.50,3,0.00,0.000,0.000,300,22,0
idle-player,377.00,3,0.00,0.000,0.000,300,22,0
idle-player,377.50,3,0.00,0.000,0.000,300,22,0
idle-player,378.00,3,0.00,0.000,0.000,300,22,0
idle-player,378.50,3,0.00,0.000,0.000,300,22,0
idle-player,379.00,3,0.00,0.000,0.000,300,22,0
idle-player,379.50,3,0.00,0.000,0.000,300,22,0
idle-player,380.00,3,0.00,0.000,0.000,300,22,0
idle-player,380.50,3,0.00,0.000,0.000,300,22,0
idle-player,381.00,3,0.00,0.000,0.000,300,22,0
idle-player,381.50,3,0.00,0.000,0.000,300,22,0
idle-player,382.00,3,0.00,0.000,0.000,300,22,0
idle-player,382.50,3,0.00,0.000,0.000,300,22,0
idle-player,383.00,3,0.00,0.000,0.000,300,22,0
idle-player,383.50,3,0.00,0.000,0.000,300,22,0
idle-player,384.00,3,0.00,0.000,0.000,300,22,0
idle-player,384.50,3,0.00,0.000,0.000,300,22,0
idle-player,385.00,3,0.00,0.000,0.000,300,22,0
idle-player,385.50,3,0.00,0.000,0.000,300,22,0
idle-player,386.00,3,0.00,0.000,0.000,300,22,0
idle-player,386.50,3,0.00,0.000,0.000,300,22,0
idle-player,387.00,3,0.00,0.000,0.000,300,22,0
idle-player,387.50,3,0.00,0.000,0.000,300,22,0
idle-player,388.00,3,0.00,0.000,0.000,300,22,0
idle-player,388.50,3,0.00,0.000,0.000,300,22,0
idle-player,389.00,3,0.00,0.000,0.000,300,22,0
idle-player,389.50,3,0.00,0.000,0.000,300,22,0
idle-player,390.00,3,0.00,0.000,0.000,300,22,0
idle-player,390.50,3,0.00,0.000,0.000,300,22,0
idle-player,391.00,3,0.00,0.000,0.000,300,22,0
idle-player,391.50,3,0.00,0.000,0.000,300,22,0
idle-player,392.00,3,0.00,0.000,0.000,300,22,0
idle-player,392.50,3,0.00,0.000,0.000,300,22,0
idle-player,393.00,3,0.00,0.000,0.000,300,22,0
idle-player,393.50,3,0.00,0.000,0.000,300,22,0
idle-player,394.00,3,0.00,0.000,0.000,300,22,0
idle-player,394.50,3,0.00,0.000,0.000,300,22,0
idle-player,395.00,3,0.00,0.000,0.000,300,22,0
idle-player,395.50,3,0.00,0.000,0.000,300,22,0
idle-player,396.00,3,0.00,0.000,0.000,300,22,0
idle-player,396.50,3,0.00,0.000,0.000,300,22,0
idle-player,397.00,3,0.00,0.000,0.000,300,22,0
idle-player,397.50,3,0.00,0.000,0.000,300,22,0
idle-player,398.00,3,0.00,0.000,0.000,300,22,0
idle-player,398.50,3,0.00,0.000,0.000,300,22,0
idle-player,399.00,3,0.00,0.000,0.000,300,22,0
idle-player,399.50,3,0.00,0.000,0.000,300,22,0
idle-player,400.00,3,0.00,0.000,0.000,300,22,0
idle-player,400.50,3,0.00,0.000,0.000,300,22,0
idle-player,401.00,3,0.00,0.000,0.000,300,22,0
idle-player,401.50,3,0.00,0.000,0.000,300,22,0
idle-player,402.00,3,0.00,0.000,0.000,300,22,0
idle-player,402.50,3,0.00,0.000,0.000,300,22,0
idle-player,403.00,3,0.00,0.000,0.000,300,22,0
idle-player,403.50,3,0.00,0.000,0.000,300,22,0
idle-player,404.00,3,0.00,0.000,0.000,300,22,0
idle-player,404.50,3,0.00,0.000,0.000,300,22,0
idle-player,405.00,3,0.00,0.000,0.000,300,22,0
idle-player,405.50,3,0.00,0.000,0.000,300,22,0
idle-player,406.00,3,0.00,0.000,0.000,300,22,0
idle-player,406.50,3,0.00,0.000,0.000,300,22,0
idle-player,407.00,3,0.00,0.000,0.000,300,22,0
idle-player,407.50,3,0.00,0.000,0.000,300,22,0
idle-player,408.00,3,0.00,0.000,0.000,300,22,0
idle-player,408.50,3,0.00,0.000,0.000,300,22,0
idle-player,409.00,3,0.00,0.000,0.000,300,22,0
idle-player,409.50,3,0.00,0.000,0.000,300,22,0
idle-player,410.00,3,0.00,0.000,0.000,300,22,0
idle-player,410.50,3,0.00,0.000,0.000,300,22,0
idle-player,411.00,3,0.00,0.000,0.000,300,22,0
idle-player,411.50,3,0.00,0.000,0.000,300,22,0
idle-player,412.00,3,0.00,0.000,0.000,300,22,0
idle-player,412.50,3,0.00,0.000,0.000,300,22,0
idle-player,413.00,3,0.00,0.000,0.000,300,22,0
idle-player,413.50,3,0.00,0.000,0.000,300,22,0
idle-player,414.00,3,0.00,0.000,0.000,300,22,0
idle-player,414.50,3,0.00,0.000,0.000,300,22,0
idle-player,415.00,3,0.00,0.000,0.000,300,22,0
idle-player,415.50,3,0.00,0.000,0.000,300,22,0
idle-player,416.00,3,0.00,0.000,0.000,300,22,0
idle-player,416.50,3,0.00,0.000,0.000,300,22,0
idle-player,417.00,3,0.00,0.000,0.000,300,22,0
idle-player,417.50,3,0.00,0.000,0.000,300,22,0
idle-player,418.00,3,0.00,0.000,0.000,300,22,0
idle-player,418.50,3,0.00,0.000,0.000,300,22,0
idle-player,419.00,3,0.00,0.000,0.000,300,22,0
idle-player,419.50,3,0.00,0.000,0.000,300,22,0
idle-player,420.00,3,0.00,0.000,0.000,300,22,0
idle-player,420.50,3,0.00,0.000,0.000,300,22,0
idle-player,421.00,3,0.00,0.000,0.000,300,22,0
idle-player,421.50,3,0.00,0.000,0.000,300,22,0
idle-player,422.00,3,0.00,0.000,0.000,300,22,0
idle-player,422.50,3,0.00,0.000,0.000,300,22,0
idle-player,423.00,3,0.00,0.000,0.000,300,22,0
idle-player,423.50,3,0.00,0.000,0.000,300,22,0
idle-player,424.00,3,0.00,0.000,0.000,300,22,0
idle-player,424.50,3,0.00,0.000,0.000,300,22,0
idle-player,425.00,3,0.00,0.000,0.000,300,22,0
idle-player,425.50,3,0.00,0.000,0.000,300,22,0
idle-player,426.00,3,0.00,0.000,0.000,300,22,0
idle-player,426.50,3,0.00,0.000,0.000,300,22,0
idle-player,427.00,3,0.00,0.000,0.000,300,22,0
idle-player,427.50,3,0.00,0.000,0.000,300,22,0
idle-player,428.00,3,0.00,0.000,0.000,300,22,0
idle-player,428.50,3,0.00,0.000,0.000,300,22,0
idle-player,429.00,3,0.00,0.000,0.000,300,22,0
idle-player,429.50,3,0.00,0.000,0.000,300,22,0
idle-player,430.00,3,0.00,0.000,0.000,300,22,0
idle-player,430.50,3,0.00,0.000,0.000,300,22,0
idle-player,431.00,3,0.00,0.000,0.000,300,22,0
idle-player,431.50,3,0.00,0.000,0.000,300,22,0
idle-player,432.00,3,0.00,0.000,0.000,300,22,0
idle-player,432.50,3,0.00,0.000,0.000,300,22,0
idle-player,433.00,3,0.00,0.000,0.000,300,22,0
idle-player,433.50,3,0.00,0.000,0.000,300,22,0
idle-player,434.00,3,0.00,0.000,0.000,300,22,0
idle-player,434.50,3,0.00,0.000,0.000,300,22,0
idle-player,435.00,3,0.00,0.000,0.000,300,22,0
idle-player,435.50,3,0.00,0.000,0.000,300,22,0
idle-player,436.00,3,0.00,0.000,0.000,300,22,0
idle-player,436.50,3,0.00,0.000,0.000,300,22,0
idle-player,437.00,3,0.00,0.000,0.000,300,22,0
idle-player,437.50,3,0.00,0.000,0.000,300,22,0
idle-player,438.00,3,0.00,0.000,0.000,300,22,0
idle-player,438.50,3,0.00,0.000,0.000,300,22,0
idle-player,439.00,3,0.00,0.000,0.000,300,22,0
idle-player,439.50,3,0.00,0.000,0.000,300,22,0
idle-player,440.00,3,0.00,0.000,0.000,300,22,0
idle-player,440.50,3,0.00,0.000,0.000,300,22,0
idle-player,441.00,3,0.00,0.000,0.000,300,22,0
idle-player,441.50,3,0.00,0.000,0.000,300,22,0
idle-player,442.00,3,0.00,0.000,0.000,300,22,0
idle-player,442.50,3,0.00,0.000,0.000,300,22,0
idle-player,443.00,3,0.00,0.000,0.000,300,22,0
idle-player,443.50,3,0.00,0.000,0.000,300,22,0
idle-player,444.00,3,0.00,0.000,0.000,300,22,0
idle-player,444.50,3,0.00,0.000,0.000,300,22,0
idle-player,445.00,3,0.00,0.000,0.000,300,22,0
idle-player,445.50,3,0.00,0.000,0.000,300,22,0
idle-player,446.00,3,0.00,0.000,0.000,300,22,0
idle-player,446.50,3,0.00,0.000,0.000,300,22,0
idle-player,447.00,3,0.00,0.000,0.000,300,22,0
idle-player,447.50,3,0.00,0.000,0.000,300,22,0
idle-player,448.00,3,0.00,0.000,0.000,300,22,0
idle-player,448.50,3,0.00,0.000,0.000,300,22,0
idle-player,449.00,3,0.00,0.000,0.000,300,22,0
idle-player,449.50,3,0.00,0.000,0.000,300,22,0
idle-player,450.00,3,0.00,0.000,0.000,300,22,0
idle-player,450.50,3,0.00,0.000,0.000,300,22,0
idle-player,451.00,3,0.00,0.000,0.000,300,22,0
idle-player,451.50,3,0.00,0.000,0.000,300,22,0
idle-player,452.00,3,0.00,0.000,0.000,300,22,0
idle-player,452.50,3,0.00,0.000,0.000,300,22,0
idle-player,453.00,3,0.00,0.000,0.000,300,22,0
idle-player,453.50,3,0.00,0.000,0.000,300,22,0
idle-player,454.00,3,0.00,0.000,0.000,300,22,0
idle-player,454.50,3,0.00,0.000,0.000,300,22,0
idle-player,455.00,3,0.00,0.000,0.000,300,22,0
idle-player,455.50,3,0.00,0.000,0.000,300,22,0
idle-player,456.00,3,0.00,0.000,0.000,300,22,0
idle-player,456.50,3,0.00,0.000,0.000,300,22,0
idle-player,457.00,3,0.00,0.000,0.000,300,22,0
idle-player,457.50,3,0.00,0.000,0.000,300,22,0
idle-player,458.00,3,0.00,0.000,0.000,300,22,0
idle-player,458.50,3,0.00,0.000,0.000,300,22,0
idle-player,459.00,3,0.00,0.000,0.000,300,22,0
idle-player,459.50,3,0.00,0.000,0.000,300,22,0
idle-player,460.00,3,0.00,0.000,0.000,300,22,0
idle-player,460.50,3,0.00,0.000,0.000,300,22,0
idle-player,461.00,3,0.00,0.000,0.000,300,22,0
idle-player,461.50,3,0.00,0.000,0.000,300,22,0
idle-player,462.00,3,0.00,0.000,0.000,300,22,0
idle-player,462.50,3,0.00,0.000,0.000,300,22,0
idle-player,463.00,3,0.00,0.000,0.000,300,22,0
idle-player,463.50,3,0.00,0.000,0.000,300,22,0
idle-player,464.00,3,0.00,0.000,0.000,300,22,0
idle-player,464.50,3,0.00,0.000,0.000,300,22,0
idle-player,465.00,3,0.00,0.000,0.000,300,22,0
idle-player,465.50,3,0.00,0.000,0.000,300,22,0
idle-player,466.00,3,0.00,0.000,0.000,300,22,0
idle-player,466.50,3,0.00,0.000,0.000,300,22,0
idle-player,467.00,3,0.00,0.000,0.000,300,22,0
idle-player,467.50,3,0.00,0.000,0.000,300,22,0
idle-player,468.00,3,0.00,0.000,0.000,300,22,0
idle-player,468.50,3,0.00,0.000,0.000,300,22,0
idle-player,469.00,3,0.00,0.000,0.000,300,22,0
idle-player,469.50,3,0.00,0.000,0.000,300,22,0
idle-player,470.00,3,0.00,0.000,0.000,300,22,0
idle-player,470.50,3,0.00,0.000,0.000,300,22,0
idle-player,471.00,3,0.00,0.000,0.000,300,22,0
idle-player,471.50,3,0.00,0.000,0.000,300,22,0
idle-player,472.00,3,0.00,0.000,0.000,300,22,0
idle-player,472.50,3,0.00,0.000,0.000,300,22,0
idle-player,473.00,3,0.00,0.000,0.000,300,22,0
idle-player,473.50,3,0.00,0.000,0.000,300,22,0
idle-player,474.00,3,0.00,0.000,0.000,300,22,0
idle-player,474.50,3,0.00,0.000,0.000,300,22,0
idle-player,475.00,3,0.00,0.000,0.000,300,22,0
idle-player,475.50,3,0.00,0.000,0.000,300,22,0
idle-player,476.00,3,0.00,0.000,0.000,300,22,0
idle-player,476.50,3,0.00,0.000,0.000,300,22,0
idle-player,477.00,3,0.00,0.000,0.000,300,22,0
idle-player,477.50,3,0.00,0.000,0.000,300,22,0
idle-player,478.00,3,0.00,0.000,0.000,300,22,0
idle-player,478.50,3,0.00,0.000,0.000,300,22,0
idle-player,479.00,3,0.00,0.000,0.000,300,22,0
idle-player,479.50,3,0.00,0.000,0.000,300,22,0
idle-player,480.00,3,0.00,0.000,0.000,300,22,0
idle-player,480.50,3,0.00,0.000,0.000,300,22,0
idle-player,481.00,3,0.00,0.000,0.000,300,22,0
idle-player,481.50,3,0.00,0.000,0.000,300,22,0
idle-player,482.00,3,0.00,0.000,0.000,300,22,0
idle-player,482.50,3,0.00,0.000,0.000,300,22,0
idle-player,483.00,3,0.00,0.000,0.000,300,22,0
idle-player,483.50,3,0.00,0.000,0.000,300,22,0
idle-player,484.00,3,0.00,0.000,0.000,300,22,0
idle-player,484.50,3,0.00,0.000,0.000,300,22,0
idle-player,485.00,3,0.00,0.000,0.000,300,22,0
idle-player,485.50,3,0.00,0.000,0.000,300,22,0
idle-player,486.00,3,0.00,0.000,0.000,300,22,0
idle-player,486.50,3,0.00,0.000,0.000,300,22,0
idle-player,487.00,3,0.00,0.000,0.000,300,22,0
idle-player,487.50,3,0.00,0.000,0.000,300,22,0
idle-player,488.00,3,0.00,0.000,0.000,300,22,0
idle-player,488.50,3,0.00,0.000,0.000,300,22,0
idle-player,489.00,3,0.00,0.000,0.000,300,22,0
idle-player,489.50,3,0.00,0.000,0.000,300,22,0
idle-player,490.00,3,0.00,0.000,0.000,300,22,0
idle-player,490.50,3,0.00,0.000,0.000,300,22,0
idle-player,491.00,3,0.00,0.000,0.000,300,22,0
idle-player,491.50,3,0.00,0.000,0.000,300,22,0
idle-player,492.00,3,0.00,0.000,0.000,300,22,0
idle-player,492.50,3,0.00,0.000,0.000,300,22,0
idle-player,493.00,3,0.00,0.000,0.000,300,22,0
idle-player,493.50,3,0.00,0.000,0.000,300,22,0
idle-player,494.00,3,0.00,0.000,0.000,300,22,0
idle-player,494.50,3,0.00,0.000,0.000,300,22,0
idle-player,495.00,3,0.00,0.000,0.000,300,22,0
idle-player,495.50,3,0.00,0.000,0.000,300,22,0
idle-player,496.00,3,0.00,0.000,0.000,300,22,0
idle-player,496.50,3,0.00,0.000,0.000,300,22,0
idle-player,497.00,3,0.00,0.000,0.000,300,22,0
idle-player,497.50,3,0.00,0.000,0.000,300,22,0
idle-player,498.00,3,0.00,0.000,0.000,300,22,0
idle-player,498.50,3,0.00,0.000,0.000,300,22,0
idle-player,499.00,3,0.00,0.000,0.000,300,22,0
idle-player,499.50,3,0.00,0.000,0.000,300,22,0
idle-player,500.00,3,0.00,0.000,0.000,300,22,0
idle-player,500.50,3,0.00,0.000,0.000,300,22,0
idle-player,501.00,3,0.00,0.000,0.000,300,22,0
idle-player,501.50,3,0.00,0.000,0.000,300,22,0
idle-player,502.00,3,0.00,0.000,0.000,300,22,0
idle-player,502.50,3,0.00,0.000,0.000,300,22,0
idle-player,503.00,3,0.00,0.000,0.000,300,22,0
idle-player,503.50,3,0.00,0.000,0.000,300,22,0
idle-player,504.00,3,0.00,0.000,0.000,300,22,0
idle-player,504.50,3,0.00,0.000,0.000,300,22,0
idle-player,505.00,3,0.00,0.000,0.000,300,22,0
idle-player,505.50,3,0.00,0.000,0.000,300,22,0
idle-player,506.00,3,0.00,0.000,0.000,300,22,0
idle-player,506.50,3,0.00,0.000,0.000,300,22,0
idle-player,507.00,3,0.00,0.000,0.000,300,22,0
idle-player,507.50,3,0.00,0.000,0.000,300,22,0
idle-player,508.00,3,0.00,0.000,0.000,300,22,0
idle-player,508.50,3,0.00,0.000,0.000,300,22,0
idle-player,509.00,3,0.00,0.000,0.000,300,22,0
idle-player,509.50,3,0.00,0.000,0.000,300,22,0
idle-player,510.00,3,0.00,0.000,0.000,300,22,0
idle-player,510.50,3,0.00,0.000,0.000,300,22,0
idle-player,511.00,3,0.00,0.000,0.000,300,22,0
idle-player,511.50,3,0.00,0.000,0.000,300,22,0
idle-player,512.00,3,0.00,0.000,0.000,300,22,0
idle-player,512.50,3,0.00,0.000,0.000,300,22,0
idle-player,513.00,3,0.00,0.000,0.000,300,22,0
idle-player,513.50,3,0.00,0.000,0.000,300,22,0
idle-player,514.00,3,0.00,0.000,0.000,300,22,0
idle-player,514.50,3,0.00,0.000,0.000,300,22,0
idle-player,515.00,3,0.00,0.000,0.000,300,22,0
idle-player,515.50,3,0.00,0.000,0.000,300,22,0
idle-player,516.00,3,0.00,0.000,0.000,300,22,0
idle-player,516.50,3,0.00,0.000,0.000,300,22,0
idle-player,517.00,3,0.00,0.000,0.000,300,22,0
idle-player,517.50,3,0.00,0.000,0.000,300,22,0
idle-player,518.00,3,0.00,0.000,0.000,300,22,0
idle-player,518.50,3,0.00,0.000,0.000,300,22,0
idle-player,519.00,3,0.00,0.000,0.000,300,22,0
idle-player,519.50,3,0.00,0.000,0.000,300,22,0
idle-player,520.00,3,0.00,0.000,0.000,300,22,0
idle-player,520.50,3,0.00,0.000,0.000,300,22,0
idle-player,521.00,3,0.00,0.000,0.000,300,22,0
idle-player,521.50,3,0.00,0.000,0.000,300,22,0
idle-player,522.00,3,0.00,0.000,0.000,300,22,0
idle-player,522.50,3,0.00,0.000,0.000,300,22,0
idle-player,523.00,3,0.00,0.000,0.000,300,22,0
idle-player,523.50,3,0.00,0.000,0.000,300,22,0
idle-player,524.00,3,0.00,0.000,0.000,300,22,0
idle-player,524.50,3,0.00,0.000,0.000,300,22,0
idle-player,525.00,3,0.00,0.000,0.000,300,22,0
idle-player,525.50,3,0.00,0.000,0.000,300,22,0
idle-player,526.00,3,0.00,0.000,0.000,300,22,0
idle-player,526.50,3,0.00,0.000,0.000,300,22,0
idle-player,527.00,3,0.00,0.000,0.000,300,22,0
idle-player,527.50,3,0.00,0.000,0.000,300,22,0
idle-player,528.00,3,0.00,0.000,0.000,300,22,0
idle-player,528.50,3,0.00,0.000,0.000,300,22,0
idle-player,529.00,3,0.00,0.000,0.000,300,22,0
idle-player,529.50,3,0.00,0.000,0.000,300,22,0
idle-player,530.00,3,0.00,0.000,0.000,300,22,0
idle-player,530.50,3,0.00,0.000,0.000,300,22,0
idle-player,531.00,3,0.00,0.000,0.000,300,22,0
idle-player,531.50,3,0.00,0.000,0.000,300,22,0
idle-player,532.00,3,0.00,0.000,0.000,300,22,0
idle-player,532.50,3,0.00,0.000,0.000,300,22,0
idle-player,533.00,3,0.00,0.000,0.000,300,22,0
idle-player,533.50,3,0.00,0.000,0.000,300,22,0
idle-player,534.00,3,0.00,0.000,0.000,300,22,0
idle-player,534.50,3,0.00,0.000,0.000,300,22,0
idle-player,535.00,3,0.00,0.000,0.000,300,22,0
idle-player,535.50,3,0.00,0.000,0.000,300,22,0
idle-player,536.00,3,0.00,0.000,0.000,300,22,0
idle-player,536.50,3,0.00,0.000,0.000,300,22,0
idle-player,537.00,3,0.00,0.000,0.000,300,22,0
idle-player,537.50,3,0.00,0.000,0.000,300,22,0
idle-player,538.00,3,0.00,0.000,0.000,300,22,0
idle-player,538.50,3,0.00,0.000,0.000,300,22,0
idle-player,539.00,3,0.00,0.000,0.000,300,22,0
idle-player,539.50,3,0.00,0.000,0.000,300,22,0
idle-player,540.00,3,0.00,0.000,0.000,300,22,0
idle-player,540.50,3,0.00,0.000,0.000,300,22,0
idle-player,541.00,3,0.00,0.000,0.000,300,22,0
idle-player,541.50,3,0.00,0.000,0.000,300,22,0
idle-player,542.00,3,0.00,0.000,0.000,300,22,0
idle-player,542.50,3,0.00,0.000,0.000,300,22,0
idle-player,543.00,3,0.00,0.000,0.000,300,22,0
idle-player,543.50,3,0.00,0.000,0.000,300,22,0
idle-player,544.00,3,0.00,0.000,0.000,300,22,0
idle-player,544.50,3,0.00,0.000,0.000,300,22,0
idle-player,545.00,3,0.00,0.000,0.000,300,22,0
idle-player,545.50,3,0.00,0.000,0.000,300,22,0
idle-player,546.00,3,0.00,0.000,0.000,300,22,0
idle-player,546.50,3,0.00,0.000,0.000,300,22,0
idle-player,547.00,3,0.00,0.000,0.000,300,22,0
idle-player,547.50,3,0.00,0.000,0.000,300,22,0
idle-player,548.00,3,0.00,0.000,0.000,300,22,0
idle-player,548.50,3,0.00,0.000,0.000,300,22,0
idle-player,549.00,3,0.00,0.000,0.000,300,22,0
idle-player,549.50,3,0.00,0.000,0.000,300,22,0
idle-player,550.00,3,0.00,0.000,0.000,300,22,0
idle-player,550.50,3,0.00,0.000,0.000,300,22,0
idle-player,551.00,3,0.00,0.000,0.000,300,22,0
idle-player,551.50,3,0.00,0.000,0.000,300,22,0
idle-player,552.00,3,0.00,0.000,0.000,300,22,0
idle-player,552.50,3,0.00,0.000,0.000,300,22,0
idle-player,553.00,3,0.00,0.000,0.000,300,22,0
idle-player,553.50,3,0.00,0.000,0.000,300,22,0
idle-player,554.00,3,0.00,0.000,0.000,300,22,0
idle-player,554.50,3,0.00,0.000,0.000,300,22,0
idle-player,555.00,3,0.00,0.000,0.000,300,22,0
idle-player,555.50,3,0.00,0.000,0.000,300,22,0
idle-player,556.00,3,0.00,0.000,0.000,300,22,0
idle-player,556.50,3,0.00,0.000,0.000,300,22,0
idle-player,557.00,3,0.00,0.000,0.000,300,22,0
idle-player,557.50,3,0.00,0.000,0.000,300,22,0
idle-player,558.00,3,0.00,0.000,0.000,300,22,0
idle-player,558.50,3,0.00,0.000,0.000,300,22,0
idle-player,559.00,3,0.00,0.000,0.000,300,22,0
idle-player,559.50,3,0.00,0.000,0.000,300,22,0
idle-player,560.00,3,0.00,0.000,0.000,300,22,0
idle-player,560.50,3,0.00,0.000,0.000,300,22,0
idle-player,561.00,3,0.00,0.000,0.000,300,22,0
idle-player,561.50,3,0.00,0.000,0.000,300,22,0
idle-player,562.00,3,0.00,0.000,0.000,300,22,0
idle-player,562.50,3,0.00,0.000,0.000,300,22,0
idle-player,563.00,3,0.00,0.000,0.000,300,22,0
idle-player,563.50,3,0.00,0.000,0.000,300,22,0
idle-player,564.00,3,0.00,0.000,0.000,300,22,0
idle-player,564.50,3,0.00,0.000,0.000,300,22,0
idle-player,565.00,3,0.00,0.000,0.000,300,22,0
idle-player,565.50,3,0.00,0.000,0.000,300,22,0
idle-player,566.00,3,0.00,0.000,0.000,300,22,0
idle-player,566.50,3,0.00,0.000,0.000,300,22,0
idle-player,567.00,3,0.00,0.000,0.000,300,22,0
idle-player,567.50,3,0.00,0.000,0.000,300,22,0
idle-player,568.00,3,0.00,0.000,0.000,300,22,0
idle-player,568.50,3,0.00,0.000,0.000,300,22,0
idle-player,569.00,3,0.00,0.000,0.000,300,22,0
idle-player,569.50,3,0.00,0.000,0.000,300,22,0
idle-player,570.00,3,0.00,0.000,0.000,300,22,0
idle-player,570.50,3,0.00,0.000,0.000,300,22,0
idle-player,571.00,3,0.00,0.000,0.000,300,22,0
idle-player,571.50,3,0.00,0.000,0.000,300,22,0
idle-player,572.00,3,0.00,0.000,0.000,300,22,0
idle-player,572.50,3,0.00,0.000,0.000,300,22,0
idle-player,573.00,3,0.00,0.000,0.000,300,22,0
idle-player,573.50,3,0.00,0.000,0.000,300,22,0
idle-player,574.00,3,0.00,0.000,0.000,300,22,0
idle-player,574.50,3,0.00,0.000,0.000,300,22,0
idle-player,575.00,3,0.00,0.000,0.000,300,22,0
idle-player,575.50,3,0.00,0.000,0.000,300,22,0
idle-player,576.00,3,0.00,0.000,0.000,300,22,0
idle-player,576.50,3,0.00,0.000,0.000,300,22,0
idle-player,577.00,3,0.00,0.000,0.000,300,22,0
idle-player,577.50,3,0.00,0.000,0.000,300,22,0
idle-player,578.00,3,0.00,0.000,0.000,300,22,0
idle-player,578.50,3,0.00,0.000,0.000,300,22,0
idle-player,579.00,3,0.00,0.000,0.000,300,22,0
idle-player,579.50,3,0.00,0.000,0.000,300,22,0
idle-player,580.00,3,0.00,0.000,0.000,300,22,0
idle-player,580.50,3,0.00,0.000,0.000,300,22,0
idle-player,581.00,3,0.00,0.000,0.000,300,22,0
idle-player,581.50,3,0.00,0.000,0.000,300,22,0
idle-player,582.00,3,0.00,0.000,0.000,300,22,0
idle-player,582.50,3,0.00,0.000,0.000,300,22,0
idle-player,583.00,3,0.00,0.000,0.000,300,22,0
idle-player,583.50,3,0.00,0.000,0.000,300,22,0
idle-player,584.00,3,0.00,0.000,0.000,300,22,0
idle-player,584.50,3,0.00,0.000,0.000,300,22,0
idle-player,585.00,3,0.00,0.000,0.000,300,22,0
idle-player,585.50,3,0.00,0.000,0.000,300,22,0
idle-player,586.00,3,0.00,0.000,0.000,300,22,0
idle-player,586.50,3,0.00,0.000,0.000,300,22,0
idle-player,587.00,3,0.00,0.000,0.000,300,22,0
idle-player,587.50,3,0.00,0.000,0.000,300,22,0
idle-player,588.00,3,0.00,0.000,0.000,300,22,0
idle-player,588.50,3,0.00,0.000,0.000,300,22,0
idle-player,589.00,3,0.00,0.000,0.000,300,22,0
idle-player,589.50,3,0.00,0.000,0.000,300,22,0
idle-player,590.00,3,0.00,0.000,0.000,300,22,0
idle-player,590.50,3,0.00,0.000,0.000,300,22,0
idle-player,591.00,3,0.00,0.000,0.000,300,22,0
idle-player,591.50,3,0.00,0.000,0.000,300,22,0
idle-player,592.00,3,0.00,0.000,0.000,300,22,0
idle-player,592.50,3,0.00,0.000,0.000,300,22,0
idle-player,593.00,3,0.00,0.000,0.000,300,22,0
idle-player,593.50,3,0.00,0.000,0.000,300,22,0
idle-player,594.00,3,0.00,0.000,0.000,300,22,0
idle-player,594.50,3,0.00,0.000,0.000,300,22,0
idle-player,595.00,3,0.00,0.000,0.000,300,22,0
idle-player,595.50,3,0.00,0.000,0.000,300,22,0
idle-player,596.00,3,0.00,0.000,0.000,300,22,0
idle-player,596.50,3,0.00,0.000,0.000,300,22,0
idle-player,597.00,3,0.00,0.000,0.000,300,22,0
idle-player,597.50,3,0.00,0.000,0.000,300,22,0
idle-player,598.00,3,0.00,0.000,0.000,300,22,0
idle-player,598.50,3,0.00,0.000,0.000,300,22,0
idle-player,599.00,3,0.00,0.000,0.000,300,22,0
idle-player,599.50,3,0.00,0.000,0.000,300,22,0
idle-player,600.00,3,0.00,0.000,0.000,300,22,0
idle-player,600.50,3,0.00,0.000,0.000,300,22,0
idle-player,601.00,3,0.00,0.000,0.000,300,22,0
idle-player,601.50,3,0.00,0.000,0.000,300,22,0
idle-player,602.00,3,0.00,0.000,0.000,300,22,0
idle-player,602.50,3,0.00,0.000,0.000,300,22,0
idle-player,603.00,3,0.00,0.000,0.000,300,22,0
idle-player,603.50,3,0.00,0.000,0.000,300,22,0
idle-player,604.00,3,0.00,0.000,0.000,300,22,0
idle-player,604.50,3,0.00,0.000,0.000,300,22,0
idle-player,605.00,3,0.00,0.000,0.000,300,22,0
idle-player,605.50,3,0.00,0.000,0.000,300,22,0
idle-player,606.00,3,0.00,0.000,0.000,300,22,0
idle-player,606.50,3,0.00,0.000,0.000,300,22,0
idle-player,607.00,3,0.00,0.000,0.000,300,22,0
idle-player,607.50,3,0.00,0.000,0.000,300,22,0
idle-player,608.00,3,0.00,0.000,0.000,300,22,0
idle-player,608.50,3,0.00,0.000,0.000,300,22,0
idle-player,609.00,3,0.00,0.000,0.000,300,22,0
idle-player,609.50,3,0.00,0.000,0.000,300,22,0
idle-player,610.00,3,0.00,0.000,0.000,300,22,0
idle-player,610.50,3,0.00,0.000,0.000,300,22,0
idle-player,611.00,3,0.00,0.000,0.000,300,22,0
idle-player,611.50,3,0.00,0.000,0.000,300,22,0
idle-player,612.00,3,0.00,0.000,0.000,300,22,0
idle-player,612.50,3,0.00,0.000,0.000,300,22,0
idle-player,613.00,3,0.00,0.000,0.000,300,22,0
idle-player,613.50,3,0.00,0.000,0.000,300,22,0
idle-player,614.00,3,0.00,0.000,0.000,300,22,0
idle-player,614.50,3,0.00,0.000,0.000,300,22,0
idle-player,615.00,3,0.00,0.000,0.000,300,22,0
idle-player,615.50,3,0.00,0.000,0.000,300,22,0
idle-player,616.00,3,0.00,0.000,0.000,300,22,0
idle-player,616.50,3,0.00,0.000,0.000,300,22,0
idle-player,617.00,3,0.00,0.000,0.000,300,22,0
idle-player,617.50,3,0.00,0.000,0.000,300,22,0
idle-player,618.00,3,0.00,0.000,0.000,300,22,0
idle-player,618.50,3,0.00,0.000,0.000,300,22,0
idle-player,619.00,3,0.00,0.000,0.000,300,22,0
idle-player,619.50,3,0.00,0.000,0.000,300,22,0
idle-player,620.00,3,0.00,0.000,0.000,300,22,0
idle-player,620.50,3,0.00,0.000,0.000,300,22,0
idle-player,621.00,3,0.00,0.000,0.000,300,22,0
idle-player,621.50,3,0.00,0.000,0.000,300,22,0
idle-player,622.00,3,0.00,0.000,0.000,300,22,0
idle-player,622.50,3,0.00,0.000,0.000,300,22,0
idle-player,623.00,3,0.00,0.000,0.000,300,22,0
idle-player,623.50,3,0.00,0.000,0.000,300,22,0
idle-player,624.00,3,0.00,0.000,0.000,300,22,0
idle-player,624.50,3,0.00,0.000,0.000,300,22,0
idle-player,625.00,3,0.00,0.000,0.000,300,22,0
idle-player,625.50,3,0.00,0.000,0.000,300,22,0
idle-player,626.00,3,0.00,0.000,0.000,300,22,0
idle-player,626.50,3,0.00,0.000,0.000,300,22,0
idle-player,627.00,3,0.00,0.000,0.000,300,22,0
idle-player,627.50,3,0.00,0.000,0.000,300,22,0
idle-player,628.00,3,0.00,0.000,0.000,300,22,0
idle-player,628.50,3,0.00,0.000,0.000,300,22,0
idle-player,629.00,3,0.00,0.000,0.000,300,22,0
idle-player,629.50,3,0.00,0.000,0.000,300,22,0
idle-player,630.00,3,0.00,0.000,0.000,300,22,0
idle-player,630.50,3,0.00,0.000,0.000,300,22,0
idle-player,631.00,3,0.00,0.000,0.000,300,22,0
idle-player,631.50,3,0.00,0.000,0.000,300,22,0
idle-player,632.00,3,0.00,0.000,0.000,300,22,0
idle-player,632.50,3,0.00,0.000,0.000,300,22,0
idle-player,633.00,3,0.00,0.000,0.000,300,22,0
idle-player,633.50,3,0.00,0.000,0.000,300,22,0
idle-player,634.00,3,0.00,0.000,0.000,300,22,0
idle-player,634.50,3,0.00,0.000,0.000,300,22,0
idle-player,635.00,3,0.00,0.000,0.000,300,22,0
idle-player,635.50,3,0.00,0.000,0.000,300,22,0
idle-player,636.00,3,0.00,0.000,0.000,300,22,0
idle-player,636.50,3,0.00,0.000,0.000,300,22,0
idle-player,637.00,3,0.00,0.000,0.000,300,22,0
idle-player,637.50,3,0.00,0.000,0.000,300,22,0
idle-player,638.00,3,0.00,0.000,0.000,300,22,0
idle-player,638.50,3,0.00,0.000,0.000,300,22,0
idle-player,639.00,3,0.00,0.000,0.000,300,22,0
idle-player,639.50,3,0.00,0.000,0.000,300,22,0
idle-player,640.00,3,0.00,0.000,0.000,300,22,0
idle-player,640.50,3,0.00,0.000,0.000,300,22,0
idle-player,641.00,3,0.00,0.000,0.000,300,22,0
idle-player,641.50,3,0.00,0.000,0.000,300,22,0
idle-player,642.00,3,0.00,0.000,0.000,300,22,0
idle-player,642.50,3,0.00,0.000,0.000,300,22,0
idle-player,643.00,3,0.00,0.000,0.000,300,22,0
idle-player,643.50,3,0.00,0.000,0.000,300,22,0
idle-player,644.00,3,0.00,0.000,0.000,300,22,0
idle-player,644.50,3,0.00,0.000,0.000,300,22,0
idle-player,645.00,3,0.00,0.000,0.000,300,22,0
idle-player,645.50,3,0.00,0.000,0.000,300,22,0
idle-player,646.00,3,0.00,0.000,0.000,300,22,0
idle-player,646.50,3,0.00,0.000,0.000,300,22,0
idle-player,647.00,3,0.00,0.000,0.000,300,22,0
idle-player,647.50,3,0.00,0.000,0.000,300,22,0
idle-player,648.00,3,0.00,0.000,0.000,300,22,0
idle-player,648.50,3,0.00,0.000,0.000,300,22,0
idle-player,649.00,3,0.00,0.000,0.000,300,22,0
idle-player,649.50,3,0.00,0.000,0.000,300,22,0
idle-player,650.00,3,0.00,0.000,0.000,300,22,0
idle-player,650.50,3,0.00,0.000,0.000,300,22,0
idle-player,651.00,3,0.00,0.000,0.000,300,22,0
idle-player,651.50,3,0.00,0.000,0.000,300,22,0
idle-player,652.00,3,0.00,0.000,0.000,300,22,0
idle-player,652.50,3,0.00,0.000,0.000,300,22,0
idle-player,653.00,3,0.00,0.000,0.000,300,22,0
idle-player,653.50,3,0.00,0.000,0.000,300,22,0
idle-player,654.00,3,0.00,0.000,0.000,300,22,0
idle-player,654.50,3,0.00,0.000,0.000,300,22,0
idle-player,655.00,3,0.00,0.000,0.000,300,22,0
idle-player,655.50,3,0.00,0.000,0.000,300,22,0
idle-player,656.00,3,0.00,0.000,0.000,300,22,0
idle-player,656.50,3,0.00,0.000,0.000,300,22,0
idle-player,657.00,3,0.00,0.000,0.000,300,22,0
idle-player,657.50,3,0.00,0.000,0.000,300,22,0
idle-player,658.00,3,0.00,0.000,0.000,300,22,0
idle-player,658.50,3,0.00,0.000,0.000,300,22,0
idle-player,659.00,3,0.00,0.000,0.000,300,22,0
idle-player,659.50,3,0.00,0.000,0.000,300,22,0
idle-player,660.00,3,0.00,0.000,0.000,300,22,0
idle-player,660.50,3,0.00,0.000,0.000,300,22,0
idle-player,661.00,3,0.00,0.000,0.000,300,22,0
idle-player,661.50,3,0.00,0.000,0.000,300,22,0
idle-player,662.00,3,0.00,0.000,0.000,300,22,0
idle-player,662.50,3,0.00,0.000,0.000,300,22,0
idle-player,663.00,3,0.00,0.000,0.000,300,22,0
idle-player,663.50,3,0.00,0.000,0.000,300,22,0
idle-player,664.00,3,0.00,0.000,0.000,300,22,0
idle-player,664.50,3,0.00,0.000,0.000,300,22,0
idle-player,665.00,3,0.00,0.000,0.000,300,22,0
idle-player,665.50,3,0.00,0.000,0.000,300,22,0
idle-player,666.00,3,0.00,0.000,0.000,300,22,0
idle-player,666.50,3,0.00,0.000,0.000,300,22,0
idle-player,667.00,3,0.00,0.000,0.000,300,22,0
idle-player,667.50,3,0.00,0.000,0.000,300,22,0
idle-player,668.00,3,0.00,0.000,0.000,300,22,0
idle-player,668.50,3,0.00,0.000,0.000,300,22,0
idle-player,669.00,3,0.00,0.000,0.000,300,22,0
idle-player,669.50,3,0.00,0.000,0.000,300,22,0
idle-player,670.00,3,0.00,0.000,0.000,300,22,0
idle-player,670.50,3,0.00,0.000,0.000,300,22,0
idle-player,671.00,3,0.00,0.000,0.000,300,22,0
idle-player,671.50,3,0.00,0.000,0.000,300,22,0
idle-player,672.00,3,0.00,0.000,0.000,300,22,0
idle-player,672.50,3,0.00,0.000,0.000,300,22,0
idle-player,673.00,3,0.00,0.000,0.000,300,22,0
idle-player,673.50,3,0.00,0.000,0.000,300,22,0
idle-player,674.00,3,0.00,0.000,0.000,300,22,0
idle-player,674.50,3,0.00,0.000,0.000,300,22,0
idle-player,675.00,3,0.00,0.000,0.000,300,22,0
idle-player,675.50,3,0.00,0.000,0.000,300,22,0
idle-player,676.00,3,0.00,0.000,0.000,300,22,0
idle-player,676.50,3,0.00,0.000,0.000,300,22,0
idle-player,677.00,3,0.00,0.000,0.000,300,22,0
idle-player,677.50,3,0.00,0.000,0.000,300,22,0
idle-player,678.00,3,0.00,0.000,0.000,300,22,0
idle-player,678.50,3,0.00,0.000,0.000,300,22,0
idle-player,679.00,3,0.00,0.000,0.000,300,22,0
idle-player,679.50,3,0.00,0.000,0.000,300,22,0
idle-player,680.00,3,0.00,0.000,0.000,300,22,0
idle-player,680.50,3,0.00,0.000,0.000,300,22,0
idle-player,681.00,3,0.00,0.000,0.000,300,22,0
idle-player,681.50,3,0.00,0.000,0.000,300,22,0
idle-player,682.00,3,0.00,0.000,0.000,300,22,0
idle-player,682.50,3,0.00,0.000,0.000,300,22,0
idle-player,683.00,3,0.00,0.000,0.000,300,22,0
idle-player,683.50,3,0.00,0.000,0.000,300,22,0
idle-player,684.00,3,0.00,0.000,0.000,300,22,0
idle-player,684.50,3,0.00,0.000,0.000,300,22,0
idle-player,685.00,3,0.00,0.000,0.000,300,22,0
idle-player,685.50,3,0.00,0.000,0.000,300,22,0
idle-player,686.00,3,0.00,0.000,0.000,300,22,0
idle-player,686.50,3,0.00,0.000,0.000,300,22,0
idle-player,687.00,3,0.00,0.000,0.000,300,22,0
idle-player,687.50,3,0.00,0.000,0.000,300,22,0
idle-player,688.00,3,0.00,0.000,0.000,300,22,0
idle-player,688.50,3,0.00,0.000,0.000,300,22,0
idle-player,689.00,3,0.00,0.000,0.000,300,22,0
idle-player,689.50,3,0.00,0.000,0.000,300,22,0
idle-player,690.00,3,0.00,0.000,0.000,300,22,0
idle-player,690.50,3,0.00,0.000,0.000,300,22,0
idle-player,691.00,3,0.00,0.000,0.000,300,22,0
idle-player,691.50,3,0.00,0.000,0.000,300,22,0
idle-player,692.00,3,0.00,0.000,0.000,300,22,0
idle-player,692.50,3,0.00,0.000,0.000,300,22,0
idle-player,693.00,3,0.00,0.000,0.000,300,22,0
idle-player,693.50,3,0.00,0.000,0.000,300,22,0
idle-player,694.00,3,0.00,0.000,0.000,300,22,0
idle-player,694.50,3,0.00,0.000,0.000,300,22,0
idle-player,695.00,3,0.00,0.000,0.000,300,22,0
idle-player,695.50,3,0.00,0.000,0.000,300,22,0
idle-player,696.00,3,0.00,0.000,0.000,300,22,0
idle-player,696.50,3,0.00,0.000,0.000,300,22,0
idle-player,697.00,3,0.00,0.000,0.000,300,22,0
idle-player,697.50,3,0.00,0.000,0.000,300,22,0
idle-player,698.00,3,0.00,0.000,0.000,300,22,0
idle-player,698.50,3,0.00,0.000,0.000,300,22,0
idle-player,699.00,3,0.00,0.000,0.000,300,22,0
idle-player,699.50,3,0.00,0.000,0.000,300,22,0
idle-player,700.00,3,0.00,0.000,0.000,300,22,0
idle-player,700.50,3,0.00,0.000,0.000,300,22,0
idle-player,701.00,3,0.00,0.000,0.000,300,22,0
idle-player,701.50,3,0.00,0.000,0.000,300,22,0
idle-player,702.00,3,0.00,0.000,0.000,300,22,0
idle-player,702.50,3,0.00,0.000,0.000,300,22,0
idle-player,703.00,3,0.00,0.000,0.000,300,22,0
idle-player,703.50,3,0.00,0.000,0.000,300,22,0
idle-player,704.00,3,0.00,0.000,0.000,300,22,0
idle-player,704.50,3,0.00,0.000,0.000,300,22,0
idle-player,705.00,3,0.00,0.000,0.000,300,22,0
idle-player,705.50,3,0.00,0.000,0.000,300,22,0
idle-player,706.00,3,0.00,0.000,0.000,300,22,0
idle-player,706.50,3,0.00,0.000,0.000,300,22,0
idle-player,707.00,3,0.00,0.000,0.000,300,22,0
idle-player,707.50,3,0.00,0.000,0.000,300,22,0
idle-player,708.00,3,0.00,0.000,0.000,300,22,0
idle-player,708.50,3,0.00,0.000,0.000,300,22,0
idle-player,709.00,3,0.00,0.000,0.000,300,22,0
idle-player,709.50,3,0.00,0.000,0.000,300,22,0
idle-player,710.00,3,0.00,0.000,0.000,300,22,0
idle-player,710.50,3,0.00,0.000,0.000,300,22,0
idle-player,711.00,3,0.00,0.000,0.000,300,22,0
idle-player,711.50,3,0.00,0.000,0.000,300,22,0
idle-player,712.00,3,0.00,0.000,0.000,300,22,0
idle-player,712.50,3,0.00,0.000,0.000,300,22,0
idle-player,713.00,3,0.00,0.000,0.000,300,22,0
idle-player,713.50,3,0.00,0.000,0.000,300,22,0
idle-player,714.00,3,0.00,0.000,0.000,300,22,0
idle-player,714.50,3,0.00,0.000,0.000,300,22,0
idle-player,715.00,3,0.00,0.000,0.000,300,22,0
idle-player,715.50,3,0.00,0.000,0.000,300,22,0
idle-player,716.00,3,0.00,0.000,0.000,300,22,0
idle-player,716.50,3,0.00,0.000,0.000,300,22,0
idle-player,717.00,3,0.00,0.000,0.000,300,22,0
idle-player,717.50,3,0.00,0.000,0.000,300,22,0
idle-player,718.00,3,0.00,0.000,0.000,300,22,0
idle-player,718.50,3,0.00,0.000,0.000,300,22,0
idle-player,719.00,3,0.00,0.000,0.000,300,22,0
idle-player,719.50,3,0.00,0.000,0.000,300,22,0
